####
#
# OBJ File Generated by Meshlab
#
####
# Object body_shoulder_display_cut.obj
#
# Vertices: 6906
# Faces: 12
#
####
mtllib ./body_shoulder_display_cut.obj.mtl

vn 0.0000000 0.0000000 1.0000000
v 0.1002770 0.2863460 -0.0975000
vn 0.0000000 0.0000000 1.0000000
v 0.1003760 0.2863530 -0.0975000
vn 0.0000000 0.0000000 1.0000000
v 0.0915170 0.4130440 -0.0975000
vn -0.0705642 0.9975073 0.0000000
v 0.1002770 0.2863460 0.0975000
vn -0.0705642 0.9975073 0.0000000
v 0.1003760 0.2863530 0.0975000
vn -0.0705642 0.9975073 0.0000000
v 0.1003760 0.2863530 -0.0975000
vn -0.0705642 0.9975073 0.0000000
v 0.1002770 0.2863460 -0.0975000
vn 0.0705642 -0.9975073 0.0000000
v 0.0914180 0.4130370 -0.0975000
vn 0.0705642 -0.9975073 0.0000000
v 0.0915170 0.4130440 -0.0975000
vn 0.0705642 -0.9975073 0.0000000
v 0.0915170 0.4130440 0.0975000
vn 0.0000000 0.0000000 1.0000000
v 0.0914180 0.4130370 -0.0975000
vn 0.0000000 0.0000000 -1.0000000
v 0.0914180 0.4130370 0.0975000
vn 0.0000000 0.0000000 -1.0000000
v 0.0915170 0.4130440 0.0975000
vn 0.0000000 0.0000000 -1.0000000
v 0.1003760 0.2863530 0.0975000
vn 0.0705642 -0.9975073 0.0000000
v 0.0914180 0.4130370 0.0975000
vn 0.0000000 0.0000000 -1.0000000
v 0.1002770 0.2863460 0.0975000
vn 0.0000000 0.0000000 0.0000000
v -0.0600690 0.5818540 0.0119460
vn 0.0000000 0.0000000 0.0000000
v -0.0593780 0.5833030 0.0210190
vn 0.0000000 0.0000000 0.0000000
v -0.0593780 0.5833030 0.0126410
vn 0.0000000 0.0000000 0.0000000
v -0.0593780 0.5833030 0.0126410
vn 0.0000000 0.0000000 0.0000000
v -0.0593780 0.5833030 0.0210190
vn 0.0000000 0.0000000 0.0000000
v -0.0594420 0.5820970 0.0112510
vn 0.0000000 0.0000000 0.0000000
v -0.0600690 0.5818540 0.0119460
vn 0.0000000 0.0000000 0.0000000
v -0.0593780 0.5833030 0.0126410
vn 0.0000000 0.0000000 0.0000000
v -0.0589960 0.5833790 0.0119560
vn 0.0000000 0.0000000 0.0000000
v -0.0593780 0.5833030 0.0126410
vn 0.0000000 0.0000000 0.0000000
v -0.0581530 0.5849110 0.0132090
vn 0.0000000 0.0000000 0.0000000
v -0.0589960 0.5833790 0.0119560
vn 0.0000000 0.0000000 0.0000000
v -0.0595450 0.5829550 0.0208080
vn 0.0000000 0.0000000 0.0000000
v -0.0597100 0.5826080 0.0205989
vn 0.0000000 0.0000000 0.0000000
v -0.0605380 0.5808590 0.0111730
vn 0.0000000 0.0000000 0.0000000
v -0.0607260 0.5804580 0.0193300
vn 0.0000000 0.0000000 0.0000000
v -0.0617210 0.5783130 -0.0181230
vn 0.0000000 0.0000000 0.0000000
v -0.0617210 0.5783130 0.0181230
vn 0.0000000 0.0000000 0.0000000
v -0.0615070 0.5774790 0.0203250
vn 0.0000000 0.0000000 0.0000000
v -0.0617210 0.5783130 0.0181230
vn 0.0000000 0.0000000 0.0000000
v -0.0609060 0.5800730 0.0095000
vn 0.0000000 0.0000000 0.0000000
v -0.0608070 0.5802850 0.0103840
vn 0.0000000 0.0000000 0.0000000
v -0.0618270 0.5780830 -0.0167360
vn 0.0000000 0.0000000 0.0000000
v -0.0618480 0.5780370 0.0166230
vn 0.0000000 0.0000000 0.0000000
v -0.0617340 0.5780960 0.0181160
vn 0.0000000 0.0000000 0.0000000
v -0.0617210 0.5783130 0.0181230
vn 0.0000000 0.0000000 0.0000000
v -0.0618480 0.5780370 0.0166230
vn 0.0000000 0.0000000 0.0000000
v -0.0613710 0.5769300 0.0205910
vn 0.0000000 0.0000000 0.0000000
v -0.0615070 0.5774790 0.0203250
vn 0.0000000 0.0000000 0.0000000
v -0.0617210 0.5783130 0.0181230
vn 0.0000000 0.0000000 0.0000000
v -0.0617340 0.5780960 0.0181160
vn 0.0000000 0.0000000 0.0000000
v -0.0623190 0.5770050 -0.0152480
vn 0.0000000 0.0000000 0.0000000
v -0.0623320 0.5769760 0.0152230
vn 0.0000000 0.0000000 0.0000000
v -0.0621720 0.5770740 0.0156420
vn 0.0000000 0.0000000 0.0000000
v -0.0623320 0.5769760 0.0152230
vn 0.0000000 0.0000000 0.0000000
v -0.0633280 0.5747620 -0.0144500
vn 0.0000000 0.0000000 0.0000000
v -0.0633280 0.5747620 0.0144500
vn 0.0000000 0.0000000 0.0000000
v -0.0633280 0.5747620 0.0144500
vn 0.0000000 0.0000000 0.0000000
v -0.0638700 0.5735380 -0.0146670
vn 0.0000000 0.0000000 0.0000000
v -0.0638590 0.5735620 0.0146570
vn 0.0000000 0.0000000 0.0000000
v -0.0642810 0.5726010 -0.0151820
vn 0.0000000 0.0000000 0.0000000
v -0.0642810 0.5726010 0.0151820
vn 0.0000000 0.0000000 0.0000000
v -0.0633280 0.5747620 0.0144500
vn 0.0000000 0.0000000 0.0000000
v -0.0638590 0.5735620 0.0146570
vn 0.0000000 0.0000000 0.0000000
v -0.0642810 0.5726010 0.0151820
vn 0.0000000 0.0000000 0.0000000
v -0.0704490 0.5574790 -0.0090860
vn 0.0000000 0.0000000 0.0000000
v -0.0705660 0.5571690 0.0089840
vn 0.0000000 0.0000000 0.0000000
v -0.0644870 0.5717420 0.0161490
vn 0.0000000 0.0000000 0.0000000
v -0.0642810 0.5726010 0.0151820
vn 0.0000000 0.0000000 0.0000000
v -0.0705660 0.5571690 0.0089840
vn 0.0000000 0.0000000 0.0000000
v -0.0641799 0.5726730 0.0153330
vn 0.0000000 0.0000000 0.0000000
v -0.0642810 0.5726010 0.0151820
vn 0.0000000 0.0000000 0.0000000
v -0.0644870 0.5717420 0.0161490
vn 0.0000000 0.0000000 0.0000000
v -0.0641799 0.5726730 0.0153330
vn 0.0000000 0.0000000 0.0000000
v -0.0755330 0.5430890 -0.0052839
vn 0.0000000 0.0000000 0.0000000
v -0.0756710 0.5426680 0.0051990
vn 0.0000000 0.0000000 0.0000000
v -0.0710420 0.5543090 0.0105350
vn 0.0000000 0.0000000 0.0000000
v -0.0756710 0.5426680 0.0051990
vn 0.0000000 0.0000000 0.0000000
v -0.0642910 0.5713130 0.0170529
vn 0.0000000 0.0000000 0.0000000
v -0.0641270 0.5712070 0.0174320
vn 0.0000000 0.0000000 0.0000000
v -0.0552050 0.2473450 0.1046260
vn 0.0000000 0.0000000 0.0000000
v -0.0552050 0.2473450 0.1061960
vn 0.0000000 0.0000000 0.0000000
v -0.0554560 0.2471840 0.1061960
vn 0.0000000 0.0000000 0.0000000
v -0.0796190 0.5296660 -0.0032910
vn 0.0000000 0.0000000 0.0000000
v -0.0797080 0.5293490 0.0032610
vn 0.0000000 0.0000000 0.0000000
v -0.0772720 0.5361670 0.0061350
vn 0.0000000 0.0000000 0.0000000
v -0.0797080 0.5293490 0.0032610
vn 0.0000000 0.0000000 0.0000000
v -0.0828420 0.5173080 -0.0027000
vn 0.0000000 0.0000000 0.0000000
v -0.0828420 0.5173080 0.0027000
vn 0.0000000 0.0000000 0.0000000
v -0.0828420 0.5173080 0.0027000
vn 0.0000000 0.0000000 0.0000000
v -0.0835580 0.5142660 -0.0027000
vn 0.0000000 0.0000000 0.0000000
v -0.0835580 0.5142660 0.0027000
vn 0.0000000 0.0000000 0.0000000
v -0.0828150 0.5109010 0.0062360
vn 0.0000000 0.0000000 0.0000000
v -0.0828420 0.5173080 0.0027000
vn 0.0000000 0.0000000 0.0000000
v -0.0835580 0.5142660 0.0027000
vn 0.0000000 0.0000000 0.0000000
v -0.0825090 0.5172280 0.0045180
vn 0.0000000 0.0000000 0.0000000
v -0.0825090 0.5172280 0.0045180
vn 0.0000000 0.0000000 0.0000000
v -0.0842450 0.5112160 -0.0027000
vn 0.0000000 0.0000000 0.0000000
v -0.0842450 0.5112160 0.0027000
vn 0.0000000 0.0000000 0.0000000
v -0.0842450 0.5112160 0.0027000
vn 0.0000000 0.0000000 0.0000000
v -0.0872040 0.4961410 -0.0041320
vn 0.0000000 0.0000000 0.0000000
v -0.0868500 0.4981590 0.0037720
vn 0.0000000 0.0000000 0.0000000
v -0.0828150 0.5109010 0.0062360
vn 0.0000000 0.0000000 0.0000000
v -0.0842450 0.5112160 0.0027000
vn 0.0000000 0.0000000 0.0000000
v -0.0868500 0.4981590 0.0037720
vn 0.0000000 0.0000000 0.0000000
v -0.0873920 0.4950440 0.0043499
vn 0.0000000 0.0000000 0.0000000
v -0.0873920 0.4950440 0.0043499
vn 0.0000000 0.0000000 0.0000000
v -0.0898070 0.4780940 -0.0098030
vn 0.0000000 0.0000000 0.0000000
v -0.0898070 0.4780940 0.0098030
vn 0.0000000 0.0000000 0.0000000
v -0.0860080 0.4948390 0.0078860
vn 0.0000000 0.0000000 0.0000000
v -0.0898070 0.4780940 0.0098030
vn 0.0000000 0.0000000 0.0000000
v -0.0875029 0.4943830 -0.0044880
vn 0.0000000 0.0000000 0.0000000
v -0.0912580 0.4623330 -0.0184530
vn 0.0000000 0.0000000 0.0000000
v -0.0911410 0.4639960 0.0173760
vn 0.0000000 0.0000000 0.0000000
v -0.0896950 0.4646860 0.0209880
vn 0.0000000 0.0000000 0.0000000
v -0.0898070 0.4780940 0.0098030
vn 0.0000000 0.0000000 0.0000000
v -0.0911410 0.4639960 0.0173760
vn 0.0000000 0.0000000 0.0000000
v -0.0882710 0.4793360 0.0129520
vn 0.0000000 0.0000000 0.0000000
v -0.0882710 0.4793360 0.0129520
vn 0.0000000 0.0000000 0.0000000
v -0.0912370 0.4626510 0.0182450
vn 0.0000000 0.0000000 0.0000000
v -0.0912370 0.4626510 0.0182450
vn 0.0000000 0.0000000 0.0000000
v -0.0903960 0.4514890 0.0312620
vn 0.0000000 0.0000000 0.0000000
v -0.0918930 0.4491440 0.0287000
vn 0.0000000 0.0000000 0.0000000
v -0.0904270 0.4491030 0.0322379
vn 0.0000000 0.0000000 0.0000000
v -0.0903960 0.4514890 0.0312620
vn 0.0000000 0.0000000 0.0000000
v -0.0918930 0.4491440 0.0287000
vn 0.0000000 0.0000000 0.0000000
v -0.0475320 0.2471740 0.1134840
vn 0.0000000 0.0000000 0.0000000
v -0.0475320 0.2473450 0.1132050
vn 0.0000000 0.0000000 0.0000000
v -0.0457690 0.2473450 0.1132050
vn 0.0000000 0.0000000 0.0000000
v -0.0547440 0.2629150 0.1128410
vn 0.0000000 0.0000000 0.0000000
v -0.0546390 0.2566780 0.1129120
vn 0.0000000 0.0000000 0.0000000
v -0.0548550 0.2566620 0.1127270
vn 0.0000000 0.0000000 0.0000000
v -0.0900410 0.4046310 0.0814190
vn 0.0000000 0.0000000 0.0000000
v -0.0890970 0.3958070 0.0829920
vn 0.0000000 0.0000000 0.0000000
v -0.0890170 0.3966020 0.0881570
vn 0.0000000 0.0000000 0.0000000
v -0.0890970 0.3958070 0.0829920
vn 0.0000000 0.0000000 0.0000000
v -0.0890000 0.3950860 0.0835980
vn 0.0000000 0.0000000 0.0000000
v -0.0887660 0.3988660 0.0920890
vn 0.0000000 0.0000000 0.0000000
v -0.0873530 0.4030960 0.0991980
vn 0.0000000 0.0000000 0.0000000
v -0.0875980 0.4074020 0.0969850
vn 0.0000000 0.0000000 0.0000000
v -0.0897170 0.4030890 0.0848370
vn 0.0000000 0.0000000 0.0000000
v -0.0875980 0.4074020 0.0969850
vn 0.0000000 0.0000000 0.0000000
v -0.0912580 0.4623330 -0.0184530
vn 0.0000000 0.0000000 0.0000000
v -0.0896960 0.4646850 -0.0209870
vn 0.0000000 0.0000000 0.0000000
v -0.0898070 0.4780940 -0.0098030
vn 0.0000000 0.0000000 0.0000000
v -0.0860060 0.4948390 -0.0078880
vn 0.0000000 0.0000000 0.0000000
v -0.0898070 0.4780940 -0.0098030
vn 0.0000000 0.0000000 0.0000000
v -0.0875029 0.4943830 -0.0044880
vn 0.0000000 0.0000000 0.0000000
v -0.0882710 0.4793360 -0.0129520
vn 0.0000000 0.0000000 0.0000000
v -0.0882710 0.4793360 -0.0129520
vn 0.0000000 0.0000000 0.0000000
v -0.0828150 0.5109010 -0.0062360
vn 0.0000000 0.0000000 0.0000000
v -0.0872040 0.4961410 -0.0041320
vn 0.0000000 0.0000000 0.0000000
v -0.0842450 0.5112160 -0.0027000
vn 0.0000000 0.0000000 0.0000000
v -0.0825090 0.5172280 -0.0045180
vn 0.0000000 0.0000000 0.0000000
v -0.0842450 0.5112160 -0.0027000
vn 0.0000000 0.0000000 0.0000000
v -0.0835580 0.5142660 -0.0027000
vn 0.0000000 0.0000000 0.0000000
v -0.0814180 0.5169660 -0.0062360
vn 0.0000000 0.0000000 0.0000000
v -0.0828150 0.5109010 -0.0062360
vn 0.0000000 0.0000000 0.0000000
v -0.0828420 0.5173080 -0.0027000
vn 0.0000000 0.0000000 0.0000000
v -0.0825090 0.5172280 -0.0045180
vn 0.0000000 0.0000000 0.0000000
v -0.0828420 0.5173080 -0.0027000
vn 0.0000000 0.0000000 0.0000000
v -0.0796190 0.5296660 -0.0032910
vn 0.0000000 0.0000000 0.0000000
v -0.0772760 0.5361550 -0.0061330
vn 0.0000000 0.0000000 0.0000000
v -0.0755330 0.5430890 -0.0052839
vn 0.0000000 0.0000000 0.0000000
v -0.0710510 0.5542840 -0.0105269
vn 0.0000000 0.0000000 0.0000000
v -0.0704490 0.5574790 -0.0090860
vn 0.0000000 0.0000000 0.0000000
v -0.0644740 0.5716430 -0.0163129
vn 0.0000000 0.0000000 0.0000000
v -0.0642810 0.5726010 -0.0151820
vn 0.0000000 0.0000000 0.0000000
v -0.0632480 0.5747260 -0.0146620
vn 0.0000000 0.0000000 0.0000000
v -0.0642810 0.5726010 -0.0151820
vn 0.0000000 0.0000000 0.0000000
v -0.0638700 0.5735380 -0.0146670
vn 0.0000000 0.0000000 0.0000000
v -0.0641960 0.5718200 -0.0163849
vn 0.0000000 0.0000000 0.0000000
v -0.0644740 0.5716430 -0.0163129
vn 0.0000000 0.0000000 0.0000000
v -0.0642810 0.5726010 -0.0151820
vn 0.0000000 0.0000000 0.0000000
v -0.0641799 0.5726730 -0.0153330
vn 0.0000000 0.0000000 0.0000000
v -0.0641799 0.5726730 -0.0153330
vn 0.0000000 0.0000000 0.0000000
v -0.0633280 0.5747620 -0.0144500
vn 0.0000000 0.0000000 0.0000000
v -0.0632480 0.5747260 -0.0146620
vn 0.0000000 0.0000000 0.0000000
v -0.0633280 0.5747620 -0.0144500
vn 0.0000000 0.0000000 0.0000000
v -0.0623190 0.5770050 -0.0152480
vn 0.0000000 0.0000000 0.0000000
v -0.0621720 0.5770740 -0.0156420
vn 0.0000000 0.0000000 0.0000000
v -0.0618270 0.5780830 -0.0167360
vn 0.0000000 0.0000000 0.0000000
v -0.0617210 0.5783130 -0.0181230
vn 0.0000000 0.0000000 0.0000000
v -0.0608140 0.5802700 -0.0103520
vn 0.0000000 0.0000000 0.0000000
v -0.0607260 0.5804590 -0.0193300
vn 0.0000000 0.0000000 0.0000000
v -0.0613750 0.5771380 -0.0207050
vn 0.0000000 0.0000000 0.0000000
v -0.0617210 0.5783130 -0.0181230
vn 0.0000000 0.0000000 0.0000000
v -0.0607260 0.5804590 -0.0193300
vn 0.0000000 0.0000000 0.0000000
v -0.0609060 0.5800730 -0.0095000
vn 0.0000000 0.0000000 0.0000000
v -0.0617010 0.5780260 -0.0181140
vn 0.0000000 0.0000000 0.0000000
v -0.0617210 0.5783130 -0.0181230
vn 0.0000000 0.0000000 0.0000000
v -0.0613750 0.5771380 -0.0207050
vn 0.0000000 0.0000000 0.0000000
v -0.0617010 0.5780260 -0.0181140
vn 0.0000000 0.0000000 0.0000000
v -0.0600300 0.5819350 -0.0119949
vn 0.0000000 0.0000000 0.0000000
v -0.0597100 0.5826080 -0.0205989
vn 0.0000000 0.0000000 0.0000000
v -0.0597100 0.5826080 -0.0205989
vn 0.0000000 0.0000000 0.0000000
v -0.0605169 0.5809030 -0.0112179
vn 0.0000000 0.0000000 0.0000000
v -0.0593780 0.5833030 -0.0126410
vn 0.0000000 0.0000000 0.0000000
v -0.0595430 0.5829570 -0.0208099
vn 0.0000000 0.0000000 0.0000000
v -0.0591830 0.5816920 -0.0234880
vn 0.0000000 0.0000000 0.0000000
v -0.0597100 0.5826080 -0.0205989
vn 0.0000000 0.0000000 0.0000000
v -0.0595430 0.5829570 -0.0208099
vn 0.0000000 0.0000000 0.0000000
v -0.0595119 0.5809990 -0.0230660
vn 0.0000000 0.0000000 0.0000000
v -0.0595119 0.5809990 -0.0230660
vn 0.0000000 0.0000000 0.0000000
v -0.0593780 0.5833030 -0.0210190
vn 0.0000000 0.0000000 0.0000000
v -0.0593780 0.5833030 -0.0210190
vn 0.0000000 0.0000000 0.0000000
v -0.0581570 0.5849080 -0.0132080
vn 0.0000000 0.0000000 0.0000000
v -0.0593780 0.5833030 -0.0210190
vn 0.0000000 0.0000000 0.0000000
v -0.0593780 0.5833030 -0.0126410
vn 0.0000000 0.0000000 0.0000000
v -0.0572230 0.5849840 -0.0231849
vn 0.0000000 0.0000000 0.0000000
v -0.0591830 0.5816920 -0.0234880
vn 0.0000000 0.0000000 0.0000000
v -0.0593780 0.5833030 -0.0210190
vn 0.0000000 0.0000000 0.0000000
v -0.0578680 0.5851410 -0.0210190
vn 0.0000000 0.0000000 0.0000000
v -0.0578680 0.5851410 -0.0210190
vn 0.0000000 0.0000000 0.0000000
v -0.0589960 0.5833800 -0.0119560
vn 0.0000000 0.0000000 0.0000000
v -0.0593780 0.5833030 -0.0126410
vn 0.0000000 0.0000000 0.0000000
v -0.0600300 0.5819350 -0.0119949
vn 0.0000000 0.0000000 0.0000000
v -0.0589960 0.5833800 -0.0119560
vn 0.0000000 0.0000000 0.0000000
v -0.0581570 0.5849080 -0.0132080
vn 0.0000000 0.0000000 0.0000000
v -0.0593780 0.5833030 -0.0126410
vn 0.0000000 0.0000000 0.0000000
v -0.0594420 0.5820970 -0.0112520
vn 0.0000000 0.0000000 0.0000000
v -0.0605169 0.5809030 -0.0112179
vn 0.0000000 0.0000000 0.0000000
v -0.0597330 0.5810490 -0.0103690
vn 0.0000000 0.0000000 0.0000000
v -0.0608140 0.5802700 -0.0103520
vn 0.0000000 0.0000000 0.0000000
v -0.0609060 0.5800730 -0.0095000
vn 0.0000000 0.0000000 0.0000000
v -0.0597830 0.5806270 0.0095000
vn 0.0000000 0.0000000 0.0000000
v -0.0609060 0.5800730 -0.0095000
vn 0.0000000 0.0000000 0.0000000
v -0.0609060 0.5800730 0.0095000
vn 0.0000000 0.0000000 0.0000000
v -0.0597830 0.5806270 -0.0095000
vn 0.0000000 0.0000000 0.0000000
v -0.0597830 0.5806270 -0.0095000
vn 0.0000000 0.0000000 0.0000000
v -0.0597830 0.5806270 0.0095000
vn 0.0000000 0.0000000 0.0000000
v -0.0609060 0.5800730 0.0095000
vn 0.0000000 0.0000000 0.0000000
v -0.0608070 0.5802850 0.0103840
vn 0.0000000 0.0000000 0.0000000
v -0.0597330 0.5810490 0.0103680
vn 0.0000000 0.0000000 0.0000000
v -0.0605380 0.5808590 0.0111730
vn 0.0000000 0.0000000 0.0000000
v -0.0889050 0.3943680 0.0842000
vn 0.0000000 0.0000000 0.0000000
v -0.0786730 0.3271490 0.0985960
vn 0.0000000 0.0000000 0.0000000
v -0.0889050 0.3943680 0.0842000
vn 0.0000000 0.0000000 0.0000000
v -0.0814140 0.3277280 0.0816670
vn 0.0000000 0.0000000 0.0000000
v -0.0888060 0.3950090 0.0887000
vn 0.0000000 0.0000000 0.0000000
v -0.0890170 0.3966020 0.0881570
vn 0.0000000 0.0000000 0.0000000
v -0.0889050 0.3943680 0.0842000
vn 0.0000000 0.0000000 0.0000000
v -0.0888060 0.3950090 0.0887000
vn 0.0000000 0.0000000 0.0000000
v -0.0782380 0.2880710 0.0800120
vn 0.0000000 0.0000000 0.0000000
v -0.0813440 0.3269620 0.0816280
vn 0.0000000 0.0000000 0.0000000
v -0.0771620 0.2880610 0.0901959
vn 0.0000000 0.0000000 0.0000000
v -0.0784450 0.2914350 0.0813350
vn 0.0000000 0.0000000 0.0000000
v -0.0774970 0.2905580 0.0895120
vn 0.0000000 0.0000000 0.0000000
v -0.0779390 0.2923450 0.0877240
vn 0.0000000 0.0000000 0.0000000
v -0.0783650 0.2930410 0.0846160
vn 0.0000000 0.0000000 0.0000000
v -0.0765450 0.2594830 0.0773040
vn 0.0000000 0.0000000 0.0000000
v -0.0746690 0.2570790 0.0909460
vn 0.0000000 0.0000000 0.0000000
v -0.0765450 0.2594830 0.0773040
vn 0.0000000 0.0000000 0.0000000
v -0.0764850 0.2582870 0.0772210
vn 0.0000000 0.0000000 0.0000000
v -0.0779900 0.2848810 0.0811829
vn 0.0000000 0.0000000 0.0000000
v -0.0738060 0.2583600 0.0942140
vn 0.0000000 0.0000000 0.0000000
v -0.0738060 0.2583600 0.0942140
vn 0.0000000 0.0000000 0.0000000
v -0.0764260 0.2570910 0.0771560
vn 0.0000000 0.0000000 0.0000000
v -0.0734489 0.2564190 0.0940450
vn 0.0000000 0.0000000 0.0000000
v -0.0746690 0.2570790 0.0909460
vn 0.0000000 0.0000000 0.0000000
v -0.0764260 0.2570910 0.0771560
vn 0.0000000 0.0000000 0.0000000
v -0.0761200 0.2564190 0.0771560
vn 0.0000000 0.0000000 0.0000000
v -0.0523060 0.4431400 0.1150830
vn 0.0000000 0.0000000 0.0000000
v -0.0523060 0.4431400 0.1150830
vn 0.0000000 0.0000000 0.0000000
v -0.0640650 0.4431400 0.1075310
vn 0.0000000 0.0000000 0.0000000
v -0.0532610 0.4425750 0.1171850
vn 0.0000000 0.0000000 0.0000000
v -0.0523060 0.4431400 0.1150830
vn 0.0000000 0.0000000 0.0000000
v -0.0640650 0.4431400 0.1075310
vn 0.0000000 0.0000000 0.0000000
v -0.0532610 0.4425750 0.1171850
vn 0.0000000 0.0000000 0.0000000
v -0.0238350 0.4431400 0.1058380
vn 0.0000000 0.0000000 0.0000000
v -0.0696040 0.4431400 0.1021030
vn 0.0000000 0.0000000 0.0000000
v -0.0666860 0.4422840 0.1089600
vn 0.0000000 0.0000000 0.0000000
v -0.0696040 0.4431400 0.1021030
vn 0.0000000 0.0000000 0.0000000
v -0.0534630 0.4422840 0.1176300
vn 0.0000000 0.0000000 0.0000000
v -0.0392900 0.4431400 0.0940710
vn 0.0000000 0.0000000 0.0000000
v -0.0746860 0.4431400 0.0955580
vn 0.0000000 0.0000000 0.0000000
v -0.0770020 0.4422840 0.0971270
vn 0.0000000 0.0000000 0.0000000
v -0.0746860 0.4431400 0.0955580
vn 0.0000000 0.0000000 0.0000000
v -0.0570000 0.4431400 0.0387000
vn 0.0000000 0.0000000 0.0000000
v -0.0570000 0.4431400 0.0465000
vn 0.0000000 0.0000000 0.0000000
v -0.0564100 0.4431400 0.0479180
vn 0.0000000 0.0000000 0.0000000
v -0.0549999 0.4431400 0.0485000
vn 0.0000000 0.0000000 0.0000000
v -0.0530000 0.4431400 0.0485000
vn 0.0000000 0.0000000 0.0000000
v -0.0530000 0.4431400 0.0585000
vn 0.0000000 0.0000000 0.0000000
v -0.0494670 0.4431400 0.0775270
vn 0.0000000 0.0000000 0.0000000
v -0.0766410 0.4427420 0.0955590
vn 0.0000000 0.0000000 0.0000000
v -0.0770020 0.4422840 0.0971270
vn 0.0000000 0.0000000 0.0000000
v -0.0746860 0.4431400 0.0955580
vn 0.0000000 0.0000000 0.0000000
v -0.0562930 0.4428470 0.0465000
vn 0.0000000 0.0000000 0.0000000
v -0.0570000 0.4431400 0.0387000
vn 0.0000000 0.0000000 0.0000000
v -0.0570000 0.4431400 0.0465000
vn 0.0000000 0.0000000 0.0000000
v -0.0562930 0.4428470 0.0387000
vn 0.0000000 0.0000000 0.0000000
v -0.0562930 0.4438350 0.0356200
vn 0.0000000 0.0000000 0.0000000
v -0.0570000 0.4431400 0.0387000
vn 0.0000000 0.0000000 0.0000000
v -0.0562930 0.4428470 0.0387000
vn 0.0000000 0.0000000 0.0000000
v -0.0570000 0.4440130 0.0358770
vn 0.0000000 0.0000000 0.0000000
v -0.0562930 0.4428470 0.0465000
vn 0.0000000 0.0000000 0.0000000
v -0.0570000 0.4431400 0.0465000
vn 0.0000000 0.0000000 0.0000000
v -0.0564100 0.4431400 0.0479180
vn 0.0000000 0.0000000 0.0000000
v -0.0556460 0.4428470 0.0476200
vn 0.0000000 0.0000000 0.0000000
v -0.0549999 0.4431400 0.0485000
vn 0.0000000 0.0000000 0.0000000
v -0.0561200 0.4428470 0.0471460
vn 0.0000000 0.0000000 0.0000000
v -0.0530000 0.4428390 0.0477850
vn 0.0000000 0.0000000 0.0000000
v -0.0549999 0.4431400 0.0485000
vn 0.0000000 0.0000000 0.0000000
v -0.0530000 0.4431400 0.0485000
vn 0.0000000 0.0000000 0.0000000
v -0.0549999 0.4428470 0.0477930
vn 0.0000000 0.0000000 0.0000000
v -0.0549999 0.4428470 0.0477930
vn 0.0000000 0.0000000 0.0000000
v -0.0522930 0.4428470 0.0585000
vn 0.0000000 0.0000000 0.0000000
v -0.0530000 0.4431400 0.0485000
vn 0.0000000 0.0000000 0.0000000
v -0.0530000 0.4431400 0.0585000
vn 0.0000000 0.0000000 0.0000000
v -0.0522860 0.4428400 0.0485000
vn 0.0000000 0.0000000 0.0000000
v -0.0526460 0.4430060 0.0481459
vn 0.0000000 0.0000000 0.0000000
v -0.0530000 0.4431400 0.0485000
vn 0.0000000 0.0000000 0.0000000
v -0.0522860 0.4428400 0.0485000
vn 0.0000000 0.0000000 0.0000000
v -0.0530000 0.4428390 0.0477850
vn 0.0000000 0.0000000 0.0000000
v -0.0522930 0.4428470 0.0585000
vn 0.0000000 0.0000000 0.0000000
v -0.0530000 0.4431400 0.0585000
vn 0.0000000 0.0000000 0.0000000
v -0.0494670 0.4431400 0.0775270
vn 0.0000000 0.0000000 0.0000000
v -0.0487880 0.4428470 0.0773220
vn 0.0000000 0.0000000 0.0000000
v -0.0392900 0.4431400 0.0940710
vn 0.0000000 0.0000000 0.0000000
v -0.0387429 0.4428470 0.0936209
vn 0.0000000 0.0000000 0.0000000
v -0.0540000 0.4410080 0.1188110
vn 0.0000000 0.0000000 0.0000000
v -0.0462150 0.4270400 0.1324570
vn 0.0000000 0.0000000 0.0000000
v -0.0485350 0.4175970 0.1365210
vn 0.0000000 0.0000000 0.0000000
v -0.0431510 0.4279920 0.1327860
vn 0.0000000 0.0000000 0.0000000
v -0.0462150 0.4270400 0.1324570
vn 0.0000000 0.0000000 0.0000000
v -0.0505440 0.4304700 0.1282880
vn 0.0000000 0.0000000 0.0000000
v -0.0492679 0.4263840 0.1318430
vn 0.0000000 0.0000000 0.0000000
v -0.0492679 0.4263840 0.1318430
vn 0.0000000 0.0000000 0.0000000
v -0.0519110 0.4346460 0.1245790
vn 0.0000000 0.0000000 0.0000000
v -0.0529799 0.4378640 0.1216750
vn 0.0000000 0.0000000 0.0000000
v -0.0519110 0.4346460 0.1245790
vn 0.0000000 0.0000000 0.0000000
v -0.0492679 0.4263840 0.1318430
vn 0.0000000 0.0000000 0.0000000
v -0.0505440 0.4304700 0.1282880
vn 0.0000000 0.0000000 0.0000000
v -0.0639750 0.4216670 0.1267500
vn 0.0000000 0.0000000 0.0000000
v -0.0485350 0.4175970 0.1365210
vn 0.0000000 0.0000000 0.0000000
v -0.0492679 0.4263840 0.1318430
vn 0.0000000 0.0000000 0.0000000
v -0.0639750 0.4216670 0.1267500
vn 0.0000000 0.0000000 0.0000000
v -0.0669660 0.4405940 0.1107840
vn 0.0000000 0.0000000 0.0000000
v -0.0519110 0.4346460 0.1245790
vn 0.0000000 0.0000000 0.0000000
v -0.0529799 0.4378640 0.1216750
vn 0.0000000 0.0000000 0.0000000
v -0.0679240 0.4279510 0.1189880
vn 0.0000000 0.0000000 0.0000000
v -0.0679240 0.4279510 0.1189880
vn 0.0000000 0.0000000 0.0000000
v -0.0540000 0.4410080 0.1188110
vn 0.0000000 0.0000000 0.0000000
v -0.0534630 0.4422840 0.1176300
vn 0.0000000 0.0000000 0.0000000
v -0.0540000 0.4410080 0.1188110
vn 0.0000000 0.0000000 0.0000000
v -0.0669660 0.4405940 0.1107840
vn 0.0000000 0.0000000 0.0000000
v -0.0540000 0.4410080 0.1188110
vn 0.0000000 0.0000000 0.0000000
v -0.0785940 0.4409440 0.0969230
vn 0.0000000 0.0000000 0.0000000
v -0.0782860 0.4416100 0.0955580
vn 0.0000000 0.0000000 0.0000000
v -0.0851280 0.4345110 0.0874010
vn 0.0000000 0.0000000 0.0000000
v -0.0785940 0.4409440 0.0969230
vn 0.0000000 0.0000000 0.0000000
v -0.0782860 0.4416100 0.0955580
vn 0.0000000 0.0000000 0.0000000
v -0.0860550 0.4321890 0.0891870
vn 0.0000000 0.0000000 0.0000000
v -0.0891070 0.4303830 0.0758320
vn 0.0000000 0.0000000 0.0000000
v -0.0785270 0.4400090 0.0981580
vn 0.0000000 0.0000000 0.0000000
v -0.0904100 0.4273440 0.0767160
vn 0.0000000 0.0000000 0.0000000
v -0.0761869 0.4151220 0.1178820
vn 0.0000000 0.0000000 0.0000000
v -0.0749290 0.4119720 0.1210100
vn 0.0000000 0.0000000 0.0000000
v -0.0761869 0.4151220 0.1178820
vn 0.0000000 0.0000000 0.0000000
v -0.0630000 0.4149780 0.1306910
vn 0.0000000 0.0000000 0.0000000
v -0.0802720 0.4185240 0.1094400
vn 0.0000000 0.0000000 0.0000000
v -0.0809809 0.4113230 0.1122510
vn 0.0000000 0.0000000 0.0000000
v -0.0809809 0.4113230 0.1122510
vn 0.0000000 0.0000000 0.0000000
v -0.0834100 0.4088750 0.1084750
vn 0.0000000 0.0000000 0.0000000
v -0.0834100 0.4088750 0.1084750
vn 0.0000000 0.0000000 0.0000000
v -0.0847340 0.4072840 0.1059770
vn 0.0000000 0.0000000 0.0000000
v -0.0795720 0.4005070 0.1159990
vn 0.0000000 0.0000000 0.0000000
v -0.0847340 0.4072840 0.1059770
vn 0.0000000 0.0000000 0.0000000
v -0.0745120 0.4021520 0.1223630
vn 0.0000000 0.0000000 0.0000000
v -0.0836270 0.3988500 0.1089040
vn 0.0000000 0.0000000 0.0000000
v -0.0873530 0.4030960 0.0991980
vn 0.0000000 0.0000000 0.0000000
v -0.0865760 0.3972260 0.1012360
vn 0.0000000 0.0000000 0.0000000
v -0.0887660 0.3988660 0.0920890
vn 0.0000000 0.0000000 0.0000000
v -0.0886020 0.3972760 0.0926360
vn 0.0000000 0.0000000 0.0000000
v -0.0887660 0.3988660 0.0920890
vn 0.0000000 0.0000000 0.0000000
v -0.0886020 0.3972760 0.0926360
vn 0.0000000 0.0000000 0.0000000
v -0.0883450 0.3956940 0.0931690
vn 0.0000000 0.0000000 0.0000000
v -0.0904100 0.4273440 0.0767160
vn 0.0000000 0.0000000 0.0000000
v -0.0802720 0.4185240 0.1094400
vn 0.0000000 0.0000000 0.0000000
v -0.0892520 0.4119470 0.0884890
vn 0.0000000 0.0000000 0.0000000
v -0.0893760 0.4044170 0.0884859
vn 0.0000000 0.0000000 0.0000000
v -0.0891990 0.4061070 0.0897240
vn 0.0000000 0.0000000 0.0000000
v -0.0890800 0.4081700 0.0901820
vn 0.0000000 0.0000000 0.0000000
v -0.0890660 0.4095990 0.0899850
vn 0.0000000 0.0000000 0.0000000
v -0.0891180 0.4108120 0.0894490
vn 0.0000000 0.0000000 0.0000000
v -0.0785270 0.4400090 0.0981580
vn 0.0000000 0.0000000 0.0000000
v -0.0860550 0.4321890 0.0891870
vn 0.0000000 0.0000000 0.0000000
v -0.0729990 0.4403210 0.1050520
vn 0.0000000 0.0000000 0.0000000
v -0.0785270 0.4400090 0.0981580
vn 0.0000000 0.0000000 0.0000000
v -0.0729990 0.4403210 0.1050520
vn 0.0000000 0.0000000 0.0000000
v -0.0785270 0.4400090 0.0981580
vn 0.0000000 0.0000000 0.0000000
v -0.0901080 0.4081000 0.0806350
vn 0.0000000 0.0000000 0.0000000
v -0.0903330 0.4080880 0.0800640
vn 0.0000000 0.0000000 0.0000000
v -0.0900410 0.4046310 0.0814190
vn 0.0000000 0.0000000 0.0000000
v -0.0900880 0.4112820 0.0819680
vn 0.0000000 0.0000000 0.0000000
v -0.0903050 0.4117450 0.0816520
vn 0.0000000 0.0000000 0.0000000
v -0.0903330 0.4080880 0.0800640
vn 0.0000000 0.0000000 0.0000000
v -0.0901080 0.4081000 0.0806350
vn 0.0000000 0.0000000 0.0000000
v -0.0897990 0.4050030 0.0819690
vn 0.0000000 0.0000000 0.0000000
v -0.0897170 0.4030890 0.0848370
vn 0.0000000 0.0000000 0.0000000
v -0.0894689 0.4037770 0.0850750
vn 0.0000000 0.0000000 0.0000000
v -0.0893760 0.4044170 0.0884859
vn 0.0000000 0.0000000 0.0000000
v -0.0891310 0.4051020 0.0881340
vn 0.0000000 0.0000000 0.0000000
v -0.0891990 0.4061070 0.0897240
vn 0.0000000 0.0000000 0.0000000
v -0.0890800 0.4081700 0.0901820
vn 0.0000000 0.0000000 0.0000000
v -0.0888700 0.4081630 0.0893650
vn 0.0000000 0.0000000 0.0000000
v -0.0890800 0.4081700 0.0901820
vn 0.0000000 0.0000000 0.0000000
v -0.0890660 0.4095990 0.0899850
vn 0.0000000 0.0000000 0.0000000
v -0.0888700 0.4081630 0.0893650
vn 0.0000000 0.0000000 0.0000000
v -0.0891180 0.4108120 0.0894490
vn 0.0000000 0.0000000 0.0000000
v -0.0890070 0.4111820 0.0881320
vn 0.0000000 0.0000000 0.0000000
v -0.0892520 0.4119470 0.0884890
vn 0.0000000 0.0000000 0.0000000
v -0.0895150 0.4128880 0.0868720
vn 0.0000000 0.0000000 0.0000000
v -0.0895780 0.4125050 0.0851300
vn 0.0000000 0.0000000 0.0000000
v -0.0899110 0.4131220 0.0844950
vn 0.0000000 0.0000000 0.0000000
v -0.0385510 0.2575210 0.1294170
vn 0.0000000 0.0000000 0.0000000
v -0.0216160 0.2581760 0.1321520
vn 0.0000000 0.0000000 0.0000000
v -0.0266459 0.3300690 0.1366010
vn 0.0000000 0.0000000 0.0000000
v -0.0385510 0.2575210 0.1294170
vn 0.0000000 0.0000000 0.0000000
v -0.0215390 0.2576390 0.1321170
vn 0.0000000 0.0000000 0.0000000
v -0.0216160 0.2581760 0.1321520
vn 0.0000000 0.0000000 0.0000000
v -0.0441040 0.4005330 0.1383450
vn 0.0000000 0.0000000 0.0000000
v -0.0345820 0.4017850 0.1392210
vn 0.0000000 0.0000000 0.0000000
v -0.0435230 0.3286510 0.1338520
vn 0.0000000 0.0000000 0.0000000
v -0.0441040 0.4005330 0.1383450
vn 0.0000000 0.0000000 0.0000000
v -0.0469300 0.4078790 0.1381330
vn 0.0000000 0.0000000 0.0000000
v -0.0214640 0.2571010 0.1320910
vn 0.0000000 0.0000000 0.0000000
v -0.0352330 0.2570720 0.1303460
vn 0.0000000 0.0000000 0.0000000
v -0.0214640 0.2564190 0.1317850
vn 0.0000000 0.0000000 0.0000000
v -0.0214640 0.2571010 0.1320910
vn 0.0000000 0.0000000 0.0000000
v -0.0352330 0.2570720 0.1303460
vn 0.0000000 0.0000000 0.0000000
v -0.0708679 0.3271160 0.1138770
vn 0.0000000 0.0000000 0.0000000
v -0.0859420 0.3957930 0.1025070
vn 0.0000000 0.0000000 0.0000000
v -0.0883450 0.3956940 0.0931690
vn 0.0000000 0.0000000 0.0000000
v -0.0659820 0.2576180 0.1094760
vn 0.0000000 0.0000000 0.0000000
v -0.0587580 0.3276330 0.1260230
vn 0.0000000 0.0000000 0.0000000
v -0.0765220 0.3966530 0.1192300
vn 0.0000000 0.0000000 0.0000000
v -0.0819600 0.3961160 0.1112840
vn 0.0000000 0.0000000 0.0000000
v -0.0538360 0.2573290 0.1216040
vn 0.0000000 0.0000000 0.0000000
v -0.0619849 0.3983000 0.1316820
vn 0.0000000 0.0000000 0.0000000
v -0.0697950 0.3973890 0.1260990
vn 0.0000000 0.0000000 0.0000000
v -0.0533320 0.3993590 0.1358060
vn 0.0000000 0.0000000 0.0000000
v -0.0462330 0.2570590 0.1262130
vn 0.0000000 0.0000000 0.0000000
v -0.0538360 0.2573290 0.1216040
vn 0.0000000 0.0000000 0.0000000
v -0.0571690 0.2570560 0.1189460
vn 0.0000000 0.0000000 0.0000000
v -0.0659820 0.2576180 0.1094760
vn 0.0000000 0.0000000 0.0000000
v -0.0679160 0.2570650 0.1065430
vn 0.0000000 0.0000000 0.0000000
v -0.0776330 0.2830990 0.0845470
vn 0.0000000 0.0000000 0.0000000
v -0.0773910 0.2833120 0.0866830
vn 0.0000000 0.0000000 0.0000000
v -0.0771800 0.2843710 0.0885390
vn 0.0000000 0.0000000 0.0000000
v -0.0770850 0.2860570 0.0897710
vn 0.0000000 0.0000000 0.0000000
v -0.0865760 0.3972260 0.1012360
vn 0.0000000 0.0000000 0.0000000
v -0.0883450 0.3956940 0.0931690
vn 0.0000000 0.0000000 0.0000000
v -0.0859420 0.3957930 0.1025070
vn 0.0000000 0.0000000 0.0000000
v -0.0883450 0.3956940 0.0931690
vn 0.0000000 0.0000000 0.0000000
v -0.0836270 0.3988500 0.1089040
vn 0.0000000 0.0000000 0.0000000
v -0.0819600 0.3961160 0.1112840
vn 0.0000000 0.0000000 0.0000000
v -0.0795720 0.4005070 0.1159990
vn 0.0000000 0.0000000 0.0000000
v -0.0765220 0.3966530 0.1192300
vn 0.0000000 0.0000000 0.0000000
v -0.0745120 0.4021520 0.1223630
vn 0.0000000 0.0000000 0.0000000
v -0.0697950 0.3973890 0.1260990
vn 0.0000000 0.0000000 0.0000000
v -0.0619849 0.3983000 0.1316820
vn 0.0000000 0.0000000 0.0000000
v -0.0618830 0.4052490 0.1323790
vn 0.0000000 0.0000000 0.0000000
v -0.0533320 0.3993590 0.1358060
vn 0.0000000 0.0000000 0.0000000
v -0.0469300 0.4078790 0.1381330
vn 0.0000000 0.0000000 0.0000000
v -0.0780150 0.2880870 0.0806290
vn 0.0000000 0.0000000 0.0000000
v -0.0782380 0.2880710 0.0800120
vn 0.0000000 0.0000000 0.0000000
v -0.0779900 0.2848810 0.0811829
vn 0.0000000 0.0000000 0.0000000
v -0.0782290 0.2912350 0.0819210
vn 0.0000000 0.0000000 0.0000000
v -0.0784450 0.2914350 0.0813350
vn 0.0000000 0.0000000 0.0000000
v -0.0782380 0.2880710 0.0800120
vn 0.0000000 0.0000000 0.0000000
v -0.0780150 0.2880870 0.0806290
vn 0.0000000 0.0000000 0.0000000
v -0.0777300 0.2850020 0.0819580
vn 0.0000000 0.0000000 0.0000000
v -0.0776330 0.2830990 0.0845470
vn 0.0000000 0.0000000 0.0000000
v -0.0773510 0.2837710 0.0850780
vn 0.0000000 0.0000000 0.0000000
v -0.0773910 0.2833120 0.0866830
vn 0.0000000 0.0000000 0.0000000
v -0.0771800 0.2843710 0.0885390
vn 0.0000000 0.0000000 0.0000000
v -0.0769540 0.2850760 0.0881130
vn 0.0000000 0.0000000 0.0000000
v -0.0770850 0.2860570 0.0897710
vn 0.0000000 0.0000000 0.0000000
v -0.0771620 0.2880610 0.0901959
vn 0.0000000 0.0000000 0.0000000
v -0.0769550 0.2880770 0.0893660
vn 0.0000000 0.0000000 0.0000000
v -0.0771620 0.2880610 0.0901959
vn 0.0000000 0.0000000 0.0000000
v -0.0774970 0.2905580 0.0895120
vn 0.0000000 0.0000000 0.0000000
v -0.0769550 0.2880770 0.0893660
vn 0.0000000 0.0000000 0.0000000
v -0.0775000 0.2911210 0.0881930
vn 0.0000000 0.0000000 0.0000000
v -0.0779390 0.2923450 0.0877240
vn 0.0000000 0.0000000 0.0000000
v -0.0780920 0.2925050 0.0851250
vn 0.0000000 0.0000000 0.0000000
v -0.0783650 0.2930410 0.0846160
vn 0.0000000 0.0000000 0.0000000
v -0.0383530 0.2564190 0.1291230
vn 0.0000000 0.0000000 0.0000000
v -0.0462330 0.2570590 0.1262130
vn 0.0000000 0.0000000 0.0000000
v -0.0535920 0.2564190 0.1213770
vn 0.0000000 0.0000000 0.0000000
v -0.0571690 0.2570560 0.1189460
vn 0.0000000 0.0000000 0.0000000
v -0.0656870 0.2564190 0.1092880
vn 0.0000000 0.0000000 0.0000000
v -0.0679160 0.2570650 0.1065430
vn 0.0000000 0.0000000 0.0000000
v -0.0618830 0.4052490 0.1323790
vn 0.0000000 0.0000000 0.0000000
v -0.0469300 0.4078790 0.1381330
vn 0.0000000 0.0000000 0.0000000
v -0.0594940 0.5759700 0.0066749
vn 0.0000000 0.0000000 0.0000000
v -0.0595010 0.5759540 -0.0066790
vn 0.0000000 0.0000000 0.0000000
v -0.0590910 0.5768520 -0.0065550
vn 0.0000000 0.0000000 0.0000000
v -0.0591080 0.5765900 -0.0078050
vn 0.0000000 0.0000000 0.0000000
v -0.0590910 0.5768520 -0.0065550
vn 0.0000000 0.0000000 0.0000000
v -0.0595010 0.5759540 -0.0066790
vn 0.0000000 0.0000000 0.0000000
v -0.0590910 0.5768520 0.0000000
vn 0.0000000 0.0000000 0.0000000
v -0.0590910 0.5768520 0.0000000
vn 0.0000000 0.0000000 0.0000000
v -0.0590910 0.5768520 -0.0065550
vn 0.0000000 0.0000000 0.0000000
v -0.0590230 0.5770550 -0.0065550
vn 0.0000000 0.0000000 0.0000000
v -0.0590910 0.5768520 0.0065550
vn 0.0000000 0.0000000 0.0000000
v -0.0590230 0.5770550 -0.0065550
vn 0.0000000 0.0000000 0.0000000
v -0.0590910 0.5768520 -0.0065550
vn 0.0000000 0.0000000 0.0000000
v -0.0591080 0.5765900 -0.0078050
vn 0.0000000 0.0000000 0.0000000
v -0.0612420 0.5720620 0.0080680
vn 0.0000000 0.0000000 0.0000000
v -0.0612570 0.5720260 -0.0080880
vn 0.0000000 0.0000000 0.0000000
v -0.0591290 0.5762480 -0.0084840
vn 0.0000000 0.0000000 0.0000000
v -0.0612570 0.5720260 -0.0080880
vn 0.0000000 0.0000000 0.0000000
v -0.0613350 0.5718500 0.0081910
vn 0.0000000 0.0000000 0.0000000
v -0.0613370 0.5718450 -0.0081940
vn 0.0000000 0.0000000 0.0000000
v -0.0613370 0.5718450 -0.0081940
vn 0.0000000 0.0000000 0.0000000
v -0.0628010 0.5684550 0.0112579
vn 0.0000000 0.0000000 0.0000000
v -0.0628010 0.5684550 -0.0112579
vn 0.0000000 0.0000000 0.0000000
v -0.0625189 0.5690330 -0.0116280
vn 0.0000000 0.0000000 0.0000000
v -0.0628010 0.5684550 -0.0112579
vn 0.0000000 0.0000000 0.0000000
v -0.0600410 0.5730400 -0.0110580
vn 0.0000000 0.0000000 0.0000000
v -0.0621600 0.5696040 -0.0120160
vn 0.0000000 0.0000000 0.0000000
v -0.0723230 0.5432440 0.0033370
vn 0.0000000 0.0000000 0.0000000
v -0.0722560 0.5434460 -0.0033750
vn 0.0000000 0.0000000 0.0000000
v -0.0619560 0.5668570 -0.0140790
vn 0.0000000 0.0000000 0.0000000
v -0.0628010 0.5684550 -0.0112579
vn 0.0000000 0.0000000 0.0000000
v -0.0722560 0.5434460 -0.0033750
vn 0.0000000 0.0000000 0.0000000
v -0.0625189 0.5690330 -0.0116280
vn 0.0000000 0.0000000 0.0000000
v -0.0628010 0.5684550 -0.0112579
vn 0.0000000 0.0000000 0.0000000
v -0.0619560 0.5668570 -0.0140790
vn 0.0000000 0.0000000 0.0000000
v -0.0729490 0.5413360 -0.0029620
vn 0.0000000 0.0000000 0.0000000
v -0.0711860 0.5426620 -0.0062700
vn 0.0000000 0.0000000 0.0000000
v -0.0729490 0.5413360 -0.0029620
vn 0.0000000 0.0000000 0.0000000
v -0.0798110 0.5170800 0.0007000
vn 0.0000000 0.0000000 0.0000000
v -0.0798110 0.5170800 -0.0007000
vn 0.0000000 0.0000000 0.0000000
v -0.0798110 0.5170800 -0.0007000
vn 0.0000000 0.0000000 0.0000000
v -0.0732780 0.5403200 0.0027740
vn 0.0000000 0.0000000 0.0000000
v -0.0805290 0.5140470 0.0007000
vn 0.0000000 0.0000000 0.0000000
v -0.0805290 0.5140470 -0.0007000
vn 0.0000000 0.0000000 0.0000000
v -0.0800750 0.5107530 -0.0035280
vn 0.0000000 0.0000000 0.0000000
v -0.0798110 0.5170800 -0.0007000
vn 0.0000000 0.0000000 0.0000000
v -0.0805290 0.5140470 -0.0007000
vn 0.0000000 0.0000000 0.0000000
v -0.0786720 0.5168050 -0.0035280
vn 0.0000000 0.0000000 0.0000000
v -0.0786720 0.5168050 -0.0035280
vn 0.0000000 0.0000000 0.0000000
v -0.0812190 0.5110070 0.0007000
vn 0.0000000 0.0000000 0.0000000
v -0.0812190 0.5110070 -0.0007000
vn 0.0000000 0.0000000 0.0000000
v -0.0812190 0.5110070 -0.0007000
vn 0.0000000 0.0000000 0.0000000
v -0.0838060 0.4981350 0.0017220
vn 0.0000000 0.0000000 0.0000000
v -0.0839250 0.4974720 -0.0018300
vn 0.0000000 0.0000000 0.0000000
v -0.0800750 0.5107530 -0.0035280
vn 0.0000000 0.0000000 0.0000000
v -0.0812190 0.5110070 -0.0007000
vn 0.0000000 0.0000000 0.0000000
v -0.0839250 0.4974720 -0.0018300
vn 0.0000000 0.0000000 0.0000000
v -0.0844140 0.4946580 0.0023520
vn 0.0000000 0.0000000 0.0000000
v -0.0844590 0.4943920 -0.0024080
vn 0.0000000 0.0000000 0.0000000
v -0.0844590 0.4943920 -0.0024080
vn 0.0000000 0.0000000 0.0000000
v -0.0868960 0.4771480 0.0079800
vn 0.0000000 0.0000000 0.0000000
v -0.0868960 0.4771480 -0.0079800
vn 0.0000000 0.0000000 0.0000000
v -0.0833640 0.4941590 -0.0052519
vn 0.0000000 0.0000000 0.0000000
v -0.0868960 0.4771480 -0.0079800
vn 0.0000000 0.0000000 0.0000000
v -0.0883199 0.4613140 0.0166750
vn 0.0000000 0.0000000 0.0000000
v -0.0870790 0.4631210 -0.0187560
vn 0.0000000 0.0000000 0.0000000
v -0.0868960 0.4771480 -0.0079800
vn 0.0000000 0.0000000 0.0000000
v -0.0856680 0.4781450 -0.0104999
vn 0.0000000 0.0000000 0.0000000
v -0.0856680 0.4781450 -0.0104999
vn 0.0000000 0.0000000 0.0000000
v -0.0850690 0.3994350 0.0746920
vn 0.0000000 0.0000000 0.0000000
v -0.0861230 0.3962050 0.0704590
vn 0.0000000 0.0000000 0.0000000
v -0.0867480 0.4011650 0.0679580
vn 0.0000000 0.0000000 0.0000000
v -0.0845200 0.3958590 0.0789680
vn 0.0000000 0.0000000 0.0000000
v -0.0854400 0.3910320 0.0764020
vn 0.0000000 0.0000000 0.0000000
v -0.0861230 0.3962050 0.0704590
vn 0.0000000 0.0000000 0.0000000
v -0.0850690 0.3994350 0.0746920
vn 0.0000000 0.0000000 0.0000000
v -0.0855690 0.4031200 0.0727410
vn 0.0000000 0.0000000 0.0000000
v -0.0869670 0.4140380 0.0731480
vn 0.0000000 0.0000000 0.0000000
v -0.0860680 0.4072800 0.0720000
vn 0.0000000 0.0000000 0.0000000
v -0.0860680 0.4072800 0.0720000
vn 0.0000000 0.0000000 0.0000000
v -0.0882370 0.4198220 0.0720920
vn 0.0000000 0.0000000 0.0000000
v -0.0869670 0.4140380 0.0731480
vn 0.0000000 0.0000000 0.0000000
v -0.0882370 0.4198220 0.0720920
vn 0.0000000 0.0000000 0.0000000
v -0.0767160 0.4389160 0.0958380
vn 0.0000000 0.0000000 0.0000000
v -0.0874460 0.4277840 0.0759650
vn 0.0000000 0.0000000 0.0000000
v -0.0874460 0.4277840 0.0759650
vn 0.0000000 0.0000000 0.0000000
v -0.0877280 0.4497700 0.0291550
vn 0.0000000 0.0000000 0.0000000
v -0.0884670 0.4589390 0.0182850
vn 0.0000000 0.0000000 0.0000000
v -0.0877280 0.4497700 0.0291550
vn 0.0000000 0.0000000 0.0000000
v -0.0877260 0.4488810 0.0295300
vn 0.0000000 0.0000000 0.0000000
v -0.0883199 0.4613140 0.0166750
vn 0.0000000 0.0000000 0.0000000
v -0.0870790 0.4631220 0.0187560
vn 0.0000000 0.0000000 0.0000000
v -0.0868960 0.4771480 0.0079800
vn 0.0000000 0.0000000 0.0000000
v -0.0833650 0.4941590 0.0052510
vn 0.0000000 0.0000000 0.0000000
v -0.0868960 0.4771480 0.0079800
vn 0.0000000 0.0000000 0.0000000
v -0.0844140 0.4946580 0.0023520
vn 0.0000000 0.0000000 0.0000000
v -0.0856680 0.4781450 0.0104999
vn 0.0000000 0.0000000 0.0000000
v -0.0856680 0.4781450 0.0104999
vn 0.0000000 0.0000000 0.0000000
v -0.0800750 0.5107530 0.0035280
vn 0.0000000 0.0000000 0.0000000
v -0.0838060 0.4981350 0.0017220
vn 0.0000000 0.0000000 0.0000000
v -0.0812190 0.5110070 0.0007000
vn 0.0000000 0.0000000 0.0000000
v -0.0786720 0.5168050 0.0035280
vn 0.0000000 0.0000000 0.0000000
v -0.0812190 0.5110070 0.0007000
vn 0.0000000 0.0000000 0.0000000
v -0.0805290 0.5140470 0.0007000
vn 0.0000000 0.0000000 0.0000000
v -0.0800750 0.5107530 0.0035280
vn 0.0000000 0.0000000 0.0000000
v -0.0798110 0.5170800 0.0007000
vn 0.0000000 0.0000000 0.0000000
v -0.0711870 0.5426630 0.0062690
vn 0.0000000 0.0000000 0.0000000
v -0.0798110 0.5170800 0.0007000
vn 0.0000000 0.0000000 0.0000000
v -0.0732780 0.5403200 0.0027740
vn 0.0000000 0.0000000 0.0000000
v -0.0786720 0.5168050 0.0035280
vn 0.0000000 0.0000000 0.0000000
v -0.0723230 0.5432440 0.0033370
vn 0.0000000 0.0000000 0.0000000
v -0.0619560 0.5668580 0.0140790
vn 0.0000000 0.0000000 0.0000000
v -0.0628010 0.5684550 0.0112579
vn 0.0000000 0.0000000 0.0000000
v -0.0600380 0.5730440 0.0110580
vn 0.0000000 0.0000000 0.0000000
v -0.0628010 0.5684550 0.0112579
vn 0.0000000 0.0000000 0.0000000
v -0.0613350 0.5718500 0.0081910
vn 0.0000000 0.0000000 0.0000000
v -0.0621600 0.5696040 0.0120150
vn 0.0000000 0.0000000 0.0000000
v -0.0619560 0.5668580 0.0140790
vn 0.0000000 0.0000000 0.0000000
v -0.0628010 0.5684550 0.0112579
vn 0.0000000 0.0000000 0.0000000
v -0.0625180 0.5690340 0.0116280
vn 0.0000000 0.0000000 0.0000000
v -0.0625180 0.5690340 0.0116280
vn 0.0000000 0.0000000 0.0000000
v -0.0591330 0.5761890 0.0085779
vn 0.0000000 0.0000000 0.0000000
v -0.0612420 0.5720620 0.0080680
vn 0.0000000 0.0000000 0.0000000
v -0.0591590 0.5757580 0.0091960
vn 0.0000000 0.0000000 0.0000000
v -0.0594940 0.5759700 0.0066749
vn 0.0000000 0.0000000 0.0000000
v -0.0590910 0.5768520 0.0065550
vn 0.0000000 0.0000000 0.0000000
v -0.0591159 0.5764680 0.0080770
vn 0.0000000 0.0000000 0.0000000
v -0.0590910 0.5768520 0.0065550
vn 0.0000000 0.0000000 0.0000000
v -0.0589999 0.5768980 0.0082610
vn 0.0000000 0.0000000 0.0000000
v -0.0591159 0.5764680 0.0080770
vn 0.0000000 0.0000000 0.0000000
v -0.0590910 0.5768520 0.0065550
vn 0.0000000 0.0000000 0.0000000
v -0.0590230 0.5770560 0.0065550
vn 0.0000000 0.0000000 0.0000000
v -0.0590230 0.5770560 0.0065550
vn 0.0000000 0.0000000 0.0000000
v -0.0738700 0.2697710 0.0828920
vn 0.0000000 0.0000000 0.0000000
v -0.0740390 0.2688030 0.0779940
vn 0.0000000 0.0000000 0.0000000
v -0.0740990 0.2698620 0.0780710
vn 0.0000000 0.0000000 0.0000000
v -0.0735300 0.2694860 0.0855820
vn 0.0000000 0.0000000 0.0000000
v -0.0732620 0.2694600 0.0872210
vn 0.0000000 0.0000000 0.0000000
v -0.0712850 0.2686820 0.0946820
vn 0.0000000 0.0000000 0.0000000
v -0.0721700 0.2647800 0.0779940
vn 0.0000000 0.0000000 0.0000000
v -0.0740390 0.2688030 0.0779940
vn 0.0000000 0.0000000 0.0000000
v -0.0712850 0.2686820 0.0946820
vn 0.0000000 0.0000000 0.0000000
v -0.0741600 0.2709210 0.0781480
vn 0.0000000 0.0000000 0.0000000
v -0.0745490 0.2774720 0.0700689
vn 0.0000000 0.0000000 0.0000000
v -0.0741600 0.2709210 0.0781480
vn 0.0000000 0.0000000 0.0000000
v -0.0743800 0.2746820 0.0724040
vn 0.0000000 0.0000000 0.0000000
v -0.0730340 0.2757100 0.0800930
vn 0.0000000 0.0000000 0.0000000
v -0.0722780 0.2747700 0.0863740
vn 0.0000000 0.0000000 0.0000000
v -0.0738700 0.2697710 0.0828920
vn 0.0000000 0.0000000 0.0000000
v -0.0741600 0.2709210 0.0781480
vn 0.0000000 0.0000000 0.0000000
v -0.0730340 0.2757100 0.0800930
vn 0.0000000 0.0000000 0.0000000
v -0.0751940 0.2874670 0.0670000
vn 0.0000000 0.0000000 0.0000000
v -0.0747310 0.2803890 0.0684730
vn 0.0000000 0.0000000 0.0000000
v -0.0733280 0.2804270 0.0742870
vn 0.0000000 0.0000000 0.0000000
v -0.0738570 0.2875570 0.0720000
vn 0.0000000 0.0000000 0.0000000
v -0.0751940 0.2874670 0.0670000
vn 0.0000000 0.0000000 0.0000000
v -0.0757220 0.2950420 0.0686990
vn 0.0000000 0.0000000 0.0000000
v -0.0738570 0.2875570 0.0720000
vn 0.0000000 0.0000000 0.0000000
v -0.0742870 0.2930650 0.0731450
vn 0.0000000 0.0000000 0.0000000
v -0.0761720 0.3011210 0.0733690
vn 0.0000000 0.0000000 0.0000000
v -0.0753170 0.3009690 0.0814150
vn 0.0000000 0.0000000 0.0000000
v -0.0764510 0.3047610 0.0803850
vn 0.0000000 0.0000000 0.0000000
v -0.0746570 0.2975980 0.0765600
vn 0.0000000 0.0000000 0.0000000
v -0.0748480 0.3320210 0.1017190
vn 0.0000000 0.0000000 0.0000000
v -0.0764510 0.3047610 0.0803850
vn 0.0000000 0.0000000 0.0000000
v -0.0788540 0.3325780 0.0818950
vn 0.0000000 0.0000000 0.0000000
v -0.0763110 0.3052870 0.0847559
vn 0.0000000 0.0000000 0.0000000
v -0.0753170 0.3009690 0.0814150
vn 0.0000000 0.0000000 0.0000000
v -0.0764510 0.3047610 0.0803850
vn 0.0000000 0.0000000 0.0000000
v -0.0763110 0.3052870 0.0847559
vn 0.0000000 0.0000000 0.0000000
v -0.0842750 0.3905260 0.0946780
vn 0.0000000 0.0000000 0.0000000
v -0.0802680 0.3468400 0.0825550
vn 0.0000000 0.0000000 0.0000000
v -0.0825090 0.3962350 0.1032070
vn 0.0000000 0.0000000 0.0000000
v -0.0842420 0.3906040 0.0948830
vn 0.0000000 0.0000000 0.0000000
v -0.0851610 0.3888830 0.0840460
vn 0.0000000 0.0000000 0.0000000
v -0.0842990 0.3943980 0.0843330
vn 0.0000000 0.0000000 0.0000000
v -0.0851610 0.3888830 0.0840460
vn 0.0000000 0.0000000 0.0000000
v -0.0837639 0.3957520 0.0921430
vn 0.0000000 0.0000000 0.0000000
v -0.0842750 0.3905260 0.0946780
vn 0.0000000 0.0000000 0.0000000
v -0.0851610 0.3888830 0.0840460
vn 0.0000000 0.0000000 0.0000000
v -0.0842990 0.3943980 0.0843330
vn 0.0000000 0.0000000 0.0000000
v -0.0497410 0.3998850 0.1338740
vn 0.0000000 0.0000000 0.0000000
v -0.0355560 0.4102190 0.1364090
vn 0.0000000 0.0000000 0.0000000
v -0.0351010 0.4060430 0.1363180
vn 0.0000000 0.0000000 0.0000000
v -0.0409630 0.4089630 0.1360900
vn 0.0000000 0.0000000 0.0000000
v -0.0345820 0.4018570 0.1362220
vn 0.0000000 0.0000000 0.0000000
v -0.0497410 0.3998850 0.1338740
vn 0.0000000 0.0000000 0.0000000
v -0.0345820 0.4018570 0.1362220
vn 0.0000000 0.0000000 0.0000000
v -0.0270870 0.3350250 0.1338370
vn 0.0000000 0.0000000 0.0000000
v -0.0381220 0.2686330 0.1273920
vn 0.0000000 0.0000000 0.0000000
v -0.0221590 0.2687150 0.1299110
vn 0.0000000 0.0000000 0.0000000
v -0.0468440 0.3333430 0.1298170
vn 0.0000000 0.0000000 0.0000000
v -0.0413090 0.2647800 0.1242430
vn 0.0000000 0.0000000 0.0000000
v -0.0381220 0.2686330 0.1273920
vn 0.0000000 0.0000000 0.0000000
v -0.0221590 0.2687150 0.1299110
vn 0.0000000 0.0000000 0.0000000
v -0.0221590 0.2647800 0.1280480
vn 0.0000000 0.0000000 0.0000000
v -0.0639720 0.4401400 0.1091140
vn 0.0000000 0.0000000 0.0000000
v -0.0247060 0.4401400 0.1053890
vn 0.0000000 0.0000000 0.0000000
v -0.0064990 0.4401400 0.1111000
vn 0.0000000 0.0000000 0.0000000
v -0.0114810 0.4401400 0.1111000
vn 0.0000000 0.0000000 0.0000000
v -0.0738360 0.4401400 0.0989920
vn 0.0000000 0.0000000 0.0000000
v -0.0397240 0.4401400 0.0935849
vn 0.0000000 0.0000000 0.0000000
v -0.0387100 0.4404330 0.0936580
vn 0.0000000 0.0000000 0.0000000
v -0.0397240 0.4401400 0.0935849
vn 0.0000000 0.0000000 0.0000000
v -0.0495830 0.4401400 0.0772230
vn 0.0000000 0.0000000 0.0000000
v -0.0487790 0.4404330 0.0773449
vn 0.0000000 0.0000000 0.0000000
v -0.0495830 0.4401400 0.0772230
vn 0.0000000 0.0000000 0.0000000
v -0.0530000 0.4401400 0.0585000
vn 0.0000000 0.0000000 0.0000000
v -0.0530000 0.4401400 0.0585000
vn 0.0000000 0.0000000 0.0000000
v -0.0549999 0.4401400 0.0485000
vn 0.0000000 0.0000000 0.0000000
v -0.0530000 0.4401400 0.0485000
vn 0.0000000 0.0000000 0.0000000
v -0.0522860 0.4404400 0.0485000
vn 0.0000000 0.0000000 0.0000000
v -0.0530000 0.4401400 0.0585000
vn 0.0000000 0.0000000 0.0000000
v -0.0530000 0.4401400 0.0485000
vn 0.0000000 0.0000000 0.0000000
v -0.0564110 0.4401400 0.0479169
vn 0.0000000 0.0000000 0.0000000
v -0.0522930 0.4404330 0.0585000
vn 0.0000000 0.0000000 0.0000000
v -0.0522930 0.4404330 0.0585000
vn 0.0000000 0.0000000 0.0000000
v -0.0549999 0.4404330 0.0477930
vn 0.0000000 0.0000000 0.0000000
v -0.0530000 0.4401400 0.0485000
vn 0.0000000 0.0000000 0.0000000
v -0.0549999 0.4401400 0.0485000
vn 0.0000000 0.0000000 0.0000000
v -0.0530000 0.4404410 0.0477850
vn 0.0000000 0.0000000 0.0000000
v -0.0524999 0.4404330 0.0480000
vn 0.0000000 0.0000000 0.0000000
v -0.0530000 0.4401400 0.0485000
vn 0.0000000 0.0000000 0.0000000
v -0.0530000 0.4404410 0.0477850
vn 0.0000000 0.0000000 0.0000000
v -0.0522860 0.4404400 0.0485000
vn 0.0000000 0.0000000 0.0000000
v -0.0549999 0.4404330 0.0477930
vn 0.0000000 0.0000000 0.0000000
v -0.0549999 0.4401400 0.0485000
vn 0.0000000 0.0000000 0.0000000
v -0.0564110 0.4401400 0.0479169
vn 0.0000000 0.0000000 0.0000000
v -0.0561200 0.4404330 0.0471460
vn 0.0000000 0.0000000 0.0000000
v -0.0570000 0.4401400 0.0465000
vn 0.0000000 0.0000000 0.0000000
v -0.0556460 0.4404330 0.0476200
vn 0.0000000 0.0000000 0.0000000
v -0.0562930 0.4404330 0.0347000
vn 0.0000000 0.0000000 0.0000000
v -0.0570000 0.4401400 0.0465000
vn 0.0000000 0.0000000 0.0000000
v -0.0570000 0.4401400 0.0347000
vn 0.0000000 0.0000000 0.0000000
v -0.0562930 0.4404330 0.0465000
vn 0.0000000 0.0000000 0.0000000
v -0.0562930 0.4404330 0.0465000
vn 0.0000000 0.0000000 0.0000000
v -0.0562930 0.4404330 0.0347000
vn 0.0000000 0.0000000 0.0000000
v -0.0570000 0.4401400 0.0347000
vn 0.0000000 0.0000000 0.0000000
v -0.0570000 0.4413120 0.0318720
vn 0.0000000 0.0000000 0.0000000
v -0.0669740 0.4260920 0.1165490
vn 0.0000000 0.0000000 0.0000000
v -0.0738360 0.4401400 0.0989920
vn 0.0000000 0.0000000 0.0000000
v -0.0639720 0.4401400 0.1091140
vn 0.0000000 0.0000000 0.0000000
v -0.0735760 0.4215350 0.1120370
vn 0.0000000 0.0000000 0.0000000
v -0.0753900 0.4398250 0.0971210
vn 0.0000000 0.0000000 0.0000000
v -0.0532470 0.4401400 0.1157970
vn 0.0000000 0.0000000 0.0000000
v -0.0593580 0.4299290 0.1200100
vn 0.0000000 0.0000000 0.0000000
v -0.0532470 0.4401400 0.1157970
vn 0.0000000 0.0000000 0.0000000
v -0.0521390 0.4365880 0.1190210
vn 0.0000000 0.0000000 0.0000000
v -0.0532470 0.4401400 0.1157970
vn 0.0000000 0.0000000 0.0000000
v -0.0509660 0.4329250 0.1223110
vn 0.0000000 0.0000000 0.0000000
v -0.0521390 0.4365880 0.1190210
vn 0.0000000 0.0000000 0.0000000
v -0.0509660 0.4329250 0.1223110
vn 0.0000000 0.0000000 0.0000000
v -0.0496430 0.4287490 0.1260020
vn 0.0000000 0.0000000 0.0000000
v -0.0484080 0.4246630 0.1295410
vn 0.0000000 0.0000000 0.0000000
v -0.0454050 0.4253200 0.1301370
vn 0.0000000 0.0000000 0.0000000
v -0.0617120 0.4204910 0.1250040
vn 0.0000000 0.0000000 0.0000000
v -0.0509660 0.4329250 0.1223110
vn 0.0000000 0.0000000 0.0000000
v -0.0496430 0.4287490 0.1260020
vn 0.0000000 0.0000000 0.0000000
v -0.0593580 0.4299290 0.1200100
vn 0.0000000 0.0000000 0.0000000
v -0.0484080 0.4246630 0.1295410
vn 0.0000000 0.0000000 0.0000000
v -0.0484080 0.4246630 0.1295410
vn 0.0000000 0.0000000 0.0000000
v -0.0454050 0.4253200 0.1301370
vn 0.0000000 0.0000000 0.0000000
v -0.0477480 0.4167550 0.1337510
vn 0.0000000 0.0000000 0.0000000
v -0.0614090 0.4142330 0.1282590
vn 0.0000000 0.0000000 0.0000000
v -0.0617120 0.4204910 0.1250040
vn 0.0000000 0.0000000 0.0000000
v -0.0484080 0.4246630 0.1295410
vn 0.0000000 0.0000000 0.0000000
v -0.0477480 0.4167550 0.1337510
vn 0.0000000 0.0000000 0.0000000
v -0.0423910 0.4262710 0.1304490
vn 0.0000000 0.0000000 0.0000000
v -0.0834600 0.4319190 0.0875360
vn 0.0000000 0.0000000 0.0000000
v -0.0868950 0.4256310 0.0798020
vn 0.0000000 0.0000000 0.0000000
v -0.0834600 0.4319190 0.0875360
vn 0.0000000 0.0000000 0.0000000
v -0.0878259 0.4230420 0.0756349
vn 0.0000000 0.0000000 0.0000000
v -0.0823040 0.4281090 0.0927600
vn 0.0000000 0.0000000 0.0000000
v -0.0767160 0.4389160 0.0958380
vn 0.0000000 0.0000000 0.0000000
v -0.0864980 0.4262900 0.0812080
vn 0.0000000 0.0000000 0.0000000
v -0.0855120 0.4273890 0.0843040
vn 0.0000000 0.0000000 0.0000000
v -0.0838900 0.4281920 0.0887420
vn 0.0000000 0.0000000 0.0000000
v -0.0798150 0.4260010 0.0992890
vn 0.0000000 0.0000000 0.0000000
v -0.0786580 0.4220950 0.1038300
vn 0.0000000 0.0000000 0.0000000
v -0.0463040 0.4080090 0.1352020
vn 0.0000000 0.0000000 0.0000000
v -0.0867620 0.4190250 0.0774180
vn 0.0000000 0.0000000 0.0000000
v -0.0878259 0.4230420 0.0756349
vn 0.0000000 0.0000000 0.0000000
v -0.0868950 0.4256310 0.0798020
vn 0.0000000 0.0000000 0.0000000
v -0.0864980 0.4262900 0.0812080
vn 0.0000000 0.0000000 0.0000000
v -0.0845560 0.4266740 0.0874730
vn 0.0000000 0.0000000 0.0000000
v -0.0855120 0.4273890 0.0843040
vn 0.0000000 0.0000000 0.0000000
v -0.0851310 0.4214610 0.0832180
vn 0.0000000 0.0000000 0.0000000
v -0.0838900 0.4281920 0.0887420
vn 0.0000000 0.0000000 0.0000000
v -0.0823040 0.4281090 0.0927600
vn 0.0000000 0.0000000 0.0000000
v -0.0825620 0.4250930 0.0929060
vn 0.0000000 0.0000000 0.0000000
v -0.0798150 0.4260010 0.0992890
vn 0.0000000 0.0000000 0.0000000
v -0.0810060 0.4222570 0.0970710
vn 0.0000000 0.0000000 0.0000000
v -0.0786580 0.4220950 0.1038300
vn 0.0000000 0.0000000 0.0000000
v -0.0789560 0.4164000 0.1066150
vn 0.0000000 0.0000000 0.0000000
v -0.0802450 0.4188750 0.0999610
vn 0.0000000 0.0000000 0.0000000
v -0.0789560 0.4164000 0.1066150
vn 0.0000000 0.0000000 0.0000000
v -0.0729230 0.4147530 0.1171830
vn 0.0000000 0.0000000 0.0000000
v -0.0789560 0.4164000 0.1066150
vn 0.0000000 0.0000000 0.0000000
v -0.0735760 0.4215350 0.1120370
vn 0.0000000 0.0000000 0.0000000
v -0.0803880 0.4102270 0.1070460
vn 0.0000000 0.0000000 0.0000000
v -0.0789560 0.4164000 0.1066150
vn 0.0000000 0.0000000 0.0000000
v -0.0795980 0.4132530 0.1071070
vn 0.0000000 0.0000000 0.0000000
v -0.0795980 0.4132530 0.1071070
vn 0.0000000 0.0000000 0.0000000
v -0.0801850 0.4154950 0.1034710
vn 0.0000000 0.0000000 0.0000000
v -0.0801850 0.4154950 0.1034710
vn 0.0000000 0.0000000 0.0000000
v -0.0669740 0.4260920 0.1165490
vn 0.0000000 0.0000000 0.0000000
v -0.0825090 0.3962350 0.1032070
vn 0.0000000 0.0000000 0.0000000
v -0.0821130 0.3986220 0.1049610
vn 0.0000000 0.0000000 0.0000000
v -0.0822959 0.3974000 0.1041370
vn 0.0000000 0.0000000 0.0000000
v -0.0784179 0.4003420 0.1122870
vn 0.0000000 0.0000000 0.0000000
v -0.0822959 0.3974000 0.1041370
vn 0.0000000 0.0000000 0.0000000
v -0.0821130 0.3986220 0.1049610
vn 0.0000000 0.0000000 0.0000000
v -0.0826999 0.4016510 0.0992130
vn 0.0000000 0.0000000 0.0000000
v -0.0818550 0.4027380 0.1061320
vn 0.0000000 0.0000000 0.0000000
v -0.0784179 0.4003420 0.1122870
vn 0.0000000 0.0000000 0.0000000
v -0.0821130 0.3986220 0.1049610
vn 0.0000000 0.0000000 0.0000000
v -0.0826999 0.4016510 0.0992130
vn 0.0000000 0.0000000 0.0000000
v -0.0818550 0.4027380 0.1061320
vn 0.0000000 0.0000000 0.0000000
v -0.0821130 0.3986220 0.1049610
vn 0.0000000 0.0000000 0.0000000
v -0.0825090 0.3962350 0.1032070
vn 0.0000000 0.0000000 0.0000000
v -0.0748130 0.3969440 0.1166030
vn 0.0000000 0.0000000 0.0000000
v -0.0748130 0.3969440 0.1166030
vn 0.0000000 0.0000000 0.0000000
v -0.0828680 0.4000230 0.0980680
vn 0.0000000 0.0000000 0.0000000
v -0.0825090 0.3962350 0.1032070
vn 0.0000000 0.0000000 0.0000000
v -0.0842420 0.3906040 0.0948830
vn 0.0000000 0.0000000 0.0000000
v -0.0828680 0.4000230 0.0980680
vn 0.0000000 0.0000000 0.0000000
v -0.0678450 0.4037220 0.1245940
vn 0.0000000 0.0000000 0.0000000
v -0.0635580 0.3981980 0.1271360
vn 0.0000000 0.0000000 0.0000000
v -0.0636100 0.3322880 0.1185420
vn 0.0000000 0.0000000 0.0000000
v -0.0635580 0.3981980 0.1271360
vn 0.0000000 0.0000000 0.0000000
v -0.0736190 0.4020590 0.1188840
vn 0.0000000 0.0000000 0.0000000
v -0.0539989 0.4067310 0.1328490
vn 0.0000000 0.0000000 0.0000000
v -0.0612450 0.4052920 0.1292880
vn 0.0000000 0.0000000 0.0000000
v -0.0463040 0.4080090 0.1352020
vn 0.0000000 0.0000000 0.0000000
v -0.0463040 0.4080090 0.1352020
vn 0.0000000 0.0000000 0.0000000
v -0.0539989 0.4067310 0.1328490
vn 0.0000000 0.0000000 0.0000000
v -0.0612450 0.4052920 0.1292880
vn 0.0000000 0.0000000 0.0000000
v -0.0678450 0.4037220 0.1245940
vn 0.0000000 0.0000000 0.0000000
v -0.0726859 0.4113160 0.1191290
vn 0.0000000 0.0000000 0.0000000
v -0.0736190 0.4020590 0.1188840
vn 0.0000000 0.0000000 0.0000000
v -0.0807159 0.4082830 0.1072950
vn 0.0000000 0.0000000 0.0000000
v -0.0523040 0.2685980 0.1202510
vn 0.0000000 0.0000000 0.0000000
v -0.0714750 0.3002240 0.1015470
vn 0.0000000 0.0000000 0.0000000
v -0.0700060 0.2979430 0.1040680
vn 0.0000000 0.0000000 0.0000000
v -0.0676020 0.2930660 0.1073270
vn 0.0000000 0.0000000 0.0000000
v -0.0660990 0.2872210 0.1086280
vn 0.0000000 0.0000000 0.0000000
v -0.0636550 0.2686140 0.1091610
vn 0.0000000 0.0000000 0.0000000
v -0.0756920 0.3050660 0.0893920
vn 0.0000000 0.0000000 0.0000000
v -0.0745680 0.3040560 0.0940060
vn 0.0000000 0.0000000 0.0000000
v -0.0738900 0.3033200 0.0960650
vn 0.0000000 0.0000000 0.0000000
v -0.0730680 0.3023590 0.0981870
vn 0.0000000 0.0000000 0.0000000
v -0.0747190 0.3012190 0.0879080
vn 0.0000000 0.0000000 0.0000000
v -0.0756920 0.3050660 0.0893920
vn 0.0000000 0.0000000 0.0000000
v -0.0745680 0.3040560 0.0940060
vn 0.0000000 0.0000000 0.0000000
v -0.0738900 0.3033200 0.0960650
vn 0.0000000 0.0000000 0.0000000
v -0.0719620 0.2995960 0.1000500
vn 0.0000000 0.0000000 0.0000000
v -0.0730680 0.3023590 0.0981870
vn 0.0000000 0.0000000 0.0000000
v -0.0727690 0.2987830 0.0934730
vn 0.0000000 0.0000000 0.0000000
v -0.0714750 0.3002240 0.1015470
vn 0.0000000 0.0000000 0.0000000
v -0.0700060 0.2979430 0.1040680
vn 0.0000000 0.0000000 0.0000000
v -0.0700670 0.2952650 0.1025120
vn 0.0000000 0.0000000 0.0000000
v -0.0676020 0.2930660 0.1073270
vn 0.0000000 0.0000000 0.0000000
v -0.0685860 0.2909300 0.1035610
vn 0.0000000 0.0000000 0.0000000
v -0.0660990 0.2872210 0.1086280
vn 0.0000000 0.0000000 0.0000000
v -0.0662240 0.2812860 0.1074690
vn 0.0000000 0.0000000 0.0000000
v -0.0678020 0.2870310 0.1036280
vn 0.0000000 0.0000000 0.0000000
v -0.0660990 0.2872210 0.1086280
vn 0.0000000 0.0000000 0.0000000
v -0.0662240 0.2812860 0.1074690
vn 0.0000000 0.0000000 0.0000000
v -0.0678020 0.2870310 0.1036280
vn 0.0000000 0.0000000 0.0000000
v -0.0681500 0.2753670 0.1032360
vn 0.0000000 0.0000000 0.0000000
v -0.0678460 0.2828690 0.1029100
vn 0.0000000 0.0000000 0.0000000
v -0.0681500 0.2753670 0.1032360
vn 0.0000000 0.0000000 0.0000000
v -0.0696260 0.2728260 0.0997820
vn 0.0000000 0.0000000 0.0000000
v -0.0688280 0.2783730 0.1010830
vn 0.0000000 0.0000000 0.0000000
v -0.0696260 0.2728260 0.0997820
vn 0.0000000 0.0000000 0.0000000
v -0.0711220 0.2709190 0.0956780
vn 0.0000000 0.0000000 0.0000000
v -0.0704480 0.2740380 0.0975270
vn 0.0000000 0.0000000 0.0000000
v -0.0711220 0.2709190 0.0956780
vn 0.0000000 0.0000000 0.0000000
v -0.0723630 0.2698160 0.0913989
vn 0.0000000 0.0000000 0.0000000
v -0.0721870 0.2707800 0.0921950
vn 0.0000000 0.0000000 0.0000000
v -0.0723630 0.2698160 0.0913989
vn 0.0000000 0.0000000 0.0000000
v -0.0732620 0.2694600 0.0872210
vn 0.0000000 0.0000000 0.0000000
v -0.0735300 0.2694860 0.0855820
vn 0.0000000 0.0000000 0.0000000
v -0.0683740 0.2647800 0.0971460
vn 0.0000000 0.0000000 0.0000000
v -0.0636550 0.2686140 0.1091610
vn 0.0000000 0.0000000 0.0000000
v -0.0575409 0.2647800 0.1133910
vn 0.0000000 0.0000000 0.0000000
v -0.0523040 0.2685980 0.1202510
vn 0.0000000 0.0000000 0.0000000
v -0.0807159 0.4082830 0.1072950
vn 0.0000000 0.0000000 0.0000000
v -0.0803880 0.4102270 0.1070460
vn 0.0000000 0.0000000 0.0000000
v -0.0810660 0.4078880 0.1066700
vn 0.0000000 0.0000000 0.0000000
v -0.0803880 0.4102270 0.1070460
vn 0.0000000 0.0000000 0.0000000
v -0.0807220 0.4090560 0.1068930
vn 0.0000000 0.0000000 0.0000000
v -0.0807220 0.4090560 0.1068930
vn 0.0000000 0.0000000 0.0000000
v -0.0811850 0.4104140 0.1038520
vn 0.0000000 0.0000000 0.0000000
v -0.0811850 0.4104140 0.1038520
vn 0.0000000 0.0000000 0.0000000
v -0.0810660 0.4078880 0.1066700
vn 0.0000000 0.0000000 0.0000000
v -0.0810660 0.4078880 0.1066700
vn 0.0000000 0.0000000 0.0000000
v -0.0810660 0.4078880 0.1066700
vn 0.0000000 0.0000000 0.0000000
v -0.0813150 0.4086930 0.1003910
vn 0.0000000 0.0000000 0.0000000
v -0.0813150 0.4086930 0.1003910
vn 0.0000000 0.0000000 0.0000000
v -0.0729230 0.4147530 0.1171830
vn 0.0000000 0.0000000 0.0000000
v -0.0570000 0.4481400 0.0337000
vn 0.0000000 0.0000000 0.0000000
v -0.0601490 0.5742410 0.0217830
vn 0.0000000 0.0000000 0.0000000
v -0.0551980 0.5778400 0.0248600
vn 0.0000000 0.0000000 0.0000000
v -0.0578080 0.5791990 0.0246740
vn 0.0000000 0.0000000 0.0000000
v -0.0600620 0.5731110 0.0215020
vn 0.0000000 0.0000000 0.0000000
v -0.0605479 0.5723360 0.0210230
vn 0.0000000 0.0000000 0.0000000
v -0.0606590 0.5662860 0.0186650
vn 0.0000000 0.0000000 0.0000000
v -0.0499999 0.5778400 0.0248600
vn 0.0000000 0.0000000 0.0000000
v -0.0551980 0.5778400 0.0248600
vn 0.0000000 0.0000000 0.0000000
v -0.0606590 0.5662860 0.0186650
vn 0.0000000 0.0000000 0.0000000
v -0.0613420 0.5770560 0.0207829
vn 0.0000000 0.0000000 0.0000000
v -0.0608590 0.5759550 0.0214960
vn 0.0000000 0.0000000 0.0000000
v -0.0602650 0.5745830 0.0217929
vn 0.0000000 0.0000000 0.0000000
v -0.0613420 0.5770560 0.0207829
vn 0.0000000 0.0000000 0.0000000
v -0.0608590 0.5759550 0.0214960
vn 0.0000000 0.0000000 0.0000000
v -0.0603690 0.5745470 0.0214580
vn 0.0000000 0.0000000 0.0000000
v -0.0602650 0.5745830 0.0217929
vn 0.0000000 0.0000000 0.0000000
v -0.0602299 0.5732500 0.0211959
vn 0.0000000 0.0000000 0.0000000
v -0.0601490 0.5742410 0.0217830
vn 0.0000000 0.0000000 0.0000000
v -0.0602650 0.5745830 0.0217929
vn 0.0000000 0.0000000 0.0000000
v -0.0600620 0.5731110 0.0215020
vn 0.0000000 0.0000000 0.0000000
v -0.0603690 0.5745470 0.0214580
vn 0.0000000 0.0000000 0.0000000
v -0.0687140 0.5545670 0.0130620
vn 0.0000000 0.0000000 0.0000000
v -0.0654070 0.5550420 0.0141449
vn 0.0000000 0.0000000 0.0000000
v -0.0654070 0.5550420 0.0141449
vn 0.0000000 0.0000000 0.0000000
v -0.0614470 0.5717200 0.0203460
vn 0.0000000 0.0000000 0.0000000
v -0.0752530 0.5361040 0.0084720
vn 0.0000000 0.0000000 0.0000000
v -0.0728580 0.5342150 0.0090560
vn 0.0000000 0.0000000 0.0000000
v -0.0499999 0.5526390 0.0133500
vn 0.0000000 0.0000000 0.0000000
v -0.0728580 0.5342150 0.0090560
vn 0.0000000 0.0000000 0.0000000
v -0.0807200 0.5167980 0.0068300
vn 0.0000000 0.0000000 0.0000000
v -0.0779800 0.5161400 0.0077000
vn 0.0000000 0.0000000 0.0000000
v -0.0499999 0.5315750 0.0086870
vn 0.0000000 0.0000000 0.0000000
v -0.0779800 0.5161400 0.0077000
vn 0.0000000 0.0000000 0.0000000
v -0.0786850 0.5131430 0.0077000
vn 0.0000000 0.0000000 0.0000000
v -0.0779800 0.5161400 0.0077000
vn 0.0000000 0.0000000 0.0000000
v -0.0807200 0.5167980 0.0068300
vn 0.0000000 0.0000000 0.0000000
v -0.0499999 0.5101400 0.0077000
vn 0.0000000 0.0000000 0.0000000
v -0.0779800 0.5161400 0.0077000
vn 0.0000000 0.0000000 0.0000000
v -0.0786850 0.5131430 0.0077000
vn 0.0000000 0.0000000 0.0000000
v -0.0499999 0.5161400 0.0077000
vn 0.0000000 0.0000000 0.0000000
v -0.0499999 0.5161400 0.0077000
vn 0.0000000 0.0000000 0.0000000
v -0.0814180 0.5169660 0.0062360
vn 0.0000000 0.0000000 0.0000000
v -0.0793620 0.5101400 0.0077000
vn 0.0000000 0.0000000 0.0000000
v -0.0814180 0.5169660 0.0062360
vn 0.0000000 0.0000000 0.0000000
v -0.0633150 0.5711220 0.0186370
vn 0.0000000 0.0000000 0.0000000
v -0.0624550 0.5713060 0.0195170
vn 0.0000000 0.0000000 0.0000000
v -0.0610000 0.5722850 0.0205750
vn 0.0000000 0.0000000 0.0000000
v -0.0614470 0.5717200 0.0203460
vn 0.0000000 0.0000000 0.0000000
v -0.0605479 0.5723360 0.0210230
vn 0.0000000 0.0000000 0.0000000
v -0.0620990 0.5716300 0.0197670
vn 0.0000000 0.0000000 0.0000000
v -0.0642080 0.5719060 0.0162430
vn 0.0000000 0.0000000 0.0000000
v -0.0642910 0.5713130 0.0170529
vn 0.0000000 0.0000000 0.0000000
v -0.0640060 0.5726630 0.0154200
vn 0.0000000 0.0000000 0.0000000
v -0.0640230 0.5715400 0.0170240
vn 0.0000000 0.0000000 0.0000000
v -0.0641270 0.5712070 0.0174320
vn 0.0000000 0.0000000 0.0000000
v -0.0481920 0.2473310 0.1134840
vn 0.0000000 0.0000000 0.0000000
v -0.0475320 0.2473450 0.1132050
vn 0.0000000 0.0000000 0.0000000
v -0.0475320 0.2471740 0.1134840
vn 0.0000000 0.0000000 0.0000000
v -0.0631969 0.5712320 0.0187490
vn 0.0000000 0.0000000 0.0000000
v -0.0633150 0.5711220 0.0186370
vn 0.0000000 0.0000000 0.0000000
v -0.0630860 0.5714150 0.0184060
vn 0.0000000 0.0000000 0.0000000
v -0.0624550 0.5713060 0.0195170
vn 0.0000000 0.0000000 0.0000000
v -0.0793620 0.5101400 0.0077000
vn 0.0000000 0.0000000 0.0000000
v -0.0819279 0.4981060 0.0087039
vn 0.0000000 0.0000000 0.0000000
v -0.0793620 0.5101400 0.0077000
vn 0.0000000 0.0000000 0.0000000
v -0.0499999 0.5101400 0.0077000
vn 0.0000000 0.0000000 0.0000000
v -0.0793620 0.5101400 0.0077000
vn 0.0000000 0.0000000 0.0000000
v -0.0819279 0.4981060 0.0087039
vn 0.0000000 0.0000000 0.0000000
v -0.0825350 0.4948240 0.0093300
vn 0.0000000 0.0000000 0.0000000
v -0.0833880 0.4898010 0.0105930
vn 0.0000000 0.0000000 0.0000000
v -0.0848400 0.4795730 0.0143600
vn 0.0000000 0.0000000 0.0000000
v -0.0499999 0.4956840 0.0091510
vn 0.0000000 0.0000000 0.0000000
v -0.0825350 0.4948240 0.0093300
vn 0.0000000 0.0000000 0.0000000
v -0.0833880 0.4898010 0.0105930
vn 0.0000000 0.0000000 0.0000000
v -0.0499999 0.4880180 0.0111310
vn 0.0000000 0.0000000 0.0000000
v -0.0848400 0.4795730 0.0143600
vn 0.0000000 0.0000000 0.0000000
v -0.0861540 0.4663420 0.0215770
vn 0.0000000 0.0000000 0.0000000
v -0.0848400 0.4795730 0.0143600
vn 0.0000000 0.0000000 0.0000000
v -0.0499999 0.4795730 0.0143600
vn 0.0000000 0.0000000 0.0000000
v -0.0848400 0.4795730 0.0143600
vn 0.0000000 0.0000000 0.0000000
v -0.0861540 0.4663420 0.0215770
vn 0.0000000 0.0000000 0.0000000
v -0.0499999 0.4795730 0.0143600
vn 0.0000000 0.0000000 0.0000000
v -0.0862369 0.4652300 0.0223040
vn 0.0000000 0.0000000 0.0000000
v -0.0866679 0.4581730 0.0274150
vn 0.0000000 0.0000000 0.0000000
v -0.0868950 0.4523720 0.0323950
vn 0.0000000 0.0000000 0.0000000
v -0.0887860 0.4521840 0.0320629
vn 0.0000000 0.0000000 0.0000000
v -0.0499999 0.4653190 0.0222450
vn 0.0000000 0.0000000 0.0000000
v -0.0862369 0.4652300 0.0223040
vn 0.0000000 0.0000000 0.0000000
v -0.0866679 0.4581730 0.0274150
vn 0.0000000 0.0000000 0.0000000
v -0.0499999 0.4719140 0.0182210
vn 0.0000000 0.0000000 0.0000000
v -0.0499999 0.4646870 0.0226660
vn 0.0000000 0.0000000 0.0000000
v -0.0868950 0.4523720 0.0323950
vn 0.0000000 0.0000000 0.0000000
v -0.0868950 0.4508340 0.0333620
vn 0.0000000 0.0000000 0.0000000
v -0.0868950 0.4523720 0.0323950
vn 0.0000000 0.0000000 0.0000000
v -0.0887860 0.4521840 0.0320629
vn 0.0000000 0.0000000 0.0000000
v -0.0499999 0.4523720 0.0323950
vn 0.0000000 0.0000000 0.0000000
v -0.0888040 0.4490560 0.0333210
vn 0.0000000 0.0000000 0.0000000
v -0.0868950 0.4490120 0.0337000
vn 0.0000000 0.0000000 0.0000000
v -0.0499999 0.4490300 0.0337000
vn 0.0000000 0.0000000 0.0000000
v -0.0574820 0.5798880 -0.0250940
vn 0.0000000 0.0000000 0.0000000
v -0.0578080 0.5791990 -0.0246740
vn 0.0000000 0.0000000 0.0000000
v -0.0601050 0.5740870 -0.0217680
vn 0.0000000 0.0000000 0.0000000
v -0.0578080 0.5791990 -0.0246740
vn 0.0000000 0.0000000 0.0000000
v -0.0602650 0.5745830 -0.0217929
vn 0.0000000 0.0000000 0.0000000
v -0.0550330 0.5781830 -0.0250710
vn 0.0000000 0.0000000 0.0000000
v -0.0551980 0.5778400 -0.0248600
vn 0.0000000 0.0000000 0.0000000
v -0.0605389 0.5665520 -0.0187890
vn 0.0000000 0.0000000 0.0000000
v -0.0551980 0.5778400 -0.0248600
vn 0.0000000 0.0000000 0.0000000
v -0.0548699 0.5785220 -0.0252790
vn 0.0000000 0.0000000 0.0000000
v -0.0601460 0.5728750 -0.0213860
vn 0.0000000 0.0000000 0.0000000
v -0.0499999 0.5778400 -0.0248600
vn 0.0000000 0.0000000 0.0000000
v -0.0551980 0.5778400 -0.0248600
vn 0.0000000 0.0000000 0.0000000
v -0.0550330 0.5781830 -0.0250710
vn 0.0000000 0.0000000 0.0000000
v -0.0499999 0.5515730 -0.0130160
vn 0.0000000 0.0000000 0.0000000
v -0.0605389 0.5665520 -0.0187890
vn 0.0000000 0.0000000 0.0000000
v -0.0551980 0.5778400 -0.0248600
vn 0.0000000 0.0000000 0.0000000
v -0.0499999 0.5778400 -0.0248600
vn 0.0000000 0.0000000 0.0000000
v -0.0548699 0.5785220 -0.0252790
vn 0.0000000 0.0000000 0.0000000
v -0.0548699 0.5818950 -0.0259620
vn 0.0000000 0.0000000 0.0000000
v -0.0548699 0.5785220 -0.0252790
vn 0.0000000 0.0000000 0.0000000
v -0.0574820 0.5798880 -0.0250940
vn 0.0000000 0.0000000 0.0000000
v -0.0499999 0.5785220 -0.0252790
vn 0.0000000 0.0000000 0.0000000
v -0.0548699 0.5785220 -0.0252790
vn 0.0000000 0.0000000 0.0000000
v -0.0548699 0.5818950 -0.0259620
vn 0.0000000 0.0000000 0.0000000
v -0.0499999 0.5785220 -0.0252790
vn 0.0000000 0.0000000 0.0000000
v -0.0561930 0.5840970 -0.0248279
vn 0.0000000 0.0000000 0.0000000
v -0.0548699 0.5826870 -0.0257740
vn 0.0000000 0.0000000 0.0000000
v -0.0814180 0.5169660 -0.0062360
vn 0.0000000 0.0000000 0.0000000
v -0.0752530 0.5361040 -0.0084720
vn 0.0000000 0.0000000 0.0000000
v -0.0807200 0.5167980 -0.0068300
vn 0.0000000 0.0000000 0.0000000
v -0.0687140 0.5545670 -0.0130620
vn 0.0000000 0.0000000 0.0000000
v -0.0641060 0.5711980 -0.0174730
vn 0.0000000 0.0000000 0.0000000
v -0.0642630 0.5712890 -0.0171280
vn 0.0000000 0.0000000 0.0000000
v -0.0636380 0.5711090 -0.0182280
vn 0.0000000 0.0000000 0.0000000
v -0.0631750 0.5712370 -0.0187720
vn 0.0000000 0.0000000 0.0000000
v -0.0636380 0.5711090 -0.0182280
vn 0.0000000 0.0000000 0.0000000
v -0.0641060 0.5711980 -0.0174730
vn 0.0000000 0.0000000 0.0000000
v -0.0633970 0.5713900 -0.0180470
vn 0.0000000 0.0000000 0.0000000
v -0.0642630 0.5712890 -0.0171280
vn 0.0000000 0.0000000 0.0000000
v -0.0639950 0.5715200 -0.0170880
vn 0.0000000 0.0000000 0.0000000
v -0.0625850 0.5712670 -0.0193970
vn 0.0000000 0.0000000 0.0000000
v -0.0625850 0.5712670 -0.0193970
vn 0.0000000 0.0000000 0.0000000
v -0.0807200 0.5167980 -0.0068300
vn 0.0000000 0.0000000 0.0000000
v -0.0779800 0.5161400 -0.0077000
vn 0.0000000 0.0000000 0.0000000
v -0.0779800 0.5161400 -0.0077000
vn 0.0000000 0.0000000 0.0000000
v -0.0727140 0.5346690 -0.0091259
vn 0.0000000 0.0000000 0.0000000
v -0.0652300 0.5554840 -0.0142980
vn 0.0000000 0.0000000 0.0000000
v -0.0613610 0.5717650 -0.0204109
vn 0.0000000 0.0000000 0.0000000
v -0.0606109 0.5722770 -0.0209730
vn 0.0000000 0.0000000 0.0000000
v -0.0609890 0.5722930 -0.0205830
vn 0.0000000 0.0000000 0.0000000
v -0.0606109 0.5722770 -0.0209730
vn 0.0000000 0.0000000 0.0000000
v -0.0613610 0.5717650 -0.0204109
vn 0.0000000 0.0000000 0.0000000
v -0.0620810 0.5716380 -0.0197810
vn 0.0000000 0.0000000 0.0000000
v -0.0602280 0.5732560 -0.0211980
vn 0.0000000 0.0000000 0.0000000
v -0.0601460 0.5728750 -0.0213860
vn 0.0000000 0.0000000 0.0000000
v -0.0499999 0.5161400 -0.0077000
vn 0.0000000 0.0000000 0.0000000
v -0.0779800 0.5161400 -0.0077000
vn 0.0000000 0.0000000 0.0000000
v -0.0727140 0.5346690 -0.0091259
vn 0.0000000 0.0000000 0.0000000
v -0.0786850 0.5131430 -0.0077000
vn 0.0000000 0.0000000 0.0000000
v -0.0786850 0.5131430 -0.0077000
vn 0.0000000 0.0000000 0.0000000
v -0.0779800 0.5161400 -0.0077000
vn 0.0000000 0.0000000 0.0000000
v -0.0793620 0.5101400 -0.0077000
vn 0.0000000 0.0000000 0.0000000
v -0.0499999 0.5161400 -0.0077000
vn 0.0000000 0.0000000 0.0000000
v -0.0652300 0.5554840 -0.0142980
vn 0.0000000 0.0000000 0.0000000
v -0.0499999 0.5308210 -0.0085919
vn 0.0000000 0.0000000 0.0000000
v -0.0601050 0.5740870 -0.0217680
vn 0.0000000 0.0000000 0.0000000
v -0.0603690 0.5745470 -0.0214580
vn 0.0000000 0.0000000 0.0000000
v -0.0602650 0.5745830 -0.0217929
vn 0.0000000 0.0000000 0.0000000
v -0.0613710 0.5769310 -0.0205910
vn 0.0000000 0.0000000 0.0000000
v -0.0602650 0.5745830 -0.0217929
vn 0.0000000 0.0000000 0.0000000
v -0.0603690 0.5745470 -0.0214580
vn 0.0000000 0.0000000 0.0000000
v -0.0793620 0.5101400 -0.0077000
vn 0.0000000 0.0000000 0.0000000
v -0.0793620 0.5101400 -0.0077000
vn 0.0000000 0.0000000 0.0000000
v -0.0822770 0.4962440 -0.0090400
vn 0.0000000 0.0000000 0.0000000
v -0.0499999 0.4963060 -0.0090280
vn 0.0000000 0.0000000 0.0000000
v -0.0822770 0.4962440 -0.0090400
vn 0.0000000 0.0000000 0.0000000
v -0.0793620 0.5101400 -0.0077000
vn 0.0000000 0.0000000 0.0000000
v -0.0499999 0.5101400 -0.0077000
vn 0.0000000 0.0000000 0.0000000
v -0.0499999 0.5101400 -0.0077000
vn 0.0000000 0.0000000 0.0000000
v -0.0825699 0.4946280 -0.0093720
vn 0.0000000 0.0000000 0.0000000
v -0.0499999 0.4887710 -0.0108980
vn 0.0000000 0.0000000 0.0000000
v -0.0825699 0.4946280 -0.0093720
vn 0.0000000 0.0000000 0.0000000
v -0.0837090 0.4877470 -0.0112170
vn 0.0000000 0.0000000 0.0000000
v -0.0837090 0.4877470 -0.0112170
vn 0.0000000 0.0000000 0.0000000
v -0.0848400 0.4795730 -0.0143600
vn 0.0000000 0.0000000 0.0000000
v -0.0848400 0.4795730 -0.0143600
vn 0.0000000 0.0000000 0.0000000
v -0.0499999 0.4795730 -0.0143600
vn 0.0000000 0.0000000 0.0000000
v -0.0848400 0.4795730 -0.0143600
vn 0.0000000 0.0000000 0.0000000
v -0.0858689 0.4698030 -0.0194360
vn 0.0000000 0.0000000 0.0000000
v -0.0499999 0.4722480 -0.0180350
vn 0.0000000 0.0000000 0.0000000
v -0.0858689 0.4698030 -0.0194360
vn 0.0000000 0.0000000 0.0000000
v -0.0848400 0.4795730 -0.0143600
vn 0.0000000 0.0000000 0.0000000
v -0.0499999 0.4795730 -0.0143600
vn 0.0000000 0.0000000 0.0000000
v -0.0862470 0.4650950 -0.0223940
vn 0.0000000 0.0000000 0.0000000
v -0.0499999 0.5860680 0.0131270
vn 0.0000000 0.0000000 0.0000000
v -0.0548699 0.5861400 0.0135000
vn 0.0000000 0.0000000 0.0000000
v -0.0499999 0.5861400 0.0135000
vn 0.0000000 0.0000000 0.0000000
v -0.0499999 0.5858540 0.0128000
vn 0.0000000 0.0000000 0.0000000
v -0.0548699 0.5858470 0.0127930
vn 0.0000000 0.0000000 0.0000000
v -0.0577280 0.5847700 0.0124540
vn 0.0000000 0.0000000 0.0000000
v -0.0562830 0.5859360 0.0135000
vn 0.0000000 0.0000000 0.0000000
v -0.0562000 0.5856550 0.0127930
vn 0.0000000 0.0000000 0.0000000
v -0.0548699 0.5861400 -0.0210190
vn 0.0000000 0.0000000 0.0000000
v -0.0575520 0.5853600 -0.0210190
vn 0.0000000 0.0000000 0.0000000
v -0.0562830 0.5859360 -0.0135000
vn 0.0000000 0.0000000 0.0000000
v -0.0575520 0.5853600 -0.0210190
vn 0.0000000 0.0000000 0.0000000
v -0.0548699 0.5861400 -0.0135000
vn 0.0000000 0.0000000 0.0000000
v -0.0548699 0.5861400 -0.0210190
vn 0.0000000 0.0000000 0.0000000
v -0.0555840 0.5860890 -0.0135000
vn 0.0000000 0.0000000 0.0000000
v -0.0499999 0.5861400 -0.0210190
vn 0.0000000 0.0000000 0.0000000
v -0.0548699 0.5861400 -0.0210190
vn 0.0000000 0.0000000 0.0000000
v -0.0548699 0.5861400 -0.0135000
vn 0.0000000 0.0000000 0.0000000
v -0.0548699 0.5849350 -0.0242740
vn 0.0000000 0.0000000 0.0000000
v -0.0499999 0.5849410 -0.0242680
vn 0.0000000 0.0000000 0.0000000
v -0.0548699 0.5849350 -0.0242740
vn 0.0000000 0.0000000 0.0000000
v -0.0548699 0.5861400 -0.0210190
vn 0.0000000 0.0000000 0.0000000
v -0.0499999 0.5861400 -0.0210190
vn 0.0000000 0.0000000 0.0000000
v -0.0562000 0.5856550 -0.0127930
vn 0.0000000 0.0000000 0.0000000
v -0.0548699 0.5861400 -0.0135000
vn 0.0000000 0.0000000 0.0000000
v -0.0555840 0.5860890 -0.0135000
vn 0.0000000 0.0000000 0.0000000
v -0.0499999 0.5861400 -0.0135000
vn 0.0000000 0.0000000 0.0000000
v -0.0548699 0.5858470 -0.0127930
vn 0.0000000 0.0000000 0.0000000
v -0.0499999 0.5861400 -0.0135000
vn 0.0000000 0.0000000 0.0000000
v -0.0548699 0.5861400 -0.0135000
vn 0.0000000 0.0000000 0.0000000
v -0.0548699 0.5858470 -0.0127930
vn 0.0000000 0.0000000 0.0000000
v -0.0562830 0.5859360 -0.0135000
vn 0.0000000 0.0000000 0.0000000
v -0.0577289 0.5847700 -0.0124550
vn 0.0000000 0.0000000 0.0000000
v -0.0562830 0.5859360 -0.0135000
vn 0.0000000 0.0000000 0.0000000
v -0.0562000 0.5856550 -0.0127930
vn 0.0000000 0.0000000 0.0000000
v -0.0587770 0.5833310 -0.0118059
vn 0.0000000 0.0000000 0.0000000
v -0.0499999 0.5819180 -0.0259580
vn 0.0000000 0.0000000 0.0000000
v -0.0548699 0.5826870 -0.0257740
vn 0.0000000 0.0000000 0.0000000
v -0.0560000 0.4441400 0.0317000
vn 0.0000000 0.0000000 0.0000000
v -0.0560000 0.4451400 0.0317000
vn 0.0000000 0.0000000 0.0000000
v -0.0560000 0.4451400 0.0332000
vn 0.0000000 0.0000000 0.0000000
v -0.0499999 0.4451400 0.0332000
vn 0.0000000 0.0000000 0.0000000
v -0.0560000 0.4451400 0.0332000
vn 0.0000000 0.0000000 0.0000000
v -0.0560000 0.4451400 0.0317000
vn 0.0000000 0.0000000 0.0000000
v -0.0560000 0.4420170 0.0325800
vn 0.0000000 0.0000000 0.0000000
v -0.0499999 0.4452860 0.0335530
vn 0.0000000 0.0000000 0.0000000
v -0.0560000 0.4451400 0.0332000
vn 0.0000000 0.0000000 0.0000000
v -0.0499999 0.4451400 0.0332000
vn 0.0000000 0.0000000 0.0000000
v -0.0562930 0.4441400 0.0309930
vn 0.0000000 0.0000000 0.0000000
v -0.0560000 0.4451400 0.0317000
vn 0.0000000 0.0000000 0.0000000
v -0.0560000 0.4441400 0.0317000
vn 0.0000000 0.0000000 0.0000000
v -0.0560360 0.4451400 0.0314330
vn 0.0000000 0.0000000 0.0000000
v -0.0560360 0.4451400 0.0314330
vn 0.0000000 0.0000000 0.0000000
v -0.0562930 0.4441400 0.0309930
vn 0.0000000 0.0000000 0.0000000
v -0.0560000 0.4441400 0.0317000
vn 0.0000000 0.0000000 0.0000000
v -0.0560000 0.4420170 0.0325800
vn 0.0000000 0.0000000 0.0000000
v -0.0560000 0.4452090 0.0334520
vn 0.0000000 0.0000000 0.0000000
v -0.0560000 0.4411400 0.0347000
vn 0.0000000 0.0000000 0.0000000
v -0.0562930 0.4409300 0.0328460
vn 0.0000000 0.0000000 0.0000000
v -0.0560000 0.4411400 0.0347000
vn 0.0000000 0.0000000 0.0000000
v -0.0562930 0.4422860 0.0314900
vn 0.0000000 0.0000000 0.0000000
v -0.0560000 0.4421400 0.0465000
vn 0.0000000 0.0000000 0.0000000
v -0.0560000 0.4411400 0.0465000
vn 0.0000000 0.0000000 0.0000000
v -0.0560000 0.4411400 0.0347000
vn 0.0000000 0.0000000 0.0000000
v -0.0560000 0.4411400 0.0465000
vn 0.0000000 0.0000000 0.0000000
v -0.0560000 0.4421400 0.0387000
vn 0.0000000 0.0000000 0.0000000
v -0.0560000 0.4430170 0.0355770
vn 0.0000000 0.0000000 0.0000000
v -0.0557070 0.4421400 0.0472070
vn 0.0000000 0.0000000 0.0000000
v -0.0560000 0.4411400 0.0465000
vn 0.0000000 0.0000000 0.0000000
v -0.0560000 0.4421400 0.0465000
vn 0.0000000 0.0000000 0.0000000
v -0.0557070 0.4411400 0.0472070
vn 0.0000000 0.0000000 0.0000000
v -0.0560000 0.4411400 0.0465000
vn 0.0000000 0.0000000 0.0000000
v -0.0557070 0.4411400 0.0472070
vn 0.0000000 0.0000000 0.0000000
v -0.0560000 0.4421400 0.0465000
vn 0.0000000 0.0000000 0.0000000
v -0.0560000 0.4421400 0.0387000
vn 0.0000000 0.0000000 0.0000000
v -0.0557070 0.4421400 0.0472070
vn 0.0000000 0.0000000 0.0000000
v -0.0560000 0.4421400 0.0465000
vn 0.0000000 0.0000000 0.0000000
v -0.0560000 0.4421400 0.0387000
vn 0.0000000 0.0000000 0.0000000
v -0.0560000 0.4430170 0.0355770
vn 0.0000000 0.0000000 0.0000000
v -0.0560000 0.4452090 0.0334520
vn 0.0000000 0.0000000 0.0000000
v -0.0560000 0.4452090 0.0334520
vn 0.0000000 0.0000000 0.0000000
v -0.0560290 0.4453950 0.0336360
vn 0.0000000 0.0000000 0.0000000
v -0.0560290 0.4453950 0.0336360
vn 0.0000000 0.0000000 0.0000000
v -0.0530000 0.4421400 0.0475000
vn 0.0000000 0.0000000 0.0000000
v -0.0549999 0.4411400 0.0475000
vn 0.0000000 0.0000000 0.0000000
v -0.0549999 0.4421400 0.0475000
vn 0.0000000 0.0000000 0.0000000
v -0.0549999 0.4421400 0.0475000
vn 0.0000000 0.0000000 0.0000000
v -0.0549999 0.4411400 0.0475000
vn 0.0000000 0.0000000 0.0000000
v -0.0530000 0.4421400 0.0475000
vn 0.0000000 0.0000000 0.0000000
v -0.0549999 0.4421400 0.0475000
vn 0.0000000 0.0000000 0.0000000
v -0.0549999 0.4421400 0.0475000
vn 0.0000000 0.0000000 0.0000000
v -0.0530000 0.4411400 0.0475000
vn 0.0000000 0.0000000 0.0000000
v -0.0549999 0.4411400 0.0475000
vn 0.0000000 0.0000000 0.0000000
v -0.0530000 0.4411400 0.0475000
vn 0.0000000 0.0000000 0.0000000
v -0.0549999 0.4411400 0.0475000
vn 0.0000000 0.0000000 0.0000000
v -0.0522930 0.4421400 0.0477930
vn 0.0000000 0.0000000 0.0000000
v -0.0530000 0.4411400 0.0475000
vn 0.0000000 0.0000000 0.0000000
v -0.0530000 0.4421400 0.0475000
vn 0.0000000 0.0000000 0.0000000
v -0.0522930 0.4411400 0.0477930
vn 0.0000000 0.0000000 0.0000000
v -0.0530000 0.4411400 0.0475000
vn 0.0000000 0.0000000 0.0000000
v -0.0522930 0.4411400 0.0477930
vn 0.0000000 0.0000000 0.0000000
v -0.0530000 0.4425120 0.0475719
vn 0.0000000 0.0000000 0.0000000
v -0.0522930 0.4421400 0.0477930
vn 0.0000000 0.0000000 0.0000000
v -0.0530000 0.4421400 0.0475000
vn 0.0000000 0.0000000 0.0000000
v -0.0530000 0.4425120 0.0475719
vn 0.0000000 0.0000000 0.0000000
v -0.0520000 0.4421400 0.0585000
vn 0.0000000 0.0000000 0.0000000
v -0.0520000 0.4411400 0.0485000
vn 0.0000000 0.0000000 0.0000000
v -0.0520000 0.4421400 0.0485000
vn 0.0000000 0.0000000 0.0000000
v -0.0520000 0.4421400 0.0485000
vn 0.0000000 0.0000000 0.0000000
v -0.0520000 0.4411400 0.0485000
vn 0.0000000 0.0000000 0.0000000
v -0.0520720 0.4425130 0.0485000
vn 0.0000000 0.0000000 0.0000000
v -0.0520000 0.4421400 0.0585000
vn 0.0000000 0.0000000 0.0000000
v -0.0520000 0.4421400 0.0485000
vn 0.0000000 0.0000000 0.0000000
v -0.0523879 0.4426400 0.0478880
vn 0.0000000 0.0000000 0.0000000
v -0.0520000 0.4421400 0.0485000
vn 0.0000000 0.0000000 0.0000000
v -0.0520720 0.4425130 0.0485000
vn 0.0000000 0.0000000 0.0000000
v -0.0520000 0.4411400 0.0585000
vn 0.0000000 0.0000000 0.0000000
v -0.0520000 0.4411400 0.0485000
vn 0.0000000 0.0000000 0.0000000
v -0.0520000 0.4411400 0.0585000
vn 0.0000000 0.0000000 0.0000000
v -0.0520000 0.4411400 0.0485000
vn 0.0000000 0.0000000 0.0000000
v -0.0485150 0.4421400 0.0772170
vn 0.0000000 0.0000000 0.0000000
v -0.0520000 0.4411400 0.0585000
vn 0.0000000 0.0000000 0.0000000
v -0.0520000 0.4421400 0.0585000
vn 0.0000000 0.0000000 0.0000000
v -0.0485060 0.4411400 0.0772400
vn 0.0000000 0.0000000 0.0000000
v -0.0520000 0.4411400 0.0585000
vn 0.0000000 0.0000000 0.0000000
v -0.0485060 0.4411400 0.0772400
vn 0.0000000 0.0000000 0.0000000
v -0.0485150 0.4421400 0.0772170
vn 0.0000000 0.0000000 0.0000000
v -0.0520000 0.4421400 0.0585000
vn 0.0000000 0.0000000 0.0000000
v -0.0384930 0.4411400 0.0934610
vn 0.0000000 0.0000000 0.0000000
v -0.0385260 0.4421400 0.0934240
vn 0.0000000 0.0000000 0.0000000
v -0.0385260 0.4421400 0.0934240
vn 0.0000000 0.0000000 0.0000000
v -0.0384930 0.4411400 0.0934610
vn 0.0000000 0.0000000 0.0000000
v -0.0490000 0.5734490 -0.0158020
vn 0.0000000 0.0000000 0.0000000
v -0.0490000 0.5731270 -0.0171240
vn 0.0000000 0.0000000 0.0000000
v -0.0490000 0.5746400 -0.0162499
vn 0.0000000 0.0000000 0.0000000
v -0.0585000 0.5746400 -0.0162499
vn 0.0000000 0.0000000 0.0000000
v -0.0490000 0.5746400 -0.0162499
vn 0.0000000 0.0000000 0.0000000
v -0.0490000 0.5731270 -0.0171240
vn 0.0000000 0.0000000 0.0000000
v -0.0490000 0.5747490 -0.0155020
vn 0.0000000 0.0000000 0.0000000
v -0.0490000 0.5761530 -0.0171240
vn 0.0000000 0.0000000 0.0000000
v -0.0585000 0.5761530 -0.0171240
vn 0.0000000 0.0000000 0.0000000
v -0.0490000 0.5761530 -0.0171240
vn 0.0000000 0.0000000 0.0000000
v -0.0490000 0.5746400 -0.0162499
vn 0.0000000 0.0000000 0.0000000
v -0.0490000 0.5740790 -0.0155640
vn 0.0000000 0.0000000 0.0000000
v -0.0585000 0.5746400 -0.0162499
vn 0.0000000 0.0000000 0.0000000
v -0.0490000 0.5695090 -0.0168760
vn 0.0000000 0.0000000 0.0000000
v -0.0490000 0.5731270 -0.0188759
vn 0.0000000 0.0000000 0.0000000
v -0.0585000 0.5731270 -0.0171240
vn 0.0000000 0.0000000 0.0000000
v -0.0490000 0.5731270 -0.0188759
vn 0.0000000 0.0000000 0.0000000
v -0.0490000 0.5783630 -0.0240080
vn 0.0000000 0.0000000 0.0000000
v -0.0490000 0.5746400 -0.0197500
vn 0.0000000 0.0000000 0.0000000
v -0.0585000 0.5731270 -0.0188759
vn 0.0000000 0.0000000 0.0000000
v -0.0490000 0.5746400 -0.0197500
vn 0.0000000 0.0000000 0.0000000
v -0.0490000 0.5761530 -0.0188759
vn 0.0000000 0.0000000 0.0000000
v -0.0585000 0.5746400 -0.0197500
vn 0.0000000 0.0000000 0.0000000
v -0.0490000 0.5746400 -0.0197500
vn 0.0000000 0.0000000 0.0000000
v -0.0490000 0.5761530 -0.0188759
vn 0.0000000 0.0000000 0.0000000
v -0.0585000 0.5746400 -0.0197500
vn 0.0000000 0.0000000 0.0000000
v -0.0585000 0.5761530 -0.0188759
vn 0.0000000 0.0000000 0.0000000
v -0.0490000 0.5779610 -0.0150559
vn 0.0000000 0.0000000 0.0000000
v -0.0490000 0.5529440 0.0123970
vn 0.0000000 0.0000000 0.0000000
v -0.0490000 0.5731270 0.0188759
vn 0.0000000 0.0000000 0.0000000
v -0.0490000 0.5746400 0.0197500
vn 0.0000000 0.0000000 0.0000000
v -0.0585000 0.5746400 0.0197500
vn 0.0000000 0.0000000 0.0000000
v -0.0490000 0.5746400 0.0197500
vn 0.0000000 0.0000000 0.0000000
v -0.0490000 0.5731270 0.0188759
vn 0.0000000 0.0000000 0.0000000
v -0.0490000 0.5783630 0.0240080
vn 0.0000000 0.0000000 0.0000000
v -0.0490000 0.5761530 0.0188759
vn 0.0000000 0.0000000 0.0000000
v -0.0585000 0.5761530 0.0188759
vn 0.0000000 0.0000000 0.0000000
v -0.0490000 0.5761530 0.0188759
vn 0.0000000 0.0000000 0.0000000
v -0.0490000 0.5746400 0.0197500
vn 0.0000000 0.0000000 0.0000000
v -0.0585000 0.5746400 0.0197500
vn 0.0000000 0.0000000 0.0000000
v -0.0490000 0.5695090 0.0168760
vn 0.0000000 0.0000000 0.0000000
v -0.0490000 0.5731270 0.0171240
vn 0.0000000 0.0000000 0.0000000
v -0.0585000 0.5731270 0.0188759
vn 0.0000000 0.0000000 0.0000000
v -0.0490000 0.5731270 0.0171240
vn 0.0000000 0.0000000 0.0000000
v -0.0490000 0.5654980 0.0161090
vn 0.0000000 0.0000000 0.0000000
v -0.0490000 0.5740780 0.0155640
vn 0.0000000 0.0000000 0.0000000
v -0.0490000 0.5746400 0.0162499
vn 0.0000000 0.0000000 0.0000000
v -0.0585000 0.5731270 0.0171240
vn 0.0000000 0.0000000 0.0000000
v -0.0490000 0.5746400 0.0162499
vn 0.0000000 0.0000000 0.0000000
v -0.0490000 0.5734490 0.0158020
vn 0.0000000 0.0000000 0.0000000
v -0.0490000 0.5747490 0.0155020
vn 0.0000000 0.0000000 0.0000000
v -0.0490000 0.5761530 0.0171240
vn 0.0000000 0.0000000 0.0000000
v -0.0585000 0.5746400 0.0162499
vn 0.0000000 0.0000000 0.0000000
v -0.0490000 0.5746400 0.0162499
vn 0.0000000 0.0000000 0.0000000
v -0.0490000 0.5761530 0.0171240
vn 0.0000000 0.0000000 0.0000000
v -0.0585000 0.5746400 0.0162499
vn 0.0000000 0.0000000 0.0000000
v -0.0490000 0.5779610 0.0150559
vn 0.0000000 0.0000000 0.0000000
v -0.0585000 0.5761530 0.0171240
vn 0.0000000 0.0000000 0.0000000
v -0.0490000 0.5808100 -0.0135000
vn 0.0000000 0.0000000 0.0000000
v -0.0490000 0.5851400 -0.0210190
vn 0.0000000 0.0000000 0.0000000
v -0.0490000 0.5851400 -0.0135000
vn 0.0000000 0.0000000 0.0000000
v -0.0492930 0.5858470 -0.0210190
vn 0.0000000 0.0000000 0.0000000
v -0.0490000 0.5851400 -0.0135000
vn 0.0000000 0.0000000 0.0000000
v -0.0490000 0.5851400 -0.0210190
vn 0.0000000 0.0000000 0.0000000
v -0.0492859 0.5851400 -0.0128000
vn 0.0000000 0.0000000 0.0000000
v -0.0490000 0.5808100 -0.0135000
vn 0.0000000 0.0000000 0.0000000
v -0.0490000 0.5851400 -0.0135000
vn 0.0000000 0.0000000 0.0000000
v -0.0492930 0.5858470 -0.0135000
vn 0.0000000 0.0000000 0.0000000
v -0.0492859 0.5851400 -0.0128000
vn 0.0000000 0.0000000 0.0000000
v -0.0490000 0.5851400 -0.0135000
vn 0.0000000 0.0000000 0.0000000
v -0.0492930 0.5858470 -0.0135000
vn 0.0000000 0.0000000 0.0000000
v -0.0490000 0.5841900 -0.0236070
vn 0.0000000 0.0000000 0.0000000
v -0.0492930 0.5858470 -0.0210190
vn 0.0000000 0.0000000 0.0000000
v -0.0490000 0.5851400 -0.0210190
vn 0.0000000 0.0000000 0.0000000
v -0.0490000 0.5841900 -0.0236070
vn 0.0000000 0.0000000 0.0000000
v -0.0490000 0.5817640 -0.0249700
vn 0.0000000 0.0000000 0.0000000
v -0.0492930 0.5847180 -0.0240780
vn 0.0000000 0.0000000 0.0000000
v -0.0490000 0.5817640 -0.0249700
vn 0.0000000 0.0000000 0.0000000
v -0.0490000 0.5790450 -0.0244270
vn 0.0000000 0.0000000 0.0000000
v -0.0492930 0.5818720 -0.0256690
vn 0.0000000 0.0000000 0.0000000
v -0.0490000 0.5790450 -0.0244270
vn 0.0000000 0.0000000 0.0000000
v -0.0492930 0.5779930 -0.0246100
vn 0.0000000 0.0000000 0.0000000
v -0.0490000 0.5790450 -0.0244270
vn 0.0000000 0.0000000 0.0000000
v -0.0490000 0.5783630 -0.0240080
vn 0.0000000 0.0000000 0.0000000
v -0.0492930 0.5786750 -0.0250290
vn 0.0000000 0.0000000 0.0000000
v -0.0492930 0.5786750 -0.0250290
vn 0.0000000 0.0000000 0.0000000
v -0.0490000 0.5654980 -0.0161090
vn 0.0000000 0.0000000 0.0000000
v -0.0490000 0.5518670 -0.0120630
vn 0.0000000 0.0000000 0.0000000
v -0.0492930 0.5779930 -0.0246100
vn 0.0000000 0.0000000 0.0000000
v -0.0490000 0.5783630 -0.0240080
vn 0.0000000 0.0000000 0.0000000
v -0.0490000 0.5518670 -0.0120630
vn 0.0000000 0.0000000 0.0000000
v -0.0490000 0.5314380 -0.0066540
vn 0.0000000 0.0000000 0.0000000
v -0.0490000 0.5309430 -0.0075990
vn 0.0000000 0.0000000 0.0000000
v -0.0492930 0.5482580 -0.0117420
vn 0.0000000 0.0000000 0.0000000
v -0.0490000 0.5309430 -0.0075990
vn 0.0000000 0.0000000 0.0000000
v -0.0490000 0.5454170 -0.0092370
vn 0.0000000 0.0000000 0.0000000
v -0.0490000 0.5161400 -0.0057000
vn 0.0000000 0.0000000 0.0000000
v -0.0490000 0.5161400 -0.0067000
vn 0.0000000 0.0000000 0.0000000
v -0.0490000 0.5161400 -0.0067000
vn 0.0000000 0.0000000 0.0000000
v -0.0490000 0.5101400 -0.0057000
vn 0.0000000 0.0000000 0.0000000
v -0.0490000 0.5101400 -0.0067000
vn 0.0000000 0.0000000 0.0000000
v -0.0492930 0.5101400 -0.0074069
vn 0.0000000 0.0000000 0.0000000
v -0.0490000 0.5161400 -0.0067000
vn 0.0000000 0.0000000 0.0000000
v -0.0490000 0.5101400 -0.0067000
vn 0.0000000 0.0000000 0.0000000
v -0.0492930 0.5161400 -0.0074069
vn 0.0000000 0.0000000 0.0000000
v -0.0492930 0.5161400 -0.0074069
vn 0.0000000 0.0000000 0.0000000
v -0.0490000 0.4953140 -0.0071850
vn 0.0000000 0.0000000 0.0000000
v -0.0490000 0.4961170 -0.0080460
vn 0.0000000 0.0000000 0.0000000
v -0.0492930 0.5101400 -0.0074069
vn 0.0000000 0.0000000 0.0000000
v -0.0490000 0.5101400 -0.0067000
vn 0.0000000 0.0000000 0.0000000
v -0.0490000 0.4961170 -0.0080460
vn 0.0000000 0.0000000 0.0000000
v -0.0490000 0.4884800 -0.0099410
vn 0.0000000 0.0000000 0.0000000
v -0.0492930 0.4944430 -0.0091130
vn 0.0000000 0.0000000 0.0000000
v -0.0490000 0.4884800 -0.0099410
vn 0.0000000 0.0000000 0.0000000
v -0.0490000 0.4874690 -0.0092069
vn 0.0000000 0.0000000 0.0000000
v -0.0490000 0.4791620 -0.0134489
vn 0.0000000 0.0000000 0.0000000
v -0.0490000 0.4791620 -0.0134489
vn 0.0000000 0.0000000 0.0000000
v -0.0490000 0.4787510 -0.0125370
vn 0.0000000 0.0000000 0.0000000
v -0.0492930 0.4794530 -0.0140930
vn 0.0000000 0.0000000 0.0000000
v -0.0492930 0.4794530 -0.0140930
vn 0.0000000 0.0000000 0.0000000
v -0.0492930 0.4784600 -0.0118930
vn 0.0000000 0.0000000 0.0000000
v -0.0490000 0.4787510 -0.0125370
vn 0.0000000 0.0000000 0.0000000
v -0.0490000 0.4874690 -0.0092069
vn 0.0000000 0.0000000 0.0000000
v -0.0492930 0.4939320 -0.0067530
vn 0.0000000 0.0000000 0.0000000
v -0.0490000 0.4953140 -0.0071850
vn 0.0000000 0.0000000 0.0000000
v -0.0490000 0.5101400 -0.0057000
vn 0.0000000 0.0000000 0.0000000
v -0.0492930 0.5161400 -0.0049930
vn 0.0000000 0.0000000 0.0000000
v -0.0490000 0.5101400 -0.0057000
vn 0.0000000 0.0000000 0.0000000
v -0.0490000 0.5161400 -0.0057000
vn 0.0000000 0.0000000 0.0000000
v -0.0492930 0.5101400 -0.0049930
vn 0.0000000 0.0000000 0.0000000
v -0.0492930 0.5101400 -0.0049930
vn 0.0000000 0.0000000 0.0000000
v -0.0492930 0.5161400 -0.0049930
vn 0.0000000 0.0000000 0.0000000
v -0.0490000 0.5161400 -0.0057000
vn 0.0000000 0.0000000 0.0000000
v -0.0490000 0.5314380 -0.0066540
vn 0.0000000 0.0000000 0.0000000
v -0.0492930 0.5415120 -0.0076219
vn 0.0000000 0.0000000 0.0000000
v -0.0490000 0.5454170 -0.0092370
vn 0.0000000 0.0000000 0.0000000
v -0.0490000 0.5654980 -0.0161090
vn 0.0000000 0.0000000 0.0000000
v -0.0492930 0.5657850 -0.0154630
vn 0.0000000 0.0000000 0.0000000
v -0.0490000 0.5654980 -0.0161090
vn 0.0000000 0.0000000 0.0000000
v -0.0490000 0.5695090 -0.0168760
vn 0.0000000 0.0000000 0.0000000
v -0.0492930 0.5657850 -0.0154630
vn 0.0000000 0.0000000 0.0000000
v -0.0492930 0.5694820 -0.0161750
vn 0.0000000 0.0000000 0.0000000
v -0.0490000 0.5734490 -0.0158020
vn 0.0000000 0.0000000 0.0000000
v -0.0492930 0.5747790 -0.0147959
vn 0.0000000 0.0000000 0.0000000
v -0.0490000 0.5734490 -0.0158020
vn 0.0000000 0.0000000 0.0000000
v -0.0490000 0.5740790 -0.0155640
vn 0.0000000 0.0000000 0.0000000
v -0.0492930 0.5731120 -0.0151800
vn 0.0000000 0.0000000 0.0000000
v -0.0492930 0.5731120 -0.0151800
vn 0.0000000 0.0000000 0.0000000
v -0.0490000 0.5747490 -0.0155020
vn 0.0000000 0.0000000 0.0000000
v -0.0492930 0.5803650 -0.0129510
vn 0.0000000 0.0000000 0.0000000
v -0.0490000 0.5747490 -0.0155020
vn 0.0000000 0.0000000 0.0000000
v -0.0490000 0.5779610 -0.0150559
vn 0.0000000 0.0000000 0.0000000
v -0.0492930 0.5747790 -0.0147959
vn 0.0000000 0.0000000 0.0000000
v -0.0490000 0.5808100 -0.0135000
vn 0.0000000 0.0000000 0.0000000
v -0.0492890 0.5808100 -0.0127960
vn 0.0000000 0.0000000 0.0000000
v -0.0492930 0.5803650 -0.0129510
vn 0.0000000 0.0000000 0.0000000
v -0.0490000 0.5808100 -0.0135000
vn 0.0000000 0.0000000 0.0000000
v -0.0492890 0.5808100 -0.0127960
vn 0.0000000 0.0000000 0.0000000
v -0.0490000 0.5808100 0.0135000
vn 0.0000000 0.0000000 0.0000000
v -0.0492930 0.5747790 0.0147959
vn 0.0000000 0.0000000 0.0000000
v -0.0490000 0.5808100 0.0135000
vn 0.0000000 0.0000000 0.0000000
v -0.0490000 0.5779610 0.0150559
vn 0.0000000 0.0000000 0.0000000
v -0.0490000 0.5790450 0.0244270
vn 0.0000000 0.0000000 0.0000000
v -0.0490000 0.5817470 0.0249730
vn 0.0000000 0.0000000 0.0000000
v -0.0490000 0.5851400 0.0135000
vn 0.0000000 0.0000000 0.0000000
v -0.0492890 0.5808100 0.0127960
vn 0.0000000 0.0000000 0.0000000
v -0.0490000 0.5851400 0.0135000
vn 0.0000000 0.0000000 0.0000000
v -0.0490000 0.5808100 0.0135000
vn 0.0000000 0.0000000 0.0000000
v -0.0492930 0.5803650 0.0129510
vn 0.0000000 0.0000000 0.0000000
v -0.0492890 0.5808100 0.0127960
vn 0.0000000 0.0000000 0.0000000
v -0.0490000 0.5808100 0.0135000
vn 0.0000000 0.0000000 0.0000000
v -0.0492930 0.5803650 0.0129510
vn 0.0000000 0.0000000 0.0000000
v -0.0490000 0.5747490 0.0155020
vn 0.0000000 0.0000000 0.0000000
v -0.0492930 0.5731120 0.0151800
vn 0.0000000 0.0000000 0.0000000
v -0.0490000 0.5747490 0.0155020
vn 0.0000000 0.0000000 0.0000000
v -0.0490000 0.5740780 0.0155640
vn 0.0000000 0.0000000 0.0000000
v -0.0492930 0.5747790 0.0147959
vn 0.0000000 0.0000000 0.0000000
v -0.0490000 0.5734490 0.0158020
vn 0.0000000 0.0000000 0.0000000
v -0.0492930 0.5731120 0.0151800
vn 0.0000000 0.0000000 0.0000000
v -0.0490000 0.5734490 0.0158020
vn 0.0000000 0.0000000 0.0000000
v -0.0490000 0.5695090 0.0168760
vn 0.0000000 0.0000000 0.0000000
v -0.0492930 0.5694820 0.0161750
vn 0.0000000 0.0000000 0.0000000
v -0.0490000 0.5654980 0.0161090
vn 0.0000000 0.0000000 0.0000000
v -0.0490000 0.5513230 0.0108490
vn 0.0000000 0.0000000 0.0000000
v -0.0492930 0.5657850 0.0154630
vn 0.0000000 0.0000000 0.0000000
v -0.0490000 0.5654980 0.0161090
vn 0.0000000 0.0000000 0.0000000
v -0.0490000 0.5513230 0.0108490
vn 0.0000000 0.0000000 0.0000000
v -0.0492930 0.5657850 0.0154630
vn 0.0000000 0.0000000 0.0000000
v -0.0490000 0.5317030 0.0076960
vn 0.0000000 0.0000000 0.0000000
v -0.0490000 0.5376000 0.0075850
vn 0.0000000 0.0000000 0.0000000
v -0.0492930 0.5415130 0.0076219
vn 0.0000000 0.0000000 0.0000000
v -0.0490000 0.5376000 0.0075850
vn 0.0000000 0.0000000 0.0000000
v -0.0490000 0.5161400 0.0067000
vn 0.0000000 0.0000000 0.0000000
v -0.0490000 0.5161400 0.0057000
vn 0.0000000 0.0000000 0.0000000
v -0.0490000 0.5161400 0.0057000
vn 0.0000000 0.0000000 0.0000000
v -0.0490000 0.5101400 0.0067000
vn 0.0000000 0.0000000 0.0000000
v -0.0490000 0.5101400 0.0057000
vn 0.0000000 0.0000000 0.0000000
v -0.0492930 0.5101400 0.0049930
vn 0.0000000 0.0000000 0.0000000
v -0.0490000 0.5161400 0.0057000
vn 0.0000000 0.0000000 0.0000000
v -0.0490000 0.5101400 0.0057000
vn 0.0000000 0.0000000 0.0000000
v -0.0492930 0.5161400 0.0049930
vn 0.0000000 0.0000000 0.0000000
v -0.0492930 0.5161400 0.0049930
vn 0.0000000 0.0000000 0.0000000
v -0.0490000 0.4954860 0.0081699
vn 0.0000000 0.0000000 0.0000000
v -0.0490000 0.4959360 0.0070620
vn 0.0000000 0.0000000 0.0000000
v -0.0492930 0.5101400 0.0049930
vn 0.0000000 0.0000000 0.0000000
v -0.0490000 0.5101400 0.0057000
vn 0.0000000 0.0000000 0.0000000
v -0.0490000 0.4959360 0.0070620
vn 0.0000000 0.0000000 0.0000000
v -0.0490000 0.4882140 0.0089779
vn 0.0000000 0.0000000 0.0000000
v -0.0492930 0.4939320 0.0067530
vn 0.0000000 0.0000000 0.0000000
v -0.0490000 0.4882140 0.0089779
vn 0.0000000 0.0000000 0.0000000
v -0.0490000 0.4791620 0.0134489
vn 0.0000000 0.0000000 0.0000000
v -0.0490000 0.4787510 0.0125370
vn 0.0000000 0.0000000 0.0000000
v -0.0490000 0.4787510 0.0125370
vn 0.0000000 0.0000000 0.0000000
v -0.0490000 0.4877170 0.0101770
vn 0.0000000 0.0000000 0.0000000
v -0.0490000 0.4647640 0.0214140
vn 0.0000000 0.0000000 0.0000000
v -0.0490000 0.4641800 0.0206010
vn 0.0000000 0.0000000 0.0000000
v -0.0491339 0.4638680 0.0202070
vn 0.0000000 0.0000000 0.0000000
v -0.0490000 0.4787510 0.0125370
vn 0.0000000 0.0000000 0.0000000
v -0.0490000 0.4641800 0.0206010
vn 0.0000000 0.0000000 0.0000000
v -0.0492930 0.4784600 0.0118930
vn 0.0000000 0.0000000 0.0000000
v -0.0492930 0.4784600 0.0118930
vn 0.0000000 0.0000000 0.0000000
v -0.0490000 0.4641300 0.0218370
vn 0.0000000 0.0000000 0.0000000
v -0.0490000 0.4633740 0.0211390
vn 0.0000000 0.0000000 0.0000000
v -0.0492930 0.4505300 0.0304110
vn 0.0000000 0.0000000 0.0000000
v -0.0490000 0.4633740 0.0211390
vn 0.0000000 0.0000000 0.0000000
v -0.0490000 0.4516910 0.0316620
vn 0.0000000 0.0000000 0.0000000
v -0.0490000 0.4510110 0.0309290
vn 0.0000000 0.0000000 0.0000000
v -0.0490000 0.4510110 0.0309290
vn 0.0000000 0.0000000 0.0000000
v -0.0490000 0.4490470 0.0317000
vn 0.0000000 0.0000000 0.0000000
v -0.0490000 0.4510110 0.0309290
vn 0.0000000 0.0000000 0.0000000
v -0.0490000 0.4501010 0.0315010
vn 0.0000000 0.0000000 0.0000000
v -0.0490000 0.4504670 0.0324309
vn 0.0000000 0.0000000 0.0000000
v -0.0490000 0.4501010 0.0315010
vn 0.0000000 0.0000000 0.0000000
v -0.0492930 0.4505300 0.0304110
vn 0.0000000 0.0000000 0.0000000
v -0.0490000 0.4490470 0.0327000
vn 0.0000000 0.0000000 0.0000000
v -0.0490000 0.4490470 0.0317000
vn 0.0000000 0.0000000 0.0000000
v -0.0490000 0.4461400 0.0327000
vn 0.0000000 0.0000000 0.0000000
v -0.0490000 0.4461400 0.0317000
vn 0.0000000 0.0000000 0.0000000
v -0.0492130 0.4458310 0.0310830
vn 0.0000000 0.0000000 0.0000000
v -0.0490000 0.4490470 0.0317000
vn 0.0000000 0.0000000 0.0000000
v -0.0490000 0.4461400 0.0317000
vn 0.0000000 0.0000000 0.0000000
v -0.0492930 0.4490470 0.0309930
vn 0.0000000 0.0000000 0.0000000
v -0.0492930 0.4490470 0.0309930
vn 0.0000000 0.0000000 0.0000000
v -0.0492130 0.4455230 0.0330090
vn 0.0000000 0.0000000 0.0000000
v -0.0490000 0.4461400 0.0317000
vn 0.0000000 0.0000000 0.0000000
v -0.0490000 0.4461400 0.0327000
vn 0.0000000 0.0000000 0.0000000
v -0.0492130 0.4455230 0.0313910
vn 0.0000000 0.0000000 0.0000000
v -0.0492130 0.4458310 0.0310830
vn 0.0000000 0.0000000 0.0000000
v -0.0490000 0.4461400 0.0317000
vn 0.0000000 0.0000000 0.0000000
v -0.0492130 0.4455230 0.0313910
vn 0.0000000 0.0000000 0.0000000
v -0.0492130 0.4458310 0.0333170
vn 0.0000000 0.0000000 0.0000000
v -0.0490000 0.4461400 0.0327000
vn 0.0000000 0.0000000 0.0000000
v -0.0490000 0.4490470 0.0327000
vn 0.0000000 0.0000000 0.0000000
v -0.0492130 0.4458310 0.0333170
vn 0.0000000 0.0000000 0.0000000
v -0.0492130 0.4455230 0.0330090
vn 0.0000000 0.0000000 0.0000000
v -0.0490000 0.4461400 0.0327000
vn 0.0000000 0.0000000 0.0000000
v -0.0492930 0.4490470 0.0334070
vn 0.0000000 0.0000000 0.0000000
v -0.0490000 0.4490470 0.0327000
vn 0.0000000 0.0000000 0.0000000
v -0.0490000 0.4504670 0.0324309
vn 0.0000000 0.0000000 0.0000000
v -0.0492930 0.4490470 0.0334070
vn 0.0000000 0.0000000 0.0000000
v -0.0492930 0.4521720 0.0321800
vn 0.0000000 0.0000000 0.0000000
v -0.0490000 0.4516910 0.0316620
vn 0.0000000 0.0000000 0.0000000
v -0.0492930 0.4650890 0.0220460
vn 0.0000000 0.0000000 0.0000000
v -0.0490000 0.4516910 0.0316620
vn 0.0000000 0.0000000 0.0000000
v -0.0490000 0.4641300 0.0218370
vn 0.0000000 0.0000000 0.0000000
v -0.0492930 0.4521720 0.0321800
vn 0.0000000 0.0000000 0.0000000
v -0.0490000 0.4647640 0.0214140
vn 0.0000000 0.0000000 0.0000000
v -0.0492930 0.4794530 0.0140930
vn 0.0000000 0.0000000 0.0000000
v -0.0490000 0.4791620 0.0134489
vn 0.0000000 0.0000000 0.0000000
v -0.0492930 0.4794530 0.0140930
vn 0.0000000 0.0000000 0.0000000
v -0.0490000 0.4791620 0.0134489
vn 0.0000000 0.0000000 0.0000000
v -0.0490000 0.4877170 0.0101770
vn 0.0000000 0.0000000 0.0000000
v -0.0492930 0.4944420 0.0091130
vn 0.0000000 0.0000000 0.0000000
v -0.0490000 0.4954860 0.0081699
vn 0.0000000 0.0000000 0.0000000
v -0.0490000 0.5101400 0.0067000
vn 0.0000000 0.0000000 0.0000000
v -0.0492930 0.5161400 0.0074069
vn 0.0000000 0.0000000 0.0000000
v -0.0490000 0.5101400 0.0067000
vn 0.0000000 0.0000000 0.0000000
v -0.0490000 0.5161400 0.0067000
vn 0.0000000 0.0000000 0.0000000
v -0.0492930 0.5101400 0.0074069
vn 0.0000000 0.0000000 0.0000000
v -0.0492930 0.5101400 0.0074069
vn 0.0000000 0.0000000 0.0000000
v -0.0492930 0.5161400 0.0074069
vn 0.0000000 0.0000000 0.0000000
v -0.0490000 0.5161400 0.0067000
vn 0.0000000 0.0000000 0.0000000
v -0.0490000 0.5317030 0.0076960
vn 0.0000000 0.0000000 0.0000000
v -0.0492930 0.5482580 0.0117420
vn 0.0000000 0.0000000 0.0000000
v -0.0490000 0.5529440 0.0123970
vn 0.0000000 0.0000000 0.0000000
v -0.0490000 0.5783630 0.0240080
vn 0.0000000 0.0000000 0.0000000
v -0.0492930 0.5779930 0.0246100
vn 0.0000000 0.0000000 0.0000000
v -0.0490000 0.5841800 0.0236190
vn 0.0000000 0.0000000 0.0000000
v -0.0490000 0.5851400 0.0210190
vn 0.0000000 0.0000000 0.0000000
v -0.0492930 0.5858470 0.0135000
vn 0.0000000 0.0000000 0.0000000
v -0.0490000 0.5851400 0.0210190
vn 0.0000000 0.0000000 0.0000000
v -0.0490000 0.5851400 0.0135000
vn 0.0000000 0.0000000 0.0000000
v -0.0490720 0.5851400 0.0131280
vn 0.0000000 0.0000000 0.0000000
v -0.0492930 0.5858470 0.0135000
vn 0.0000000 0.0000000 0.0000000
v -0.0490000 0.5851400 0.0135000
vn 0.0000000 0.0000000 0.0000000
v -0.0490720 0.5851400 0.0131280
vn 0.0000000 0.0000000 0.0000000
v -0.0849120 0.4497370 0.0305689
vn 0.0000000 0.0000000 0.0000000
v -0.0848930 0.4490360 0.0307000
vn 0.0000000 0.0000000 0.0000000
v -0.0499999 0.4490360 0.0307000
vn 0.0000000 0.0000000 0.0000000
v -0.0849309 0.4503310 0.0301959
vn 0.0000000 0.0000000 0.0000000
v -0.0840060 0.4675670 -0.0172770
vn 0.0000000 0.0000000 0.0000000
v -0.0829220 0.4783390 -0.0116259
vn 0.0000000 0.0000000 0.0000000
v -0.0829220 0.4783390 -0.0116259
vn 0.0000000 0.0000000 0.0000000
v -0.0843230 0.4633490 -0.0199520
vn 0.0000000 0.0000000 0.0000000
v -0.0499999 0.4783390 -0.0116259
vn 0.0000000 0.0000000 0.0000000
v -0.0829220 0.4783390 -0.0116259
vn 0.0000000 0.0000000 0.0000000
v -0.0840060 0.4675670 -0.0172770
vn 0.0000000 0.0000000 0.0000000
v -0.0814800 0.4887690 -0.0077680
vn 0.0000000 0.0000000 0.0000000
v -0.0499999 0.4871690 -0.0082540
vn 0.0000000 0.0000000 0.0000000
v -0.0814800 0.4887690 -0.0077680
vn 0.0000000 0.0000000 0.0000000
v -0.0829220 0.4783390 -0.0116259
vn 0.0000000 0.0000000 0.0000000
v -0.0499999 0.4783390 -0.0116259
vn 0.0000000 0.0000000 0.0000000
v -0.0499999 0.4703900 -0.0156370
vn 0.0000000 0.0000000 0.0000000
v -0.0843230 0.4633490 -0.0199520
vn 0.0000000 0.0000000 0.0000000
v -0.0799870 0.4974400 -0.0057730
vn 0.0000000 0.0000000 0.0000000
v -0.0773140 0.5101400 -0.0046999
vn 0.0000000 0.0000000 0.0000000
v -0.0773140 0.5101400 -0.0046999
vn 0.0000000 0.0000000 0.0000000
v -0.0805790 0.4941840 -0.0063990
vn 0.0000000 0.0000000 0.0000000
v -0.0499999 0.5101400 -0.0046999
vn 0.0000000 0.0000000 0.0000000
v -0.0773140 0.5101400 -0.0046999
vn 0.0000000 0.0000000 0.0000000
v -0.0799870 0.4974400 -0.0057730
vn 0.0000000 0.0000000 0.0000000
v -0.0766330 0.5131430 -0.0046999
vn 0.0000000 0.0000000 0.0000000
v -0.0499999 0.5101400 -0.0046999
vn 0.0000000 0.0000000 0.0000000
v -0.0766330 0.5131430 -0.0046999
vn 0.0000000 0.0000000 0.0000000
v -0.0773140 0.5101400 -0.0046999
vn 0.0000000 0.0000000 0.0000000
v -0.0499999 0.4951170 -0.0062050
vn 0.0000000 0.0000000 0.0000000
v -0.0805790 0.4941840 -0.0063990
vn 0.0000000 0.0000000 0.0000000
v -0.0759230 0.5161400 -0.0046999
vn 0.0000000 0.0000000 0.0000000
v -0.0759230 0.5161400 -0.0046999
vn 0.0000000 0.0000000 0.0000000
v -0.0759230 0.5161400 -0.0046999
vn 0.0000000 0.0000000 0.0000000
v -0.0684340 0.5414430 -0.0073090
vn 0.0000000 0.0000000 0.0000000
v -0.0691480 0.5393390 -0.0068880
vn 0.0000000 0.0000000 0.0000000
v -0.0499999 0.5315630 -0.0056610
vn 0.0000000 0.0000000 0.0000000
v -0.0691480 0.5393390 -0.0068880
vn 0.0000000 0.0000000 0.0000000
v -0.0759230 0.5161400 -0.0046999
vn 0.0000000 0.0000000 0.0000000
v -0.0499999 0.5161400 -0.0046999
vn 0.0000000 0.0000000 0.0000000
v -0.0499999 0.5161400 -0.0046999
vn 0.0000000 0.0000000 0.0000000
v -0.0766330 0.5131430 0.0046999
vn 0.0000000 0.0000000 0.0000000
v -0.0773140 0.5101400 0.0046999
vn 0.0000000 0.0000000 0.0000000
v -0.0773140 0.5101400 0.0046999
vn 0.0000000 0.0000000 0.0000000
v -0.0759230 0.5161400 0.0046999
vn 0.0000000 0.0000000 0.0000000
v -0.0759230 0.5161400 0.0046999
vn 0.0000000 0.0000000 0.0000000
v -0.0773140 0.5101400 0.0046999
vn 0.0000000 0.0000000 0.0000000
v -0.0766330 0.5131430 0.0046999
vn 0.0000000 0.0000000 0.0000000
v -0.0499999 0.5161400 0.0046999
vn 0.0000000 0.0000000 0.0000000
v -0.0798700 0.4980630 0.0056700
vn 0.0000000 0.0000000 0.0000000
v -0.0499999 0.4957470 0.0060810
vn 0.0000000 0.0000000 0.0000000
v -0.0798700 0.4980630 0.0056700
vn 0.0000000 0.0000000 0.0000000
v -0.0773140 0.5101400 0.0046999
vn 0.0000000 0.0000000 0.0000000
v -0.0499999 0.5101400 0.0046999
vn 0.0000000 0.0000000 0.0000000
v -0.0499999 0.5101400 0.0046999
vn 0.0000000 0.0000000 0.0000000
v -0.0694719 0.5383710 0.0067080
vn 0.0000000 0.0000000 0.0000000
v -0.0759230 0.5161400 0.0046999
vn 0.0000000 0.0000000 0.0000000
v -0.0499999 0.5161400 0.0046999
vn 0.0000000 0.0000000 0.0000000
v -0.0759230 0.5161400 0.0046999
vn 0.0000000 0.0000000 0.0000000
v -0.0694719 0.5383710 0.0067080
vn 0.0000000 0.0000000 0.0000000
v -0.0684600 0.5413680 0.0072930
vn 0.0000000 0.0000000 0.0000000
v -0.0813770 0.4894160 0.0075830
vn 0.0000000 0.0000000 0.0000000
v -0.0829220 0.4783390 0.0116259
vn 0.0000000 0.0000000 0.0000000
v -0.0829220 0.4783390 0.0116259
vn 0.0000000 0.0000000 0.0000000
v -0.0805690 0.4942390 0.0063870
vn 0.0000000 0.0000000 0.0000000
v -0.0499999 0.4783390 0.0116259
vn 0.0000000 0.0000000 0.0000000
v -0.0829220 0.4783390 0.0116259
vn 0.0000000 0.0000000 0.0000000
v -0.0813770 0.4894160 0.0075830
vn 0.0000000 0.0000000 0.0000000
v -0.0839090 0.4687070 0.0166010
vn 0.0000000 0.0000000 0.0000000
v -0.0499999 0.4707470 0.0154369
vn 0.0000000 0.0000000 0.0000000
v -0.0839090 0.4687070 0.0166010
vn 0.0000000 0.0000000 0.0000000
v -0.0829220 0.4783390 0.0116259
vn 0.0000000 0.0000000 0.0000000
v -0.0499999 0.4783390 0.0116259
vn 0.0000000 0.0000000 0.0000000
v -0.0499999 0.4879230 0.0080200
vn 0.0000000 0.0000000 0.0000000
v -0.0805690 0.4942390 0.0063870
vn 0.0000000 0.0000000 0.0000000
v -0.0845089 0.4604260 0.0219679
vn 0.0000000 0.0000000 0.0000000
v -0.0849309 0.4503310 0.0301959
vn 0.0000000 0.0000000 0.0000000
v -0.0845089 0.4604260 0.0219679
vn 0.0000000 0.0000000 0.0000000
v -0.0843249 0.4633310 0.0199640
vn 0.0000000 0.0000000 0.0000000
v -0.0499999 0.4628150 0.0203100
vn 0.0000000 0.0000000 0.0000000
v -0.0843249 0.4633310 0.0199640
vn 0.0000000 0.0000000 0.0000000
v -0.0499999 0.4635910 0.0197909
vn 0.0000000 0.0000000 0.0000000
v -0.0570000 0.4456400 0.0307000
vn 0.0000000 0.0000000 0.0000000
v -0.0570000 0.4441400 0.0307000
vn 0.0000000 0.0000000 0.0000000
v -0.0570000 0.4456400 0.0307000
vn 0.0000000 0.0000000 0.0000000
v -0.0564910 0.4452940 0.0308390
vn 0.0000000 0.0000000 0.0000000
v -0.0570000 0.4441400 0.0307000
vn 0.0000000 0.0000000 0.0000000
v -0.0645430 0.5521270 -0.0100480
vn 0.0000000 0.0000000 0.0000000
v -0.0591200 0.5652820 -0.0149209
vn 0.0000000 0.0000000 0.0000000
v -0.0499999 0.5659050 -0.0151960
vn 0.0000000 0.0000000 0.0000000
v -0.0591200 0.5652820 -0.0149209
vn 0.0000000 0.0000000 0.0000000
v -0.0645430 0.5521270 -0.0100480
vn 0.0000000 0.0000000 0.0000000
v -0.0613010 0.5678620 -0.0146230
vn 0.0000000 0.0000000 0.0000000
v -0.0591200 0.5652820 -0.0149209
vn 0.0000000 0.0000000 0.0000000
v -0.0589660 0.5655920 -0.0150570
vn 0.0000000 0.0000000 0.0000000
v -0.0589660 0.5655920 -0.0150570
vn 0.0000000 0.0000000 0.0000000
v -0.0499999 0.5456560 -0.0082660
vn 0.0000000 0.0000000 0.0000000
v -0.0684340 0.5414430 -0.0073090
vn 0.0000000 0.0000000 0.0000000
v -0.0621600 0.5696040 -0.0120160
vn 0.0000000 0.0000000 0.0000000
v -0.0591240 0.5652730 0.0149169
vn 0.0000000 0.0000000 0.0000000
v -0.0648670 0.5512830 0.0097940
vn 0.0000000 0.0000000 0.0000000
v -0.0499999 0.5377750 0.0066010
vn 0.0000000 0.0000000 0.0000000
v -0.0684600 0.5413680 0.0072930
vn 0.0000000 0.0000000 0.0000000
v -0.0648670 0.5512830 0.0097940
vn 0.0000000 0.0000000 0.0000000
v -0.0499999 0.5516110 0.0098920
vn 0.0000000 0.0000000 0.0000000
v -0.0591240 0.5652730 0.0149169
vn 0.0000000 0.0000000 0.0000000
v -0.0589650 0.5655930 0.0150570
vn 0.0000000 0.0000000 0.0000000
v -0.0591240 0.5652730 0.0149169
vn 0.0000000 0.0000000 0.0000000
v -0.0589650 0.5655930 0.0150570
vn 0.0000000 0.0000000 0.0000000
v -0.0613010 0.5678620 0.0146230
vn 0.0000000 0.0000000 0.0000000
v -0.0587700 0.5659050 0.0151960
vn 0.0000000 0.0000000 0.0000000
v -0.0540000 0.4011420 0.0850050
vn 0.0000000 0.0000000 0.0000000
v -0.0540000 0.4061940 0.0861260
vn 0.0000000 0.0000000 0.0000000
v -0.0540000 0.4081400 0.0872500
vn 0.0000000 0.0000000 0.0000000
v -0.0740000 0.4081400 0.0872500
vn 0.0000000 0.0000000 0.0000000
v -0.0540000 0.4081400 0.0872500
vn 0.0000000 0.0000000 0.0000000
v -0.0540000 0.4061940 0.0861260
vn 0.0000000 0.0000000 0.0000000
v -0.0540000 0.4146020 0.0876850
vn 0.0000000 0.0000000 0.0000000
v -0.0540000 0.4100860 0.0861260
vn 0.0000000 0.0000000 0.0000000
v -0.0740000 0.4100860 0.0861260
vn 0.0000000 0.0000000 0.0000000
v -0.0540000 0.4100860 0.0861260
vn 0.0000000 0.0000000 0.0000000
v -0.0540000 0.4081400 0.0872500
vn 0.0000000 0.0000000 0.0000000
v -0.0540000 0.4016820 0.0876940
vn 0.0000000 0.0000000 0.0000000
v -0.0740000 0.4081400 0.0872500
vn 0.0000000 0.0000000 0.0000000
v -0.0540000 0.4061940 0.0838740
vn 0.0000000 0.0000000 0.0000000
v -0.0740000 0.4061940 0.0861260
vn 0.0000000 0.0000000 0.0000000
v -0.0540000 0.4061940 0.0838740
vn 0.0000000 0.0000000 0.0000000
v -0.0540000 0.4016780 0.0823150
vn 0.0000000 0.0000000 0.0000000
v -0.0540000 0.4081400 0.0827500
vn 0.0000000 0.0000000 0.0000000
v -0.0740000 0.4061940 0.0838740
vn 0.0000000 0.0000000 0.0000000
v -0.0540000 0.4081400 0.0827500
vn 0.0000000 0.0000000 0.0000000
v -0.0540000 0.4151380 0.0849950
vn 0.0000000 0.0000000 0.0000000
v -0.0540000 0.4100860 0.0838740
vn 0.0000000 0.0000000 0.0000000
v -0.0740000 0.4081400 0.0827500
vn 0.0000000 0.0000000 0.0000000
v -0.0540000 0.4081400 0.0827500
vn 0.0000000 0.0000000 0.0000000
v -0.0540000 0.4100860 0.0838740
vn 0.0000000 0.0000000 0.0000000
v -0.0540000 0.4145980 0.0823060
vn 0.0000000 0.0000000 0.0000000
v -0.0740000 0.4081400 0.0827500
vn 0.0000000 0.0000000 0.0000000
v -0.0740000 0.4100860 0.0838740
vn 0.0000000 0.0000000 0.0000000
v -0.0540000 0.2811420 0.0850050
vn 0.0000000 0.0000000 0.0000000
v -0.0540000 0.2861940 0.0861260
vn 0.0000000 0.0000000 0.0000000
v -0.0540000 0.2881400 0.0872500
vn 0.0000000 0.0000000 0.0000000
v -0.0740000 0.2881400 0.0872500
vn 0.0000000 0.0000000 0.0000000
v -0.0540000 0.2881400 0.0872500
vn 0.0000000 0.0000000 0.0000000
v -0.0540000 0.2861940 0.0861260
vn 0.0000000 0.0000000 0.0000000
v -0.0540000 0.2946020 0.0876850
vn 0.0000000 0.0000000 0.0000000
v -0.0540000 0.2900860 0.0861260
vn 0.0000000 0.0000000 0.0000000
v -0.0740000 0.2900860 0.0861260
vn 0.0000000 0.0000000 0.0000000
v -0.0540000 0.2900860 0.0861260
vn 0.0000000 0.0000000 0.0000000
v -0.0540000 0.2881400 0.0872500
vn 0.0000000 0.0000000 0.0000000
v -0.0540000 0.2816820 0.0876940
vn 0.0000000 0.0000000 0.0000000
v -0.0740000 0.2881400 0.0872500
vn 0.0000000 0.0000000 0.0000000
v -0.0540000 0.2861940 0.0838740
vn 0.0000000 0.0000000 0.0000000
v -0.0740000 0.2861940 0.0861260
vn 0.0000000 0.0000000 0.0000000
v -0.0540000 0.2861940 0.0838740
vn 0.0000000 0.0000000 0.0000000
v -0.0540000 0.2816780 0.0823150
vn 0.0000000 0.0000000 0.0000000
v -0.0540000 0.2881400 0.0827500
vn 0.0000000 0.0000000 0.0000000
v -0.0740000 0.2861940 0.0838740
vn 0.0000000 0.0000000 0.0000000
v -0.0540000 0.2881400 0.0827500
vn 0.0000000 0.0000000 0.0000000
v -0.0540000 0.2951380 0.0849950
vn 0.0000000 0.0000000 0.0000000
v -0.0540000 0.2900860 0.0838740
vn 0.0000000 0.0000000 0.0000000
v -0.0740000 0.2881400 0.0827500
vn 0.0000000 0.0000000 0.0000000
v -0.0540000 0.2881400 0.0827500
vn 0.0000000 0.0000000 0.0000000
v -0.0540000 0.2900860 0.0838740
vn 0.0000000 0.0000000 0.0000000
v -0.0540000 0.2945980 0.0823060
vn 0.0000000 0.0000000 0.0000000
v -0.0740000 0.2881400 0.0827500
vn 0.0000000 0.0000000 0.0000000
v -0.0740000 0.2900860 0.0838740
vn 0.0000000 0.0000000 0.0000000
v -0.0540000 0.2854980 0.0914810
vn 0.0000000 0.0000000 0.0000000
v -0.0540000 0.2907910 0.0914770
vn 0.0000000 0.0000000 0.0000000
v -0.0540000 0.2881400 0.0920000
vn 0.0000000 0.0000000 0.0000000
v -0.0542930 0.2881400 0.0927070
vn 0.0000000 0.0000000 0.0000000
v -0.0540000 0.2881400 0.0920000
vn 0.0000000 0.0000000 0.0000000
v -0.0540000 0.2907910 0.0914770
vn 0.0000000 0.0000000 0.0000000
v -0.0542930 0.2836100 0.0912350
vn 0.0000000 0.0000000 0.0000000
v -0.0540000 0.2854980 0.0914810
vn 0.0000000 0.0000000 0.0000000
v -0.0540000 0.2881400 0.0920000
vn 0.0000000 0.0000000 0.0000000
v -0.0542930 0.2881400 0.0927070
vn 0.0000000 0.0000000 0.0000000
v -0.0540000 0.2832090 0.0899670
vn 0.0000000 0.0000000 0.0000000
v -0.0540000 0.2930780 0.0899600
vn 0.0000000 0.0000000 0.0000000
v -0.0542930 0.2926700 0.0912350
vn 0.0000000 0.0000000 0.0000000
v -0.0540000 0.2930780 0.0899600
vn 0.0000000 0.0000000 0.0000000
v -0.0540000 0.2946020 0.0876850
vn 0.0000000 0.0000000 0.0000000
v -0.0542930 0.2954700 0.0873820
vn 0.0000000 0.0000000 0.0000000
v -0.0540000 0.2951380 0.0849950
vn 0.0000000 0.0000000 0.0000000
v -0.0542930 0.2954700 0.0826180
vn 0.0000000 0.0000000 0.0000000
v -0.0540000 0.2945980 0.0823060
vn 0.0000000 0.0000000 0.0000000
v -0.0540000 0.2832020 0.0800400
vn 0.0000000 0.0000000 0.0000000
v -0.0540000 0.2930710 0.0800330
vn 0.0000000 0.0000000 0.0000000
v -0.0540000 0.2930710 0.0800330
vn 0.0000000 0.0000000 0.0000000
v -0.0540000 0.2854890 0.0785230
vn 0.0000000 0.0000000 0.0000000
v -0.0540000 0.2907820 0.0785190
vn 0.0000000 0.0000000 0.0000000
v -0.0542930 0.2926700 0.0787650
vn 0.0000000 0.0000000 0.0000000
v -0.0540000 0.2907820 0.0785190
vn 0.0000000 0.0000000 0.0000000
v -0.0540000 0.2881400 0.0780000
vn 0.0000000 0.0000000 0.0000000
v -0.0540000 0.2881400 0.0780000
vn 0.0000000 0.0000000 0.0000000
v -0.0542930 0.2881400 0.0772930
vn 0.0000000 0.0000000 0.0000000
v -0.0540000 0.2881400 0.0780000
vn 0.0000000 0.0000000 0.0000000
v -0.0540000 0.2854890 0.0785230
vn 0.0000000 0.0000000 0.0000000
v -0.0542930 0.2881400 0.0772930
vn 0.0000000 0.0000000 0.0000000
v -0.0542930 0.2836100 0.0787650
vn 0.0000000 0.0000000 0.0000000
v -0.0540000 0.2832020 0.0800400
vn 0.0000000 0.0000000 0.0000000
v -0.0540000 0.2816780 0.0823150
vn 0.0000000 0.0000000 0.0000000
v -0.0542930 0.2808100 0.0826180
vn 0.0000000 0.0000000 0.0000000
v -0.0540000 0.2811420 0.0850050
vn 0.0000000 0.0000000 0.0000000
v -0.0542930 0.2808100 0.0873820
vn 0.0000000 0.0000000 0.0000000
v -0.0540000 0.2816820 0.0876940
vn 0.0000000 0.0000000 0.0000000
v -0.0540000 0.2832090 0.0899670
vn 0.0000000 0.0000000 0.0000000
v -0.0540000 0.4054980 0.0914810
vn 0.0000000 0.0000000 0.0000000
v -0.0540000 0.4107910 0.0914770
vn 0.0000000 0.0000000 0.0000000
v -0.0540000 0.4081400 0.0920000
vn 0.0000000 0.0000000 0.0000000
v -0.0542930 0.4081400 0.0927070
vn 0.0000000 0.0000000 0.0000000
v -0.0540000 0.4081400 0.0920000
vn 0.0000000 0.0000000 0.0000000
v -0.0540000 0.4107910 0.0914770
vn 0.0000000 0.0000000 0.0000000
v -0.0542930 0.4036100 0.0912350
vn 0.0000000 0.0000000 0.0000000
v -0.0540000 0.4054980 0.0914810
vn 0.0000000 0.0000000 0.0000000
v -0.0540000 0.4081400 0.0920000
vn 0.0000000 0.0000000 0.0000000
v -0.0542930 0.4081400 0.0927070
vn 0.0000000 0.0000000 0.0000000
v -0.0540000 0.4032090 0.0899670
vn 0.0000000 0.0000000 0.0000000
v -0.0540000 0.4130780 0.0899600
vn 0.0000000 0.0000000 0.0000000
v -0.0542930 0.4126700 0.0912350
vn 0.0000000 0.0000000 0.0000000
v -0.0540000 0.4130780 0.0899600
vn 0.0000000 0.0000000 0.0000000
v -0.0540000 0.4146020 0.0876850
vn 0.0000000 0.0000000 0.0000000
v -0.0542930 0.4154700 0.0873820
vn 0.0000000 0.0000000 0.0000000
v -0.0540000 0.4151380 0.0849950
vn 0.0000000 0.0000000 0.0000000
v -0.0542930 0.4154700 0.0826180
vn 0.0000000 0.0000000 0.0000000
v -0.0540000 0.4145980 0.0823060
vn 0.0000000 0.0000000 0.0000000
v -0.0540000 0.4032020 0.0800400
vn 0.0000000 0.0000000 0.0000000
v -0.0540000 0.4130710 0.0800330
vn 0.0000000 0.0000000 0.0000000
v -0.0540000 0.4130710 0.0800330
vn 0.0000000 0.0000000 0.0000000
v -0.0540000 0.4054890 0.0785230
vn 0.0000000 0.0000000 0.0000000
v -0.0540000 0.4107820 0.0785190
vn 0.0000000 0.0000000 0.0000000
v -0.0542930 0.4126700 0.0787650
vn 0.0000000 0.0000000 0.0000000
v -0.0540000 0.4107820 0.0785190
vn 0.0000000 0.0000000 0.0000000
v -0.0540000 0.4081400 0.0780000
vn 0.0000000 0.0000000 0.0000000
v -0.0540000 0.4081400 0.0780000
vn 0.0000000 0.0000000 0.0000000
v -0.0542930 0.4081400 0.0772930
vn 0.0000000 0.0000000 0.0000000
v -0.0540000 0.4081400 0.0780000
vn 0.0000000 0.0000000 0.0000000
v -0.0540000 0.4054890 0.0785230
vn 0.0000000 0.0000000 0.0000000
v -0.0542930 0.4081400 0.0772930
vn 0.0000000 0.0000000 0.0000000
v -0.0542930 0.4036100 0.0787650
vn 0.0000000 0.0000000 0.0000000
v -0.0540000 0.4032020 0.0800400
vn 0.0000000 0.0000000 0.0000000
v -0.0540000 0.4016780 0.0823150
vn 0.0000000 0.0000000 0.0000000
v -0.0542930 0.4008100 0.0826180
vn 0.0000000 0.0000000 0.0000000
v -0.0540000 0.4011420 0.0850050
vn 0.0000000 0.0000000 0.0000000
v -0.0542930 0.4008100 0.0873820
vn 0.0000000 0.0000000 0.0000000
v -0.0540000 0.4016820 0.0876940
vn 0.0000000 0.0000000 0.0000000
v -0.0540000 0.4032090 0.0899670
vn 0.0000000 0.0000000 0.0000000
v -0.0781970 0.4120010 0.0779930
vn 0.0000000 0.0000000 0.0000000
v -0.0549999 0.4128420 0.0785280
vn 0.0000000 0.0000000 0.0000000
v -0.0549999 0.4081400 0.0770000
vn 0.0000000 0.0000000 0.0000000
v -0.0549999 0.4081400 0.0770000
vn 0.0000000 0.0000000 0.0000000
v -0.0549999 0.4128420 0.0785280
vn 0.0000000 0.0000000 0.0000000
v -0.0778770 0.4101950 0.0772680
vn 0.0000000 0.0000000 0.0000000
v -0.0774500 0.4081400 0.0770000
vn 0.0000000 0.0000000 0.0000000
v -0.0549999 0.4034380 0.0785280
vn 0.0000000 0.0000000 0.0000000
v -0.0774500 0.4081400 0.0770000
vn 0.0000000 0.0000000 0.0000000
v -0.0549999 0.4081400 0.0770000
vn 0.0000000 0.0000000 0.0000000
v -0.0549999 0.4034380 0.0785280
vn 0.0000000 0.0000000 0.0000000
v -0.0549999 0.4081400 0.0770000
vn 0.0000000 0.0000000 0.0000000
v -0.0776800 0.4149540 0.0808090
vn 0.0000000 0.0000000 0.0000000
v -0.0549999 0.4157480 0.0825280
vn 0.0000000 0.0000000 0.0000000
v -0.0549999 0.4157480 0.0825280
vn 0.0000000 0.0000000 0.0000000
v -0.0782270 0.4136470 0.0791970
vn 0.0000000 0.0000000 0.0000000
v -0.0733930 0.4159490 0.0867360
vn 0.0000000 0.0000000 0.0000000
v -0.0549999 0.4157480 0.0874720
vn 0.0000000 0.0000000 0.0000000
v -0.0549999 0.4157480 0.0874720
vn 0.0000000 0.0000000 0.0000000
v -0.0749730 0.4161380 0.0848320
vn 0.0000000 0.0000000 0.0000000
v -0.0765250 0.4158220 0.0827680
vn 0.0000000 0.0000000 0.0000000
v -0.0704010 0.4134810 0.0909560
vn 0.0000000 0.0000000 0.0000000
v -0.0549999 0.4128420 0.0914720
vn 0.0000000 0.0000000 0.0000000
v -0.0549999 0.4128420 0.0914720
vn 0.0000000 0.0000000 0.0000000
v -0.0720330 0.4153830 0.0883960
vn 0.0000000 0.0000000 0.0000000
v -0.0714840 0.4081400 0.0930000
vn 0.0000000 0.0000000 0.0000000
v -0.0549999 0.4081400 0.0930000
vn 0.0000000 0.0000000 0.0000000
v -0.0549999 0.4081400 0.0930000
vn 0.0000000 0.0000000 0.0000000
v -0.0708890 0.4093710 0.0929050
vn 0.0000000 0.0000000 0.0000000
v -0.0704230 0.4106710 0.0925890
vn 0.0000000 0.0000000 0.0000000
v -0.0717390 0.4076690 0.0929860
vn 0.0000000 0.0000000 0.0000000
v -0.0549999 0.4081400 0.0930000
vn 0.0000000 0.0000000 0.0000000
v -0.0714840 0.4081400 0.0930000
vn 0.0000000 0.0000000 0.0000000
v -0.0731450 0.4039360 0.0918060
vn 0.0000000 0.0000000 0.0000000
v -0.0549999 0.4034380 0.0914720
vn 0.0000000 0.0000000 0.0000000
v -0.0549999 0.4081400 0.0930000
vn 0.0000000 0.0000000 0.0000000
v -0.0549999 0.4034380 0.0914720
vn 0.0000000 0.0000000 0.0000000
v -0.0730220 0.4044610 0.0921040
vn 0.0000000 0.0000000 0.0000000
v -0.0726900 0.4056870 0.0926150
vn 0.0000000 0.0000000 0.0000000
v -0.0720020 0.4072010 0.0929450
vn 0.0000000 0.0000000 0.0000000
v -0.0746500 0.4088820 0.0935440
vn 0.0000000 0.0000000 0.0000000
v -0.0714840 0.4081400 0.0930000
vn 0.0000000 0.0000000 0.0000000
v -0.0708890 0.4093710 0.0929050
vn 0.0000000 0.0000000 0.0000000
v -0.0746500 0.4088820 0.0935440
vn 0.0000000 0.0000000 0.0000000
v -0.0717390 0.4076690 0.0929860
vn 0.0000000 0.0000000 0.0000000
v -0.0714840 0.4081400 0.0930000
vn 0.0000000 0.0000000 0.0000000
v -0.0738420 0.4112410 0.0930430
vn 0.0000000 0.0000000 0.0000000
v -0.0704230 0.4106710 0.0925890
vn 0.0000000 0.0000000 0.0000000
v -0.0754940 0.4116730 0.0937320
vn 0.0000000 0.0000000 0.0000000
v -0.0704230 0.4106710 0.0925890
vn 0.0000000 0.0000000 0.0000000
v -0.0704010 0.4134810 0.0909560
vn 0.0000000 0.0000000 0.0000000
v -0.0738420 0.4112410 0.0930430
vn 0.0000000 0.0000000 0.0000000
v -0.0754870 0.4140190 0.0923630
vn 0.0000000 0.0000000 0.0000000
v -0.0720330 0.4153830 0.0883960
vn 0.0000000 0.0000000 0.0000000
v -0.0769540 0.4160480 0.0903160
vn 0.0000000 0.0000000 0.0000000
v -0.0733930 0.4159490 0.0867360
vn 0.0000000 0.0000000 0.0000000
v -0.0792730 0.4174320 0.0872649
vn 0.0000000 0.0000000 0.0000000
v -0.0749730 0.4161380 0.0848320
vn 0.0000000 0.0000000 0.0000000
v -0.0765250 0.4158220 0.0827680
vn 0.0000000 0.0000000 0.0000000
v -0.0815869 0.4175130 0.0834390
vn 0.0000000 0.0000000 0.0000000
v -0.0776800 0.4149540 0.0808090
vn 0.0000000 0.0000000 0.0000000
v -0.0831050 0.4157940 0.0795100
vn 0.0000000 0.0000000 0.0000000
v -0.0782270 0.4136470 0.0791970
vn 0.0000000 0.0000000 0.0000000
v -0.0830859 0.4123490 0.0767210
vn 0.0000000 0.0000000 0.0000000
v -0.0781970 0.4120010 0.0779930
vn 0.0000000 0.0000000 0.0000000
v -0.0824250 0.4076440 0.0756600
vn 0.0000000 0.0000000 0.0000000
v -0.0781970 0.4120010 0.0779930
vn 0.0000000 0.0000000 0.0000000
v -0.0778770 0.4101950 0.0772680
vn 0.0000000 0.0000000 0.0000000
v -0.0830859 0.4123490 0.0767210
vn 0.0000000 0.0000000 0.0000000
v -0.0774500 0.4081400 0.0770000
vn 0.0000000 0.0000000 0.0000000
v -0.0768430 0.4056570 0.0773950
vn 0.0000000 0.0000000 0.0000000
v -0.0819170 0.4046890 0.0762370
vn 0.0000000 0.0000000 0.0000000
v -0.0774500 0.4081400 0.0770000
vn 0.0000000 0.0000000 0.0000000
v -0.0768430 0.4056570 0.0773950
vn 0.0000000 0.0000000 0.0000000
v -0.0824250 0.4076440 0.0756600
vn 0.0000000 0.0000000 0.0000000
v -0.0745730 0.4008970 0.0883960
vn 0.0000000 0.0000000 0.0000000
v -0.0549999 0.4005320 0.0874720
vn 0.0000000 0.0000000 0.0000000
v -0.0549999 0.4005320 0.0874720
vn 0.0000000 0.0000000 0.0000000
v -0.0732930 0.4034330 0.0914690
vn 0.0000000 0.0000000 0.0000000
v -0.0752430 0.4001510 0.0845770
vn 0.0000000 0.0000000 0.0000000
v -0.0549999 0.4005320 0.0825280
vn 0.0000000 0.0000000 0.0000000
v -0.0549999 0.4005320 0.0825280
vn 0.0000000 0.0000000 0.0000000
v -0.0762120 0.4034280 0.0785350
vn 0.0000000 0.0000000 0.0000000
v -0.0755300 0.4011340 0.0811390
vn 0.0000000 0.0000000 0.0000000
v -0.0762120 0.4034280 0.0785350
vn 0.0000000 0.0000000 0.0000000
v -0.0808380 0.3996020 0.0807400
vn 0.0000000 0.0000000 0.0000000
v -0.0762120 0.4034280 0.0785350
vn 0.0000000 0.0000000 0.0000000
v -0.0755300 0.4011340 0.0811390
vn 0.0000000 0.0000000 0.0000000
v -0.0814050 0.4021030 0.0776780
vn 0.0000000 0.0000000 0.0000000
v -0.0814050 0.4021030 0.0776780
vn 0.0000000 0.0000000 0.0000000
v -0.0806090 0.3985900 0.0845300
vn 0.0000000 0.0000000 0.0000000
v -0.0752430 0.4001510 0.0845770
vn 0.0000000 0.0000000 0.0000000
v -0.0801160 0.3996590 0.0897800
vn 0.0000000 0.0000000 0.0000000
v -0.0752430 0.4001510 0.0845770
vn 0.0000000 0.0000000 0.0000000
v -0.0745730 0.4008970 0.0883960
vn 0.0000000 0.0000000 0.0000000
v -0.0806090 0.3985900 0.0845300
vn 0.0000000 0.0000000 0.0000000
v -0.0793110 0.4028020 0.0935380
vn 0.0000000 0.0000000 0.0000000
v -0.0732930 0.4034330 0.0914690
vn 0.0000000 0.0000000 0.0000000
v -0.0791690 0.4039190 0.0942190
vn 0.0000000 0.0000000 0.0000000
v -0.0732930 0.4034330 0.0914690
vn 0.0000000 0.0000000 0.0000000
v -0.0731450 0.4039360 0.0918060
vn 0.0000000 0.0000000 0.0000000
v -0.0793110 0.4028020 0.0935380
vn 0.0000000 0.0000000 0.0000000
v -0.0730220 0.4044610 0.0921040
vn 0.0000000 0.0000000 0.0000000
v -0.0778270 0.4084290 0.0951100
vn 0.0000000 0.0000000 0.0000000
v -0.0730220 0.4044610 0.0921040
vn 0.0000000 0.0000000 0.0000000
v -0.0726900 0.4056870 0.0926150
vn 0.0000000 0.0000000 0.0000000
v -0.0791690 0.4039190 0.0942190
vn 0.0000000 0.0000000 0.0000000
v -0.0720020 0.4072010 0.0929450
vn 0.0000000 0.0000000 0.0000000
v -0.0720020 0.4072010 0.0929450
vn 0.0000000 0.0000000 0.0000000
v -0.0778270 0.4084290 0.0951100
vn 0.0000000 0.0000000 0.0000000
v -0.0657509 0.2915410 0.0777590
vn 0.0000000 0.0000000 0.0000000
v -0.0549999 0.2928420 0.0785280
vn 0.0000000 0.0000000 0.0000000
v -0.0549999 0.2881400 0.0770000
vn 0.0000000 0.0000000 0.0000000
v -0.0549999 0.2881400 0.0770000
vn 0.0000000 0.0000000 0.0000000
v -0.0549999 0.2928420 0.0785280
vn 0.0000000 0.0000000 0.0000000
v -0.0656200 0.2907360 0.0774330
vn 0.0000000 0.0000000 0.0000000
v -0.0652160 0.2881400 0.0770000
vn 0.0000000 0.0000000 0.0000000
v -0.0549999 0.2834380 0.0785280
vn 0.0000000 0.0000000 0.0000000
v -0.0652160 0.2881400 0.0770000
vn 0.0000000 0.0000000 0.0000000
v -0.0549999 0.2881400 0.0770000
vn 0.0000000 0.0000000 0.0000000
v -0.0549999 0.2834380 0.0785280
vn 0.0000000 0.0000000 0.0000000
v -0.0549999 0.2881400 0.0770000
vn 0.0000000 0.0000000 0.0000000
v -0.0662900 0.2947670 0.0805180
vn 0.0000000 0.0000000 0.0000000
v -0.0549999 0.2957480 0.0825280
vn 0.0000000 0.0000000 0.0000000
v -0.0549999 0.2957480 0.0825280
vn 0.0000000 0.0000000 0.0000000
v -0.0662050 0.2942740 0.0798640
vn 0.0000000 0.0000000 0.0000000
v -0.0659930 0.2930180 0.0786590
vn 0.0000000 0.0000000 0.0000000
v -0.0654720 0.2958810 0.0870200
vn 0.0000000 0.0000000 0.0000000
v -0.0549999 0.2957480 0.0874720
vn 0.0000000 0.0000000 0.0000000
v -0.0549999 0.2957480 0.0874720
vn 0.0000000 0.0000000 0.0000000
v -0.0662950 0.2961400 0.0849270
vn 0.0000000 0.0000000 0.0000000
v -0.0664810 0.2958730 0.0829490
vn 0.0000000 0.0000000 0.0000000
v -0.0624069 0.2939240 0.0905270
vn 0.0000000 0.0000000 0.0000000
v -0.0549999 0.2928420 0.0914720
vn 0.0000000 0.0000000 0.0000000
v -0.0549999 0.2928420 0.0914720
vn 0.0000000 0.0000000 0.0000000
v -0.0640440 0.2950750 0.0889890
vn 0.0000000 0.0000000 0.0000000
v -0.0578840 0.2881400 0.0930000
vn 0.0000000 0.0000000 0.0000000
v -0.0549999 0.2881400 0.0930000
vn 0.0000000 0.0000000 0.0000000
v -0.0549999 0.2881400 0.0930000
vn 0.0000000 0.0000000 0.0000000
v -0.0585760 0.2898190 0.0928219
vn 0.0000000 0.0000000 0.0000000
v -0.0596350 0.2913230 0.0923390
vn 0.0000000 0.0000000 0.0000000
v -0.0609029 0.2926520 0.0916060
vn 0.0000000 0.0000000 0.0000000
v -0.0581460 0.2848170 0.0922770
vn 0.0000000 0.0000000 0.0000000
v -0.0549999 0.2881400 0.0930000
vn 0.0000000 0.0000000 0.0000000
v -0.0578840 0.2881400 0.0930000
vn 0.0000000 0.0000000 0.0000000
v -0.0549999 0.2834380 0.0914720
vn 0.0000000 0.0000000 0.0000000
v -0.0549999 0.2881400 0.0930000
vn 0.0000000 0.0000000 0.0000000
v -0.0549999 0.2834380 0.0914720
vn 0.0000000 0.0000000 0.0000000
v -0.0630020 0.2875680 0.0944280
vn 0.0000000 0.0000000 0.0000000
v -0.0578840 0.2881400 0.0930000
vn 0.0000000 0.0000000 0.0000000
v -0.0585760 0.2898190 0.0928219
vn 0.0000000 0.0000000 0.0000000
v -0.0632230 0.2850130 0.0939380
vn 0.0000000 0.0000000 0.0000000
v -0.0581460 0.2848170 0.0922770
vn 0.0000000 0.0000000 0.0000000
v -0.0578840 0.2881400 0.0930000
vn 0.0000000 0.0000000 0.0000000
v -0.0630020 0.2875680 0.0944280
vn 0.0000000 0.0000000 0.0000000
v -0.0644170 0.2902350 0.0943370
vn 0.0000000 0.0000000 0.0000000
v -0.0596350 0.2913230 0.0923390
vn 0.0000000 0.0000000 0.0000000
v -0.0609029 0.2926520 0.0916060
vn 0.0000000 0.0000000 0.0000000
v -0.0667880 0.2931860 0.0931920
vn 0.0000000 0.0000000 0.0000000
v -0.0624069 0.2939240 0.0905270
vn 0.0000000 0.0000000 0.0000000
v -0.0640440 0.2950750 0.0889890
vn 0.0000000 0.0000000 0.0000000
v -0.0692670 0.2958290 0.0906890
vn 0.0000000 0.0000000 0.0000000
v -0.0654720 0.2958810 0.0870200
vn 0.0000000 0.0000000 0.0000000
v -0.0710830 0.2974180 0.0868780
vn 0.0000000 0.0000000 0.0000000
v -0.0662950 0.2961400 0.0849270
vn 0.0000000 0.0000000 0.0000000
v -0.0712620 0.2970250 0.0825450
vn 0.0000000 0.0000000 0.0000000
v -0.0664810 0.2958730 0.0829490
vn 0.0000000 0.0000000 0.0000000
v -0.0662050 0.2942740 0.0798640
vn 0.0000000 0.0000000 0.0000000
v -0.0664810 0.2958730 0.0829490
vn 0.0000000 0.0000000 0.0000000
v -0.0662900 0.2947670 0.0805180
vn 0.0000000 0.0000000 0.0000000
v -0.0710320 0.2950830 0.0788920
vn 0.0000000 0.0000000 0.0000000
v -0.0712620 0.2970250 0.0825450
vn 0.0000000 0.0000000 0.0000000
v -0.0657509 0.2915410 0.0777590
vn 0.0000000 0.0000000 0.0000000
v -0.0659930 0.2930180 0.0786590
vn 0.0000000 0.0000000 0.0000000
v -0.0706500 0.2917830 0.0764490
vn 0.0000000 0.0000000 0.0000000
v -0.0656200 0.2907360 0.0774330
vn 0.0000000 0.0000000 0.0000000
v -0.0702050 0.2878030 0.0756600
vn 0.0000000 0.0000000 0.0000000
v -0.0652160 0.2881400 0.0770000
vn 0.0000000 0.0000000 0.0000000
v -0.0645700 0.2836850 0.0783549
vn 0.0000000 0.0000000 0.0000000
v -0.0696590 0.2826960 0.0773380
vn 0.0000000 0.0000000 0.0000000
v -0.0652160 0.2881400 0.0770000
vn 0.0000000 0.0000000 0.0000000
v -0.0645700 0.2836850 0.0783549
vn 0.0000000 0.0000000 0.0000000
v -0.0702050 0.2878030 0.0756600
vn 0.0000000 0.0000000 0.0000000
v -0.0620060 0.2806700 0.0878630
vn 0.0000000 0.0000000 0.0000000
v -0.0549999 0.2805320 0.0874720
vn 0.0000000 0.0000000 0.0000000
v -0.0549999 0.2805320 0.0874720
vn 0.0000000 0.0000000 0.0000000
v -0.0605479 0.2816970 0.0897420
vn 0.0000000 0.0000000 0.0000000
v -0.0591310 0.2831600 0.0912610
vn 0.0000000 0.0000000 0.0000000
v -0.0638310 0.2801960 0.0840570
vn 0.0000000 0.0000000 0.0000000
v -0.0549999 0.2805320 0.0825280
vn 0.0000000 0.0000000 0.0000000
v -0.0549999 0.2805320 0.0825280
vn 0.0000000 0.0000000 0.0000000
v -0.0631110 0.2801980 0.0859630
vn 0.0000000 0.0000000 0.0000000
v -0.0641760 0.2807420 0.0819549
vn 0.0000000 0.0000000 0.0000000
v -0.0693460 0.2793670 0.0815110
vn 0.0000000 0.0000000 0.0000000
v -0.0641760 0.2807420 0.0819549
vn 0.0000000 0.0000000 0.0000000
v -0.0693460 0.2793670 0.0815110
vn 0.0000000 0.0000000 0.0000000
v -0.0641760 0.2807420 0.0819549
vn 0.0000000 0.0000000 0.0000000
v -0.0638310 0.2801960 0.0840570
vn 0.0000000 0.0000000 0.0000000
v -0.0686350 0.2786970 0.0857920
vn 0.0000000 0.0000000 0.0000000
v -0.0631110 0.2801980 0.0859630
vn 0.0000000 0.0000000 0.0000000
v -0.0620060 0.2806700 0.0878630
vn 0.0000000 0.0000000 0.0000000
v -0.0669520 0.2798540 0.0897280
vn 0.0000000 0.0000000 0.0000000
v -0.0605479 0.2816970 0.0897420
vn 0.0000000 0.0000000 0.0000000
v -0.0648600 0.2822350 0.0925080
vn 0.0000000 0.0000000 0.0000000
v -0.0591310 0.2831600 0.0912610
vn 0.0000000 0.0000000 0.0000000
v -0.0740000 0.4121360 0.0850000
vn 0.0000000 0.0000000 0.0000000
v -0.0740000 0.4100860 0.0861260
vn 0.0000000 0.0000000 0.0000000
v -0.0740000 0.4081400 0.0872500
vn 0.0000000 0.0000000 0.0000000
v -0.0740000 0.4053090 0.0878230
vn 0.0000000 0.0000000 0.0000000
v -0.0740000 0.4061940 0.0861260
vn 0.0000000 0.0000000 0.0000000
v -0.0740000 0.4109710 0.0878230
vn 0.0000000 0.0000000 0.0000000
v -0.0740000 0.4109710 0.0821770
vn 0.0000000 0.0000000 0.0000000
v -0.0740000 0.4081400 0.0827500
vn 0.0000000 0.0000000 0.0000000
v -0.0740000 0.4100860 0.0838740
vn 0.0000000 0.0000000 0.0000000
v -0.0740000 0.4041440 0.0850000
vn 0.0000000 0.0000000 0.0000000
v -0.0740000 0.4061940 0.0838740
vn 0.0000000 0.0000000 0.0000000
v -0.0740000 0.4053090 0.0821770
vn 0.0000000 0.0000000 0.0000000
v -0.0740000 0.2921360 0.0850000
vn 0.0000000 0.0000000 0.0000000
v -0.0740000 0.2900860 0.0861260
vn 0.0000000 0.0000000 0.0000000
v -0.0740000 0.2881400 0.0872500
vn 0.0000000 0.0000000 0.0000000
v -0.0740000 0.2853090 0.0878230
vn 0.0000000 0.0000000 0.0000000
v -0.0740000 0.2861940 0.0861260
vn 0.0000000 0.0000000 0.0000000
v -0.0740000 0.2909710 0.0878230
vn 0.0000000 0.0000000 0.0000000
v -0.0740000 0.2909710 0.0821770
vn 0.0000000 0.0000000 0.0000000
v -0.0740000 0.2881400 0.0827500
vn 0.0000000 0.0000000 0.0000000
v -0.0740000 0.2900860 0.0838740
vn 0.0000000 0.0000000 0.0000000
v -0.0740000 0.2841440 0.0850000
vn 0.0000000 0.0000000 0.0000000
v -0.0740000 0.2861940 0.0838740
vn 0.0000000 0.0000000 0.0000000
v -0.0740000 0.2853090 0.0821770
vn 0.0000000 0.0000000 0.0000000
v -0.0740000 0.4081400 0.0890000
vn 0.0000000 0.0000000 0.0000000
v -0.0880970 0.4081400 0.0890000
vn 0.0000000 0.0000000 0.0000000
v -0.0740000 0.4081400 0.0890000
vn 0.0000000 0.0000000 0.0000000
v -0.0740000 0.4053090 0.0878230
vn 0.0000000 0.0000000 0.0000000
v -0.0881380 0.4102400 0.0884040
vn 0.0000000 0.0000000 0.0000000
v -0.0740000 0.4109710 0.0878230
vn 0.0000000 0.0000000 0.0000000
v -0.0740000 0.4081400 0.0890000
vn 0.0000000 0.0000000 0.0000000
v -0.0880860 0.4092750 0.0888359
vn 0.0000000 0.0000000 0.0000000
v -0.0880970 0.4081400 0.0890000
vn 0.0000000 0.0000000 0.0000000
v -0.0883840 0.4051730 0.0876830
vn 0.0000000 0.0000000 0.0000000
v -0.0740000 0.4041440 0.0850000
vn 0.0000000 0.0000000 0.0000000
v -0.0882120 0.4065050 0.0886510
vn 0.0000000 0.0000000 0.0000000
v -0.0887220 0.4041450 0.0848060
vn 0.0000000 0.0000000 0.0000000
v -0.0740000 0.4053090 0.0821770
vn 0.0000000 0.0000000 0.0000000
v -0.0740000 0.4081400 0.0810000
vn 0.0000000 0.0000000 0.0000000
v -0.0890450 0.4053910 0.0820950
vn 0.0000000 0.0000000 0.0000000
v -0.0740000 0.4081400 0.0810000
vn 0.0000000 0.0000000 0.0000000
v -0.0893360 0.4081400 0.0810000
vn 0.0000000 0.0000000 0.0000000
v -0.0740000 0.4081400 0.0810000
vn 0.0000000 0.0000000 0.0000000
v -0.0740000 0.4109710 0.0821770
vn 0.0000000 0.0000000 0.0000000
v -0.0893360 0.4081400 0.0810000
vn 0.0000000 0.0000000 0.0000000
v -0.0893110 0.4110320 0.0822360
vn 0.0000000 0.0000000 0.0000000
v -0.0740000 0.4121360 0.0850000
vn 0.0000000 0.0000000 0.0000000
v -0.0885320 0.4119040 0.0863530
vn 0.0000000 0.0000000 0.0000000
v -0.0889230 0.4121050 0.0844729
vn 0.0000000 0.0000000 0.0000000
v -0.0882720 0.4111470 0.0876380
vn 0.0000000 0.0000000 0.0000000
v -0.0740000 0.2881400 0.0890000
vn 0.0000000 0.0000000 0.0000000
v -0.0761840 0.2881400 0.0890000
vn 0.0000000 0.0000000 0.0000000
v -0.0740000 0.2881400 0.0890000
vn 0.0000000 0.0000000 0.0000000
v -0.0740000 0.2853090 0.0878230
vn 0.0000000 0.0000000 0.0000000
v -0.0766160 0.2905350 0.0882040
vn 0.0000000 0.0000000 0.0000000
v -0.0740000 0.2909710 0.0878230
vn 0.0000000 0.0000000 0.0000000
v -0.0740000 0.2881400 0.0890000
vn 0.0000000 0.0000000 0.0000000
v -0.0761840 0.2881400 0.0890000
vn 0.0000000 0.0000000 0.0000000
v -0.0761980 0.2851850 0.0876959
vn 0.0000000 0.0000000 0.0000000
v -0.0740000 0.2841440 0.0850000
vn 0.0000000 0.0000000 0.0000000
v -0.0761060 0.2865340 0.0886630
vn 0.0000000 0.0000000 0.0000000
v -0.0766400 0.2841650 0.0845570
vn 0.0000000 0.0000000 0.0000000
v -0.0740000 0.2853090 0.0821770
vn 0.0000000 0.0000000 0.0000000
v -0.0764030 0.2843360 0.0862380
vn 0.0000000 0.0000000 0.0000000
v -0.0740000 0.2881400 0.0810000
vn 0.0000000 0.0000000 0.0000000
v -0.0769930 0.2855900 0.0819180
vn 0.0000000 0.0000000 0.0000000
v -0.0740000 0.2881400 0.0810000
vn 0.0000000 0.0000000 0.0000000
v -0.0772400 0.2881400 0.0810000
vn 0.0000000 0.0000000 0.0000000
v -0.0740000 0.2881400 0.0810000
vn 0.0000000 0.0000000 0.0000000
v -0.0740000 0.2909710 0.0821770
vn 0.0000000 0.0000000 0.0000000
v -0.0772400 0.2881400 0.0810000
vn 0.0000000 0.0000000 0.0000000
v -0.0774670 0.2913350 0.0825940
vn 0.0000000 0.0000000 0.0000000
v -0.0740000 0.2921360 0.0850000
vn 0.0000000 0.0000000 0.0000000
v -0.0773860 0.2899150 0.0814160
vn 0.0000000 0.0000000 0.0000000
v -0.0771850 0.2920240 0.0859580
vn 0.0000000 0.0000000 0.0000000
v -0.0774040 0.2920730 0.0842680
vn 0.0000000 0.0000000 0.0000000
v -0.0893360 0.4081400 0.0810000
vn 0.0000000 0.0000000 0.0000000
v -0.0893110 0.4110320 0.0822360
vn 0.0000000 0.0000000 0.0000000
v -0.0890450 0.4053910 0.0820950
vn 0.0000000 0.0000000 0.0000000
v -0.0893360 0.4081400 0.0810000
vn 0.0000000 0.0000000 0.0000000
v -0.0889230 0.4121050 0.0844729
vn 0.0000000 0.0000000 0.0000000
v -0.0885320 0.4119040 0.0863530
vn 0.0000000 0.0000000 0.0000000
v -0.0882720 0.4111470 0.0876380
vn 0.0000000 0.0000000 0.0000000
v -0.0881380 0.4102400 0.0884040
vn 0.0000000 0.0000000 0.0000000
v -0.0880860 0.4092750 0.0888359
vn 0.0000000 0.0000000 0.0000000
v -0.0880970 0.4081400 0.0890000
vn 0.0000000 0.0000000 0.0000000
v -0.0880970 0.4081400 0.0890000
vn 0.0000000 0.0000000 0.0000000
v -0.0882120 0.4065050 0.0886510
vn 0.0000000 0.0000000 0.0000000
v -0.0883840 0.4051730 0.0876830
vn 0.0000000 0.0000000 0.0000000
v -0.0887220 0.4041450 0.0848060
vn 0.0000000 0.0000000 0.0000000
v -0.0772400 0.2881400 0.0810000
vn 0.0000000 0.0000000 0.0000000
v -0.0773860 0.2899150 0.0814160
vn 0.0000000 0.0000000 0.0000000
v -0.0769930 0.2855900 0.0819180
vn 0.0000000 0.0000000 0.0000000
v -0.0772400 0.2881400 0.0810000
vn 0.0000000 0.0000000 0.0000000
v -0.0774670 0.2913350 0.0825940
vn 0.0000000 0.0000000 0.0000000
v -0.0774040 0.2920730 0.0842680
vn 0.0000000 0.0000000 0.0000000
v -0.0771850 0.2920240 0.0859580
vn 0.0000000 0.0000000 0.0000000
v -0.0766160 0.2905350 0.0882040
vn 0.0000000 0.0000000 0.0000000
v -0.0761840 0.2881400 0.0890000
vn 0.0000000 0.0000000 0.0000000
v -0.0761840 0.2881400 0.0890000
vn 0.0000000 0.0000000 0.0000000
v -0.0761060 0.2865340 0.0886630
vn 0.0000000 0.0000000 0.0000000
v -0.0761980 0.2851850 0.0876959
vn 0.0000000 0.0000000 0.0000000
v -0.0764030 0.2843360 0.0862380
vn 0.0000000 0.0000000 0.0000000
v -0.0766400 0.2841650 0.0845570
vn 0.0000000 0.0000000 0.0000000
v -0.0499999 0.5738540 -0.0145890
vn 0.0000000 0.0000000 0.0000000
v -0.0537780 0.5729730 -0.0149230
vn 0.0000000 0.0000000 0.0000000
v -0.0499999 0.5729730 -0.0149230
vn 0.0000000 0.0000000 0.0000000
v -0.0549419 0.5718660 -0.0154180
vn 0.0000000 0.0000000 0.0000000
v -0.0499999 0.5729730 -0.0149230
vn 0.0000000 0.0000000 0.0000000
v -0.0537780 0.5729730 -0.0149230
vn 0.0000000 0.0000000 0.0000000
v -0.0499999 0.5738540 -0.0145890
vn 0.0000000 0.0000000 0.0000000
v -0.0499999 0.5729730 -0.0149230
vn 0.0000000 0.0000000 0.0000000
v -0.0562290 0.5704250 -0.0157879
vn 0.0000000 0.0000000 0.0000000
v -0.0499999 0.5694700 -0.0158830
vn 0.0000000 0.0000000 0.0000000
v -0.0499999 0.5729730 -0.0149230
vn 0.0000000 0.0000000 0.0000000
v -0.0499999 0.5694700 -0.0158830
vn 0.0000000 0.0000000 0.0000000
v -0.0525139 0.5738340 -0.0145939
vn 0.0000000 0.0000000 0.0000000
v -0.0546030 0.5729980 -0.0148710
vn 0.0000000 0.0000000 0.0000000
v -0.0537780 0.5729730 -0.0149230
vn 0.0000000 0.0000000 0.0000000
v -0.0525139 0.5738340 -0.0145939
vn 0.0000000 0.0000000 0.0000000
v -0.0546030 0.5729980 -0.0148710
vn 0.0000000 0.0000000 0.0000000
v -0.0549419 0.5718660 -0.0154180
vn 0.0000000 0.0000000 0.0000000
v -0.0537780 0.5729730 -0.0149230
vn 0.0000000 0.0000000 0.0000000
v -0.0522090 0.5740380 -0.0145520
vn 0.0000000 0.0000000 0.0000000
v -0.0545810 0.5750210 -0.0139390
vn 0.0000000 0.0000000 0.0000000
v -0.0522090 0.5740380 -0.0145520
vn 0.0000000 0.0000000 0.0000000
v -0.0499999 0.5747920 -0.0145030
vn 0.0000000 0.0000000 0.0000000
v -0.0510690 0.5747920 -0.0145030
vn 0.0000000 0.0000000 0.0000000
v -0.0536530 0.5766550 -0.0139760
vn 0.0000000 0.0000000 0.0000000
v -0.0510690 0.5747920 -0.0145030
vn 0.0000000 0.0000000 0.0000000
v -0.0499999 0.5776490 -0.0141070
vn 0.0000000 0.0000000 0.0000000
v -0.0510690 0.5747920 -0.0145030
vn 0.0000000 0.0000000 0.0000000
v -0.0499999 0.5747920 -0.0145030
vn 0.0000000 0.0000000 0.0000000
v -0.0516780 0.5765060 -0.0143930
vn 0.0000000 0.0000000 0.0000000
v -0.0536530 0.5766550 -0.0139760
vn 0.0000000 0.0000000 0.0000000
v -0.0510690 0.5747920 -0.0145030
vn 0.0000000 0.0000000 0.0000000
v -0.0516780 0.5765060 -0.0143930
vn 0.0000000 0.0000000 0.0000000
v -0.0499999 0.5747920 -0.0145030
vn 0.0000000 0.0000000 0.0000000
v -0.0499999 0.5776490 -0.0141070
vn 0.0000000 0.0000000 0.0000000
v -0.0499999 0.5747920 -0.0145030
vn 0.0000000 0.0000000 0.0000000
v -0.0499999 0.5738540 0.0145890
vn 0.0000000 0.0000000 0.0000000
v -0.0510690 0.5747920 0.0145030
vn 0.0000000 0.0000000 0.0000000
v -0.0499999 0.5747920 0.0145030
vn 0.0000000 0.0000000 0.0000000
v -0.0516559 0.5764430 0.0144040
vn 0.0000000 0.0000000 0.0000000
v -0.0499999 0.5747920 0.0145030
vn 0.0000000 0.0000000 0.0000000
v -0.0510690 0.5747920 0.0145030
vn 0.0000000 0.0000000 0.0000000
v -0.0499999 0.5738540 0.0145890
vn 0.0000000 0.0000000 0.0000000
v -0.0499999 0.5747920 0.0145030
vn 0.0000000 0.0000000 0.0000000
v -0.0499999 0.5776490 0.0141070
vn 0.0000000 0.0000000 0.0000000
v -0.0499999 0.5747920 0.0145030
vn 0.0000000 0.0000000 0.0000000
v -0.0499999 0.5776490 0.0141070
vn 0.0000000 0.0000000 0.0000000
v -0.0522070 0.5740420 0.0145510
vn 0.0000000 0.0000000 0.0000000
v -0.0546070 0.5750340 0.0139260
vn 0.0000000 0.0000000 0.0000000
v -0.0510690 0.5747920 0.0145030
vn 0.0000000 0.0000000 0.0000000
v -0.0522070 0.5740420 0.0145510
vn 0.0000000 0.0000000 0.0000000
v -0.0535990 0.5766130 0.0140010
vn 0.0000000 0.0000000 0.0000000
v -0.0516559 0.5764430 0.0144040
vn 0.0000000 0.0000000 0.0000000
v -0.0510690 0.5747920 0.0145030
vn 0.0000000 0.0000000 0.0000000
v -0.0535990 0.5766130 0.0140010
vn 0.0000000 0.0000000 0.0000000
v -0.0525040 0.5738410 0.0145929
vn 0.0000000 0.0000000 0.0000000
v -0.0545970 0.5729990 0.0148720
vn 0.0000000 0.0000000 0.0000000
v -0.0525040 0.5738410 0.0145929
vn 0.0000000 0.0000000 0.0000000
v -0.0499999 0.5729730 0.0149230
vn 0.0000000 0.0000000 0.0000000
v -0.0537780 0.5729730 0.0149230
vn 0.0000000 0.0000000 0.0000000
v -0.0537780 0.5729730 0.0149230
vn 0.0000000 0.0000000 0.0000000
v -0.0499999 0.5694700 0.0158830
vn 0.0000000 0.0000000 0.0000000
v -0.0537780 0.5729730 0.0149230
vn 0.0000000 0.0000000 0.0000000
v -0.0499999 0.5729730 0.0149230
vn 0.0000000 0.0000000 0.0000000
v -0.0549540 0.5718540 0.0154220
vn 0.0000000 0.0000000 0.0000000
v -0.0545970 0.5729990 0.0148720
vn 0.0000000 0.0000000 0.0000000
v -0.0537780 0.5729730 0.0149230
vn 0.0000000 0.0000000 0.0000000
v -0.0549540 0.5718540 0.0154220
vn 0.0000000 0.0000000 0.0000000
v -0.0499999 0.5729730 0.0149230
vn 0.0000000 0.0000000 0.0000000
v -0.0499999 0.5694700 0.0158830
vn 0.0000000 0.0000000 0.0000000
v -0.0499999 0.5729730 0.0149230
vn 0.0000000 0.0000000 0.0000000
v -0.0585000 0.5774510 -0.0163730
vn 0.0000000 0.0000000 0.0000000
v -0.0585000 0.5761530 -0.0171240
vn 0.0000000 0.0000000 0.0000000
v -0.0585000 0.5746400 -0.0162499
vn 0.0000000 0.0000000 0.0000000
v -0.0585000 0.5718290 -0.0163730
vn 0.0000000 0.0000000 0.0000000
v -0.0585000 0.5731270 -0.0171240
vn 0.0000000 0.0000000 0.0000000
v -0.0585000 0.5730190 -0.0151840
vn 0.0000000 0.0000000 0.0000000
v -0.0585000 0.5774510 -0.0196270
vn 0.0000000 0.0000000 0.0000000
v -0.0585000 0.5746400 -0.0197500
vn 0.0000000 0.0000000 0.0000000
v -0.0585000 0.5761530 -0.0188759
vn 0.0000000 0.0000000 0.0000000
v -0.0585000 0.5718290 -0.0196270
vn 0.0000000 0.0000000 0.0000000
v -0.0585000 0.5731270 -0.0188759
vn 0.0000000 0.0000000 0.0000000
v -0.0585000 0.5762610 -0.0208160
vn 0.0000000 0.0000000 0.0000000
v -0.0585000 0.5778870 -0.0179999
vn 0.0000000 0.0000000 0.0000000
v -0.0585000 0.5713930 -0.0179999
vn 0.0000000 0.0000000 0.0000000
v -0.0585000 0.5774510 0.0196270
vn 0.0000000 0.0000000 0.0000000
v -0.0585000 0.5761530 0.0188759
vn 0.0000000 0.0000000 0.0000000
v -0.0585000 0.5746400 0.0197500
vn 0.0000000 0.0000000 0.0000000
v -0.0585000 0.5718290 0.0196270
vn 0.0000000 0.0000000 0.0000000
v -0.0585000 0.5731270 0.0188759
vn 0.0000000 0.0000000 0.0000000
v -0.0585000 0.5730190 0.0208160
vn 0.0000000 0.0000000 0.0000000
v -0.0585000 0.5774510 0.0163730
vn 0.0000000 0.0000000 0.0000000
v -0.0585000 0.5746400 0.0162499
vn 0.0000000 0.0000000 0.0000000
v -0.0585000 0.5761530 0.0171240
vn 0.0000000 0.0000000 0.0000000
v -0.0585000 0.5718290 0.0163730
vn 0.0000000 0.0000000 0.0000000
v -0.0585000 0.5731270 0.0171240
vn 0.0000000 0.0000000 0.0000000
v -0.0585000 0.5762610 0.0151840
vn 0.0000000 0.0000000 0.0000000
v -0.0585000 0.5778870 0.0179999
vn 0.0000000 0.0000000 0.0000000
v -0.0585000 0.5713930 0.0179999
vn 0.0000000 0.0000000 0.0000000
v -0.0585000 0.5762610 -0.0151840
vn 0.0000000 0.0000000 0.0000000
v -0.0585000 0.5746400 -0.0147500
vn 0.0000000 0.0000000 0.0000000
v -0.0630540 0.5746400 -0.0147500
vn 0.0000000 0.0000000 0.0000000
v -0.0585000 0.5746400 -0.0147500
vn 0.0000000 0.0000000 0.0000000
v -0.0585000 0.5730190 -0.0151840
vn 0.0000000 0.0000000 0.0000000
v -0.0620460 0.5766920 -0.0154800
vn 0.0000000 0.0000000 0.0000000
v -0.0585000 0.5762610 -0.0151840
vn 0.0000000 0.0000000 0.0000000
v -0.0585000 0.5746400 -0.0147500
vn 0.0000000 0.0000000 0.0000000
v -0.0630540 0.5746400 -0.0147500
vn 0.0000000 0.0000000 0.0000000
v -0.0640060 0.5726630 -0.0154200
vn 0.0000000 0.0000000 0.0000000
v -0.0585000 0.5718290 -0.0163730
vn 0.0000000 0.0000000 0.0000000
v -0.0635950 0.5735210 -0.0149490
vn 0.0000000 0.0000000 0.0000000
v -0.0641960 0.5718200 -0.0163849
vn 0.0000000 0.0000000 0.0000000
v -0.0585000 0.5713930 -0.0179999
vn 0.0000000 0.0000000 0.0000000
v -0.0633970 0.5713900 -0.0180470
vn 0.0000000 0.0000000 0.0000000
v -0.0585000 0.5718290 -0.0196270
vn 0.0000000 0.0000000 0.0000000
v -0.0639950 0.5715200 -0.0170880
vn 0.0000000 0.0000000 0.0000000
v -0.0585000 0.5730190 -0.0208160
vn 0.0000000 0.0000000 0.0000000
v -0.0612929 0.5720150 -0.0199160
vn 0.0000000 0.0000000 0.0000000
v -0.0585000 0.5730190 -0.0208160
vn 0.0000000 0.0000000 0.0000000
v -0.0623850 0.5715730 -0.0190760
vn 0.0000000 0.0000000 0.0000000
v -0.0585000 0.5746400 -0.0212499
vn 0.0000000 0.0000000 0.0000000
v -0.0600220 0.5730990 -0.0208620
vn 0.0000000 0.0000000 0.0000000
v -0.0585000 0.5746400 -0.0212499
vn 0.0000000 0.0000000 0.0000000
v -0.0604780 0.5725460 -0.0204860
vn 0.0000000 0.0000000 0.0000000
v -0.0600989 0.5746400 -0.0212499
vn 0.0000000 0.0000000 0.0000000
v -0.0585000 0.5746400 -0.0212499
vn 0.0000000 0.0000000 0.0000000
v -0.0585000 0.5762610 -0.0208160
vn 0.0000000 0.0000000 0.0000000
v -0.0600989 0.5746400 -0.0212499
vn 0.0000000 0.0000000 0.0000000
v -0.0610880 0.5768280 -0.0204030
vn 0.0000000 0.0000000 0.0000000
v -0.0585000 0.5774510 -0.0196270
vn 0.0000000 0.0000000 0.0000000
v -0.0614490 0.5778880 -0.0181130
vn 0.0000000 0.0000000 0.0000000
v -0.0585000 0.5778870 -0.0179999
vn 0.0000000 0.0000000 0.0000000
v -0.0615540 0.5776770 -0.0168440
vn 0.0000000 0.0000000 0.0000000
v -0.0585000 0.5774510 -0.0163730
vn 0.0000000 0.0000000 0.0000000
v -0.0585000 0.5762610 0.0208160
vn 0.0000000 0.0000000 0.0000000
v -0.0585000 0.5746400 0.0212499
vn 0.0000000 0.0000000 0.0000000
v -0.0600989 0.5746400 0.0212499
vn 0.0000000 0.0000000 0.0000000
v -0.0585000 0.5746400 0.0212499
vn 0.0000000 0.0000000 0.0000000
v -0.0585000 0.5730190 0.0208160
vn 0.0000000 0.0000000 0.0000000
v -0.0606400 0.5758560 0.0210140
vn 0.0000000 0.0000000 0.0000000
v -0.0585000 0.5762610 0.0208160
vn 0.0000000 0.0000000 0.0000000
v -0.0585000 0.5746400 0.0212499
vn 0.0000000 0.0000000 0.0000000
v -0.0600989 0.5746400 0.0212499
vn 0.0000000 0.0000000 0.0000000
v -0.0604170 0.5726010 0.0205310
vn 0.0000000 0.0000000 0.0000000
v -0.0585000 0.5718290 0.0196270
vn 0.0000000 0.0000000 0.0000000
v -0.0599360 0.5733160 0.0209680
vn 0.0000000 0.0000000 0.0000000
v -0.0622590 0.5716130 0.0191820
vn 0.0000000 0.0000000 0.0000000
v -0.0585000 0.5713930 0.0179999
vn 0.0000000 0.0000000 0.0000000
v -0.0612870 0.5720180 0.0199200
vn 0.0000000 0.0000000 0.0000000
v -0.0640230 0.5715400 0.0170240
vn 0.0000000 0.0000000 0.0000000
v -0.0585000 0.5718290 0.0163730
vn 0.0000000 0.0000000 0.0000000
v -0.0630860 0.5714150 0.0184060
vn 0.0000000 0.0000000 0.0000000
v -0.0585000 0.5730190 0.0151840
vn 0.0000000 0.0000000 0.0000000
v -0.0642080 0.5719060 0.0162430
vn 0.0000000 0.0000000 0.0000000
v -0.0585000 0.5730190 0.0151840
vn 0.0000000 0.0000000 0.0000000
v -0.0585000 0.5746400 0.0147500
vn 0.0000000 0.0000000 0.0000000
v -0.0635850 0.5735430 0.0149410
vn 0.0000000 0.0000000 0.0000000
v -0.0585000 0.5746400 0.0147500
vn 0.0000000 0.0000000 0.0000000
v -0.0640060 0.5726630 0.0154200
vn 0.0000000 0.0000000 0.0000000
v -0.0630540 0.5746400 0.0147500
vn 0.0000000 0.0000000 0.0000000
v -0.0585000 0.5746400 0.0147500
vn 0.0000000 0.0000000 0.0000000
v -0.0585000 0.5762610 0.0151840
vn 0.0000000 0.0000000 0.0000000
v -0.0630540 0.5746400 0.0147500
vn 0.0000000 0.0000000 0.0000000
v -0.0620590 0.5766650 0.0154580
vn 0.0000000 0.0000000 0.0000000
v -0.0585000 0.5774510 0.0163730
vn 0.0000000 0.0000000 0.0000000
v -0.0615750 0.5776360 0.0167400
vn 0.0000000 0.0000000 0.0000000
v -0.0585000 0.5778870 0.0179999
vn 0.0000000 0.0000000 0.0000000
v -0.0614490 0.5778880 0.0181130
vn 0.0000000 0.0000000 0.0000000
v -0.0585000 0.5774510 0.0196270
vn 0.0000000 0.0000000 0.0000000
v -0.0612380 0.5771880 0.0200180
vn 0.0000000 0.0000000 0.0000000
v -0.0600989 0.5746400 -0.0212499
vn 0.0000000 0.0000000 0.0000000
v -0.0610880 0.5768280 -0.0204030
vn 0.0000000 0.0000000 0.0000000
v -0.0600220 0.5730990 -0.0208620
vn 0.0000000 0.0000000 0.0000000
v -0.0600989 0.5746400 -0.0212499
vn 0.0000000 0.0000000 0.0000000
v -0.0614490 0.5778880 -0.0181130
vn 0.0000000 0.0000000 0.0000000
v -0.0614490 0.5778880 -0.0181130
vn 0.0000000 0.0000000 0.0000000
v -0.0615540 0.5776770 -0.0168440
vn 0.0000000 0.0000000 0.0000000
v -0.0620460 0.5766920 -0.0154800
vn 0.0000000 0.0000000 0.0000000
v -0.0630540 0.5746400 -0.0147500
vn 0.0000000 0.0000000 0.0000000
v -0.0630540 0.5746400 -0.0147500
vn 0.0000000 0.0000000 0.0000000
v -0.0635950 0.5735210 -0.0149490
vn 0.0000000 0.0000000 0.0000000
v -0.0640060 0.5726630 -0.0154200
vn 0.0000000 0.0000000 0.0000000
v -0.0640060 0.5726630 -0.0154200
vn 0.0000000 0.0000000 0.0000000
v -0.0623850 0.5715730 -0.0190760
vn 0.0000000 0.0000000 0.0000000
v -0.0612929 0.5720150 -0.0199160
vn 0.0000000 0.0000000 0.0000000
v -0.0604780 0.5725460 -0.0204860
vn 0.0000000 0.0000000 0.0000000
v -0.0614490 0.5778880 0.0181130
vn 0.0000000 0.0000000 0.0000000
v -0.0612380 0.5771880 0.0200180
vn 0.0000000 0.0000000 0.0000000
v -0.0615750 0.5776360 0.0167400
vn 0.0000000 0.0000000 0.0000000
v -0.0614490 0.5778880 0.0181130
vn 0.0000000 0.0000000 0.0000000
v -0.0606400 0.5758560 0.0210140
vn 0.0000000 0.0000000 0.0000000
v -0.0600989 0.5746400 0.0212499
vn 0.0000000 0.0000000 0.0000000
v -0.0600989 0.5746400 0.0212499
vn 0.0000000 0.0000000 0.0000000
v -0.0599360 0.5733160 0.0209680
vn 0.0000000 0.0000000 0.0000000
v -0.0632480 0.5747260 0.0146620
vn 0.0000000 0.0000000 0.0000000
v -0.0630540 0.5746400 0.0147500
vn 0.0000000 0.0000000 0.0000000
v -0.0620590 0.5766650 0.0154580
vn 0.0000000 0.0000000 0.0000000
v -0.0632480 0.5747260 0.0146620
vn 0.0000000 0.0000000 0.0000000
v -0.0635850 0.5735430 0.0149410
vn 0.0000000 0.0000000 0.0000000
v -0.0630540 0.5746400 0.0147500
vn 0.0000000 0.0000000 0.0000000
v -0.0604170 0.5726010 0.0205310
vn 0.0000000 0.0000000 0.0000000
v -0.0612870 0.5720180 0.0199200
vn 0.0000000 0.0000000 0.0000000
v -0.0622590 0.5716130 0.0191820
vn 0.0000000 0.0000000 0.0000000
v -0.0640060 0.5726630 0.0154200
vn 0.0000000 0.0000000 0.0000000
v -0.0562460 0.5704040 0.0157920
vn 0.0000000 0.0000000 0.0000000
v -0.0563220 0.5728910 0.0146120
vn 0.0000000 0.0000000 0.0000000
v -0.0562460 0.5704040 0.0157920
vn 0.0000000 0.0000000 0.0000000
v -0.0575880 0.5684720 0.0158589
vn 0.0000000 0.0000000 0.0000000
v -0.0579579 0.5725340 0.0141920
vn 0.0000000 0.0000000 0.0000000
v -0.0575880 0.5684720 0.0158589
vn 0.0000000 0.0000000 0.0000000
v -0.0499999 0.5659050 0.0151960
vn 0.0000000 0.0000000 0.0000000
v -0.0587700 0.5659050 0.0151960
vn 0.0000000 0.0000000 0.0000000
v -0.0597690 0.5704950 0.0147930
vn 0.0000000 0.0000000 0.0000000
v -0.0587700 0.5659050 0.0151960
vn 0.0000000 0.0000000 0.0000000
v -0.0587700 0.5659050 0.0151960
vn 0.0000000 0.0000000 0.0000000
v -0.0499999 0.5659050 0.0151960
vn 0.0000000 0.0000000 0.0000000
v -0.0613010 0.5678620 0.0146230
vn 0.0000000 0.0000000 0.0000000
v -0.0499999 0.5659050 0.0151960
vn 0.0000000 0.0000000 0.0000000
v -0.0499999 0.5659050 0.0151960
vn 0.0000000 0.0000000 0.0000000
v -0.0499999 0.5516110 0.0098920
vn 0.0000000 0.0000000 0.0000000
v -0.0521590 0.5778960 0.0140210
vn 0.0000000 0.0000000 0.0000000
v -0.0529010 0.5801800 0.0127230
vn 0.0000000 0.0000000 0.0000000
v -0.0553679 0.5781150 0.0127460
vn 0.0000000 0.0000000 0.0000000
v -0.0529010 0.5801800 0.0127230
vn 0.0000000 0.0000000 0.0000000
v -0.0521590 0.5778960 0.0140210
vn 0.0000000 0.0000000 0.0000000
v -0.0499999 0.5801800 0.0127230
vn 0.0000000 0.0000000 0.0000000
v -0.0529010 0.5804760 0.0125580
vn 0.0000000 0.0000000 0.0000000
v -0.0499999 0.5801800 0.0127230
vn 0.0000000 0.0000000 0.0000000
v -0.0529010 0.5801800 0.0127230
vn 0.0000000 0.0000000 0.0000000
v -0.0547150 0.5794500 0.0127070
vn 0.0000000 0.0000000 0.0000000
v -0.0539480 0.5799920 0.0127030
vn 0.0000000 0.0000000 0.0000000
v -0.0529010 0.5808100 0.0125000
vn 0.0000000 0.0000000 0.0000000
v -0.0529010 0.5801800 0.0127230
vn 0.0000000 0.0000000 0.0000000
v -0.0539480 0.5799920 0.0127030
vn 0.0000000 0.0000000 0.0000000
v -0.0529010 0.5804760 0.0125580
vn 0.0000000 0.0000000 0.0000000
v -0.0499999 0.5801800 0.0127230
vn 0.0000000 0.0000000 0.0000000
v -0.0499999 0.5808100 0.0125000
vn 0.0000000 0.0000000 0.0000000
v -0.0499999 0.5801800 0.0127230
vn 0.0000000 0.0000000 0.0000000
v -0.0499999 0.5804750 0.0125580
vn 0.0000000 0.0000000 0.0000000
v -0.0499999 0.5804750 0.0125580
vn 0.0000000 0.0000000 0.0000000
v -0.0589999 0.5762050 0.0095000
vn 0.0000000 0.0000000 0.0000000
v -0.0591330 0.5761890 0.0085779
vn 0.0000000 0.0000000 0.0000000
v -0.0590410 0.5759720 0.0093420
vn 0.0000000 0.0000000 0.0000000
v -0.0591590 0.5757580 0.0091960
vn 0.0000000 0.0000000 0.0000000
v -0.0585620 0.5748670 0.0112960
vn 0.0000000 0.0000000 0.0000000
v -0.0584440 0.5753560 0.0112399
vn 0.0000000 0.0000000 0.0000000
v -0.0585620 0.5748670 0.0112960
vn 0.0000000 0.0000000 0.0000000
v -0.0591590 0.5757580 0.0091960
vn 0.0000000 0.0000000 0.0000000
v -0.0590410 0.5759720 0.0093420
vn 0.0000000 0.0000000 0.0000000
v -0.0571980 0.5752940 0.0123930
vn 0.0000000 0.0000000 0.0000000
v -0.0576720 0.5734530 0.0134250
vn 0.0000000 0.0000000 0.0000000
v -0.0607990 0.5710400 0.0130090
vn 0.0000000 0.0000000 0.0000000
v -0.0621600 0.5696040 0.0120150
vn 0.0000000 0.0000000 0.0000000
v -0.0579579 0.5725340 0.0141920
vn 0.0000000 0.0000000 0.0000000
v -0.0567509 0.5756380 0.0125480
vn 0.0000000 0.0000000 0.0000000
v -0.0592760 0.5720100 0.0137300
vn 0.0000000 0.0000000 0.0000000
v -0.0563220 0.5728910 0.0146120
vn 0.0000000 0.0000000 0.0000000
v -0.0565380 0.5766380 0.0124510
vn 0.0000000 0.0000000 0.0000000
v -0.0567509 0.5756380 0.0125480
vn 0.0000000 0.0000000 0.0000000
v -0.0571980 0.5752940 0.0123930
vn 0.0000000 0.0000000 0.0000000
v -0.0561560 0.5763260 0.0126680
vn 0.0000000 0.0000000 0.0000000
v -0.0561560 0.5763260 0.0126680
vn 0.0000000 0.0000000 0.0000000
v -0.0573299 0.5757290 0.0121890
vn 0.0000000 0.0000000 0.0000000
v -0.0621600 0.5696040 0.0120150
vn 0.0000000 0.0000000 0.0000000
v -0.0607990 0.5710400 0.0130090
vn 0.0000000 0.0000000 0.0000000
v -0.0592760 0.5720100 0.0137300
vn 0.0000000 0.0000000 0.0000000
v -0.0553679 0.5781150 0.0127460
vn 0.0000000 0.0000000 0.0000000
v -0.0556620 0.5781990 0.0125640
vn 0.0000000 0.0000000 0.0000000
v -0.0553679 0.5781150 0.0127460
vn 0.0000000 0.0000000 0.0000000
v -0.0551529 0.5798730 0.0125000
vn 0.0000000 0.0000000 0.0000000
v -0.0547150 0.5794500 0.0127070
vn 0.0000000 0.0000000 0.0000000
v -0.0553679 0.5781150 0.0127460
vn 0.0000000 0.0000000 0.0000000
v -0.0560000 0.5782950 0.0125000
vn 0.0000000 0.0000000 0.0000000
v -0.0556620 0.5781990 0.0125640
vn 0.0000000 0.0000000 0.0000000
v -0.0560000 0.5782950 0.0125000
vn 0.0000000 0.0000000 0.0000000
v -0.0587700 0.5659050 -0.0151960
vn 0.0000000 0.0000000 0.0000000
v -0.0499999 0.5659050 -0.0151960
vn 0.0000000 0.0000000 0.0000000
v -0.0587700 0.5659050 -0.0151960
vn 0.0000000 0.0000000 0.0000000
v -0.0499999 0.5659050 -0.0151960
vn 0.0000000 0.0000000 0.0000000
v -0.0499999 0.5659050 -0.0151960
vn 0.0000000 0.0000000 0.0000000
v -0.0499999 0.5456560 -0.0082660
vn 0.0000000 0.0000000 0.0000000
v -0.0575760 0.5684930 -0.0158610
vn 0.0000000 0.0000000 0.0000000
v -0.0597690 0.5704960 -0.0147940
vn 0.0000000 0.0000000 0.0000000
v -0.0587700 0.5659050 -0.0151960
vn 0.0000000 0.0000000 0.0000000
v -0.0575760 0.5684930 -0.0158610
vn 0.0000000 0.0000000 0.0000000
v -0.0613010 0.5678620 -0.0146230
vn 0.0000000 0.0000000 0.0000000
v -0.0587700 0.5659050 -0.0151960
vn 0.0000000 0.0000000 0.0000000
v -0.0579540 0.5725350 -0.0141930
vn 0.0000000 0.0000000 0.0000000
v -0.0562290 0.5704250 -0.0157879
vn 0.0000000 0.0000000 0.0000000
v -0.0562980 0.5728940 -0.0146170
vn 0.0000000 0.0000000 0.0000000
v -0.0521840 0.5779710 -0.0139930
vn 0.0000000 0.0000000 0.0000000
v -0.0499999 0.5801800 -0.0127230
vn 0.0000000 0.0000000 0.0000000
v -0.0499999 0.5801800 -0.0127230
vn 0.0000000 0.0000000 0.0000000
v -0.0529010 0.5801800 -0.0127230
vn 0.0000000 0.0000000 0.0000000
v -0.0499999 0.5804750 -0.0125580
vn 0.0000000 0.0000000 0.0000000
v -0.0529010 0.5801800 -0.0127230
vn 0.0000000 0.0000000 0.0000000
v -0.0499999 0.5801800 -0.0127230
vn 0.0000000 0.0000000 0.0000000
v -0.0499999 0.5804750 -0.0125580
vn 0.0000000 0.0000000 0.0000000
v -0.0499999 0.5801800 -0.0127230
vn 0.0000000 0.0000000 0.0000000
v -0.0521840 0.5779710 -0.0139930
vn 0.0000000 0.0000000 0.0000000
v -0.0553679 0.5781150 -0.0127460
vn 0.0000000 0.0000000 0.0000000
v -0.0529010 0.5801800 -0.0127230
vn 0.0000000 0.0000000 0.0000000
v -0.0549280 0.5791860 -0.0127120
vn 0.0000000 0.0000000 0.0000000
v -0.0542610 0.5798280 -0.0127020
vn 0.0000000 0.0000000 0.0000000
v -0.0545810 0.5803380 -0.0125000
vn 0.0000000 0.0000000 0.0000000
v -0.0542610 0.5798280 -0.0127020
vn 0.0000000 0.0000000 0.0000000
v -0.0529010 0.5801800 -0.0127230
vn 0.0000000 0.0000000 0.0000000
v -0.0529010 0.5804760 -0.0125580
vn 0.0000000 0.0000000 0.0000000
v -0.0529010 0.5804760 -0.0125580
vn 0.0000000 0.0000000 0.0000000
v -0.0565619 0.5758230 -0.0125959
vn 0.0000000 0.0000000 0.0000000
v -0.0553679 0.5781150 -0.0127460
vn 0.0000000 0.0000000 0.0000000
v -0.0565020 0.5767040 -0.0124580
vn 0.0000000 0.0000000 0.0000000
v -0.0565619 0.5758230 -0.0125959
vn 0.0000000 0.0000000 0.0000000
v -0.0553679 0.5781150 -0.0127460
vn 0.0000000 0.0000000 0.0000000
v -0.0556620 0.5782020 -0.0125640
vn 0.0000000 0.0000000 0.0000000
v -0.0553679 0.5781150 -0.0127460
vn 0.0000000 0.0000000 0.0000000
v -0.0549280 0.5791860 -0.0127120
vn 0.0000000 0.0000000 0.0000000
v -0.0556620 0.5782020 -0.0125640
vn 0.0000000 0.0000000 0.0000000
v -0.0567149 0.5756710 -0.0125580
vn 0.0000000 0.0000000 0.0000000
v -0.0576770 0.5734500 -0.0134230
vn 0.0000000 0.0000000 0.0000000
v -0.0571949 0.5758330 -0.0122520
vn 0.0000000 0.0000000 0.0000000
v -0.0567149 0.5756710 -0.0125580
vn 0.0000000 0.0000000 0.0000000
v -0.0578120 0.5749880 -0.0120500
vn 0.0000000 0.0000000 0.0000000
v -0.0578120 0.5749880 -0.0120500
vn 0.0000000 0.0000000 0.0000000
v -0.0587010 0.5748910 -0.0110810
vn 0.0000000 0.0000000 0.0000000
v -0.0583219 0.5753520 -0.0114000
vn 0.0000000 0.0000000 0.0000000
v -0.0587010 0.5748910 -0.0110810
vn 0.0000000 0.0000000 0.0000000
v -0.0562980 0.5728940 -0.0146170
vn 0.0000000 0.0000000 0.0000000
v -0.0592510 0.5720220 -0.0137400
vn 0.0000000 0.0000000 0.0000000
v -0.0579540 0.5725350 -0.0141930
vn 0.0000000 0.0000000 0.0000000
v -0.0591590 0.5757580 -0.0091960
vn 0.0000000 0.0000000 0.0000000
v -0.0607840 0.5710530 -0.0130179
vn 0.0000000 0.0000000 0.0000000
v -0.0589999 0.5770170 -0.0079560
vn 0.0000000 0.0000000 0.0000000
v -0.0591290 0.5762480 -0.0084840
vn 0.0000000 0.0000000 0.0000000
v -0.0591590 0.5757580 -0.0091960
vn 0.0000000 0.0000000 0.0000000
v -0.0590410 0.5759720 -0.0093420
vn 0.0000000 0.0000000 0.0000000
v -0.0591590 0.5757580 -0.0091960
vn 0.0000000 0.0000000 0.0000000
v -0.0590410 0.5759720 -0.0093420
vn 0.0000000 0.0000000 0.0000000
v -0.0587830 0.5754990 -0.0106200
vn 0.0000000 0.0000000 0.0000000
v -0.0589999 0.5762050 -0.0095000
vn 0.0000000 0.0000000 0.0000000
v -0.0592510 0.5720220 -0.0137400
vn 0.0000000 0.0000000 0.0000000
v -0.0607840 0.5710530 -0.0130179
vn 0.0000000 0.0000000 0.0000000
v -0.0621600 0.5696040 -0.0120160
vn 0.0000000 0.0000000 0.0000000
v -0.0589999 0.5772690 -0.0065550
vn 0.0000000 0.0000000 0.0000000
v -0.0554240 0.5795510 -0.0125000
vn 0.0000000 0.0000000 0.0000000
v -0.0560000 0.5782930 -0.0125000
vn 0.0000000 0.0000000 0.0000000
v -0.0541910 0.5805450 0.0125000
vn 0.0000000 0.0000000 0.0000000
v -0.0803490 0.4150540 0.1020880
vn 0.0000000 0.0000000 0.0000000
v -0.0803490 0.4150540 0.1020880
vn 0.0000000 0.0000000 0.0000000
v -0.0809269 0.4103540 0.1005660
vn 0.0000000 0.0000000 0.0000000
v -0.0802210 0.4143930 0.1001540
vn 0.0000000 0.0000000 0.0000000
v -0.0791420 0.4162650 0.0954920
vn 0.0000000 0.0000000 0.0000000
v -0.0802210 0.4143930 0.1001540
vn 0.0000000 0.0000000 0.0000000
v -0.0791520 0.4132850 0.0972270
vn 0.0000000 0.0000000 0.0000000
v -0.0791520 0.4132850 0.0972270
vn 0.0000000 0.0000000 0.0000000
v -0.0796430 0.4100530 0.0975439
vn 0.0000000 0.0000000 0.0000000
v -0.0790600 0.4132220 0.0970720
vn 0.0000000 0.0000000 0.0000000
v -0.0790600 0.4132220 0.0970720
vn 0.0000000 0.0000000 0.0000000
v -0.0768430 0.4121270 0.0946010
vn 0.0000000 0.0000000 0.0000000
v -0.0768430 0.4121270 0.0946010
vn 0.0000000 0.0000000 0.0000000
v -0.0774720 0.4095440 0.0951150
vn 0.0000000 0.0000000 0.0000000
v -0.0754940 0.4116730 0.0937320
vn 0.0000000 0.0000000 0.0000000
v -0.0774720 0.4095440 0.0951150
vn 0.0000000 0.0000000 0.0000000
v -0.0796430 0.4100530 0.0975439
vn 0.0000000 0.0000000 0.0000000
v -0.0809269 0.4103540 0.1005660
vn 0.0000000 0.0000000 0.0000000
v -0.0832920 0.4123950 0.0766110
vn 0.0000000 0.0000000 0.0000000
v -0.0867219 0.4138460 0.0735290
vn 0.0000000 0.0000000 0.0000000
v -0.0832920 0.4123950 0.0766110
vn 0.0000000 0.0000000 0.0000000
v -0.0867219 0.4138460 0.0735290
vn 0.0000000 0.0000000 0.0000000
v -0.0827310 0.4211830 0.0887390
vn 0.0000000 0.0000000 0.0000000
v -0.0804620 0.4190630 0.0929220
vn 0.0000000 0.0000000 0.0000000
v -0.0485350 0.2563510 0.1131990
vn 0.0000000 0.0000000 0.0000000
v -0.0540180 0.2563450 0.1132050
vn 0.0000000 0.0000000 0.0000000
v -0.0540180 0.2568400 0.1130000
vn 0.0000000 0.0000000 0.0000000
v -0.0542060 0.2632050 0.1131500
vn 0.0000000 0.0000000 0.0000000
v -0.0510499 0.2629350 0.1132050
vn 0.0000000 0.0000000 0.0000000
v -0.0543000 0.2627820 0.1130000
vn 0.0000000 0.0000000 0.0000000
v -0.0542360 0.2563700 0.1131680
vn 0.0000000 0.0000000 0.0000000
v -0.0543000 0.2568200 0.1130000
vn 0.0000000 0.0000000 0.0000000
v -0.0540180 0.2563450 0.1132050
vn 0.0000000 0.0000000 0.0000000
v -0.0668770 0.2839430 0.0977700
vn 0.0000000 0.0000000 0.0000000
v -0.0666880 0.2871560 0.0983620
vn 0.0000000 0.0000000 0.0000000
v -0.0684010 0.2800820 0.0959660
vn 0.0000000 0.0000000 0.0000000
v -0.0705089 0.2765590 0.0920890
vn 0.0000000 0.0000000 0.0000000
v -0.0666880 0.2871560 0.0983620
vn 0.0000000 0.0000000 0.0000000
v -0.0542060 0.2632050 0.1131500
vn 0.0000000 0.0000000 0.0000000
v -0.0543000 0.2627820 0.1130000
vn 0.0000000 0.0000000 0.0000000
v -0.0547440 0.2629150 0.1128410
vn 0.0000000 0.0000000 0.0000000
v -0.0543000 0.2627820 0.1130000
vn 0.0000000 0.0000000 0.0000000
v -0.0679130 0.2906410 0.0983820
vn 0.0000000 0.0000000 0.0000000
v -0.0543000 0.2568200 0.1130000
vn 0.0000000 0.0000000 0.0000000
v -0.0540180 0.2568400 0.1130000
vn 0.0000000 0.0000000 0.0000000
v -0.0716309 0.2972270 0.0824840
vn 0.0000000 0.0000000 0.0000000
v -0.0748790 0.3002490 0.0816150
vn 0.0000000 0.0000000 0.0000000
v -0.0716309 0.2972270 0.0824840
vn 0.0000000 0.0000000 0.0000000
v -0.0748790 0.3002490 0.0816150
vn 0.0000000 0.0000000 0.0000000
v -0.0702090 0.2948440 0.0969720
vn 0.0000000 0.0000000 0.0000000
v -0.0540180 0.2568400 0.1130000
vn 0.0000000 0.0000000 0.0000000
v -0.0543000 0.2568200 0.1130000
vn 0.0000000 0.0000000 0.0000000
v -0.0543000 0.2627820 0.1130000
vn 0.0000000 0.0000000 0.0000000
v -0.0570000 0.4460490 0.0341580
vn 0.0000000 0.0000000 0.0000000
v -0.0564520 0.4468520 0.0337000
vn 0.0000000 0.0000000 0.0000000
v -0.0570000 0.4481400 0.0337000
vn 0.0000000 0.0000000 0.0000000
v -0.0499999 0.4456400 0.0337000
vn 0.0000000 0.0000000 0.0000000
v -0.0564520 0.4468520 0.0337000
vn 0.0000000 0.0000000 0.0000000
v -0.0562930 0.4464040 0.0337000
vn 0.0000000 0.0000000 0.0000000
v -0.0562930 0.4464040 0.0337000
vn 0.0000000 0.0000000 0.0000000
v -0.0560880 0.4456400 0.0337000
vn 0.0000000 0.0000000 0.0000000
v -0.0560880 0.4456400 0.0337000
vn 0.0000000 0.0000000 0.0000000
v -0.0499999 0.4456400 0.0337000
vn 0.0000000 0.0000000 0.0000000
v -0.0560880 0.4456400 0.0337000
vn 0.0000000 0.0000000 0.0000000
v -0.0561340 0.4451400 0.0312000
vn 0.0000000 0.0000000 0.0000000
v -0.0561340 0.4451400 0.0312000
vn 0.0000000 0.0000000 0.0000000
v -0.0499999 0.4451400 0.0312000
vn 0.0000000 0.0000000 0.0000000
v -0.0561340 0.4451400 0.0312000
vn 0.0000000 0.0000000 0.0000000
v -0.0564910 0.4452940 0.0308390
vn 0.0000000 0.0000000 0.0000000
v -0.0499999 0.4451400 0.0312000
vn 0.0000000 0.0000000 0.0000000
v -0.0499999 0.4452870 0.0308460
vn 0.0000000 0.0000000 0.0000000
v -0.0570000 0.4456400 0.0307000
vn 0.0000000 0.0000000 0.0000000
v -0.0499999 0.4456400 0.0307000
vn 0.0000000 0.0000000 0.0000000
v -0.0499999 0.4456400 0.0307000
vn 0.0000000 0.0000000 0.0000000
v -0.0510499 0.2624400 0.1130000
vn 0.0000000 0.0000000 0.0000000
v -0.0527840 0.2625330 0.1130000
vn 0.0000000 0.0000000 0.0000000
v -0.0475330 0.2629350 0.1132050
vn 0.0000000 0.0000000 0.0000000
v -0.0475330 0.2624400 0.1130000
vn 0.0000000 0.0000000 0.0000000
v -0.0510499 0.2629350 0.1132050
vn 0.0000000 0.0000000 0.0000000
v -0.0495199 0.4457020 0.0308230
vn 0.0000000 0.0000000 0.0000000
v -0.0499999 0.4451400 0.0312000
vn 0.0000000 0.0000000 0.0000000
v -0.0499999 0.4452870 0.0308460
vn 0.0000000 0.0000000 0.0000000
v -0.0495199 0.4452630 0.0312620
vn 0.0000000 0.0000000 0.0000000
v -0.0499999 0.4451400 0.0332000
vn 0.0000000 0.0000000 0.0000000
v -0.0499999 0.4451400 0.0312000
vn 0.0000000 0.0000000 0.0000000
v -0.0495199 0.4452630 0.0312620
vn 0.0000000 0.0000000 0.0000000
v -0.0499999 0.4456400 0.0307000
vn 0.0000000 0.0000000 0.0000000
v -0.0499999 0.4456400 0.0307000
vn 0.0000000 0.0000000 0.0000000
v -0.0499999 0.4490360 0.0307000
vn 0.0000000 0.0000000 0.0000000
v -0.0495199 0.4457020 0.0308230
vn 0.0000000 0.0000000 0.0000000
v -0.0495199 0.4452630 0.0331380
vn 0.0000000 0.0000000 0.0000000
v -0.0499999 0.4452860 0.0335530
vn 0.0000000 0.0000000 0.0000000
v -0.0499999 0.4451400 0.0332000
vn 0.0000000 0.0000000 0.0000000
v -0.0495199 0.4452630 0.0331380
vn 0.0000000 0.0000000 0.0000000
v -0.0499999 0.4456400 0.0337000
vn 0.0000000 0.0000000 0.0000000
v -0.0495199 0.4457020 0.0335770
vn 0.0000000 0.0000000 0.0000000
v -0.0495199 0.4457020 0.0335770
vn 0.0000000 0.0000000 0.0000000
v -0.0499999 0.4490300 0.0337000
vn 0.0000000 0.0000000 0.0000000
v -0.0499999 0.4456400 0.0337000
vn 0.0000000 0.0000000 0.0000000
v -0.0499999 0.4783390 -0.0116259
vn 0.0000000 0.0000000 0.0000000
v -0.0499999 0.4871690 -0.0082540
vn 0.0000000 0.0000000 0.0000000
v -0.0499999 0.4951170 -0.0062050
vn 0.0000000 0.0000000 0.0000000
v -0.0499999 0.5101400 -0.0046999
vn 0.0000000 0.0000000 0.0000000
v -0.0499999 0.5161400 -0.0046999
vn 0.0000000 0.0000000 0.0000000
v -0.0499999 0.5101400 -0.0046999
vn 0.0000000 0.0000000 0.0000000
v -0.0499999 0.5161400 -0.0046999
vn 0.0000000 0.0000000 0.0000000
v -0.0499999 0.5315630 -0.0056610
vn 0.0000000 0.0000000 0.0000000
v -0.0499999 0.5808100 -0.0125000
vn 0.0000000 0.0000000 0.0000000
v -0.0499999 0.5377750 0.0066010
vn 0.0000000 0.0000000 0.0000000
v -0.0499999 0.5161400 0.0046999
vn 0.0000000 0.0000000 0.0000000
v -0.0499999 0.5101400 0.0046999
vn 0.0000000 0.0000000 0.0000000
v -0.0499999 0.5161400 0.0046999
vn 0.0000000 0.0000000 0.0000000
v -0.0499999 0.5101400 0.0046999
vn 0.0000000 0.0000000 0.0000000
v -0.0499999 0.4957470 0.0060810
vn 0.0000000 0.0000000 0.0000000
v -0.0499999 0.4879230 0.0080200
vn 0.0000000 0.0000000 0.0000000
v -0.0499999 0.4783390 0.0116259
vn 0.0000000 0.0000000 0.0000000
v -0.0499999 0.4707470 0.0154369
vn 0.0000000 0.0000000 0.0000000
v -0.0499999 0.4783390 0.0116259
vn 0.0000000 0.0000000 0.0000000
v -0.0499999 0.4635910 0.0197909
vn 0.0000000 0.0000000 0.0000000
v -0.0495000 0.4636660 0.0199020
vn 0.0000000 0.0000000 0.0000000
v -0.0499999 0.4628150 0.0203100
vn 0.0000000 0.0000000 0.0000000
v -0.0499999 0.4503310 0.0301959
vn 0.0000000 0.0000000 0.0000000
v -0.0499999 0.4497370 0.0305689
vn 0.0000000 0.0000000 0.0000000
v -0.0499999 0.4503310 0.0301959
vn 0.0000000 0.0000000 0.0000000
v -0.0499999 0.4490360 0.0307000
vn 0.0000000 0.0000000 0.0000000
v -0.0499999 0.4508340 0.0333620
vn 0.0000000 0.0000000 0.0000000
v -0.0499999 0.4490300 0.0337000
vn 0.0000000 0.0000000 0.0000000
v -0.0499999 0.4523720 0.0323950
vn 0.0000000 0.0000000 0.0000000
v -0.0499999 0.4646870 0.0226660
vn 0.0000000 0.0000000 0.0000000
v -0.0499999 0.4523720 0.0323950
vn 0.0000000 0.0000000 0.0000000
v -0.0499999 0.4653190 0.0222450
vn 0.0000000 0.0000000 0.0000000
v -0.0499999 0.4719140 0.0182210
vn 0.0000000 0.0000000 0.0000000
v -0.0499999 0.4795730 0.0143600
vn 0.0000000 0.0000000 0.0000000
v -0.0499999 0.4795730 0.0143600
vn 0.0000000 0.0000000 0.0000000
v -0.0499999 0.4880180 0.0111310
vn 0.0000000 0.0000000 0.0000000
v -0.0499999 0.4956840 0.0091510
vn 0.0000000 0.0000000 0.0000000
v -0.0499999 0.5101400 0.0077000
vn 0.0000000 0.0000000 0.0000000
v -0.0499999 0.5161400 0.0077000
vn 0.0000000 0.0000000 0.0000000
v -0.0499999 0.5101400 0.0077000
vn 0.0000000 0.0000000 0.0000000
v -0.0499999 0.5161400 0.0077000
vn 0.0000000 0.0000000 0.0000000
v -0.0499999 0.5315750 0.0086870
vn 0.0000000 0.0000000 0.0000000
v -0.0499999 0.5526390 0.0133500
vn 0.0000000 0.0000000 0.0000000
v -0.0499999 0.5778400 0.0248600
vn 0.0000000 0.0000000 0.0000000
v -0.0499999 0.5861400 -0.0210190
vn 0.0000000 0.0000000 0.0000000
v -0.0499999 0.5861400 -0.0135000
vn 0.0000000 0.0000000 0.0000000
v -0.0495000 0.5856400 -0.0127930
vn 0.0000000 0.0000000 0.0000000
v -0.0499999 0.5861400 -0.0135000
vn 0.0000000 0.0000000 0.0000000
v -0.0499999 0.5858550 -0.0128010
vn 0.0000000 0.0000000 0.0000000
v -0.0499999 0.5858550 -0.0128010
vn 0.0000000 0.0000000 0.0000000
v -0.0499999 0.5861400 -0.0210190
vn 0.0000000 0.0000000 0.0000000
v -0.0499999 0.5849410 -0.0242680
vn 0.0000000 0.0000000 0.0000000
v -0.0493880 0.5857520 0.0129999
vn 0.0000000 0.0000000 0.0000000
v -0.0499999 0.5861400 0.0135000
vn 0.0000000 0.0000000 0.0000000
v -0.0499999 0.5860680 0.0131270
vn 0.0000000 0.0000000 0.0000000
v -0.0499999 0.5819180 -0.0259580
vn 0.0000000 0.0000000 0.0000000
v -0.0499999 0.5785220 -0.0252790
vn 0.0000000 0.0000000 0.0000000
v -0.0499999 0.5778400 -0.0248600
vn 0.0000000 0.0000000 0.0000000
v -0.0499999 0.5785220 -0.0252790
vn 0.0000000 0.0000000 0.0000000
v -0.0499999 0.5778400 -0.0248600
vn 0.0000000 0.0000000 0.0000000
v -0.0499999 0.5515730 -0.0130160
vn 0.0000000 0.0000000 0.0000000
v -0.0499999 0.5308210 -0.0085919
vn 0.0000000 0.0000000 0.0000000
v -0.0499999 0.5161400 -0.0077000
vn 0.0000000 0.0000000 0.0000000
v -0.0499999 0.5101400 -0.0077000
vn 0.0000000 0.0000000 0.0000000
v -0.0499999 0.5161400 -0.0077000
vn 0.0000000 0.0000000 0.0000000
v -0.0499999 0.5101400 -0.0077000
vn 0.0000000 0.0000000 0.0000000
v -0.0499999 0.4963060 -0.0090280
vn 0.0000000 0.0000000 0.0000000
v -0.0499999 0.4887710 -0.0108980
vn 0.0000000 0.0000000 0.0000000
v -0.0499999 0.4795730 -0.0143600
vn 0.0000000 0.0000000 0.0000000
v -0.0499999 0.4722480 -0.0180350
vn 0.0000000 0.0000000 0.0000000
v -0.0499999 0.4795730 -0.0143600
vn 0.0000000 0.0000000 0.0000000
v -0.0510499 0.2624400 0.1130000
vn 0.0000000 0.0000000 0.0000000
v -0.0510499 0.2624400 0.1130000
vn 0.0000000 0.0000000 0.0000000
v -0.0475330 0.2624400 0.1130000
vn 0.0000000 0.0000000 0.0000000
v -0.0465880 0.2623220 0.1130000
vn 0.0000000 0.0000000 0.0000000
v -0.0527840 0.2625330 0.1130000
vn 0.0000000 0.0000000 0.0000000
v -0.0458680 0.2620320 0.1130000
vn 0.0000000 0.0000000 0.0000000
v -0.0453830 0.2616090 0.1130000
vn 0.0000000 0.0000000 0.0000000
v -0.0452230 0.2611400 0.1130000
vn 0.0000000 0.0000000 0.0000000
v -0.0450240 0.2611400 0.1130290
vn 0.0000000 0.0000000 0.0000000
v -0.0452230 0.2611400 0.1130000
vn 0.0000000 0.0000000 0.0000000
v -0.0453830 0.2616090 0.1130000
vn 0.0000000 0.0000000 0.0000000
v -0.0450240 0.2611400 0.1130290
vn 0.0000000 0.0000000 0.0000000
v -0.0452230 0.2481400 0.1130000
vn 0.0000000 0.0000000 0.0000000
v -0.0452230 0.2611400 0.1130000
vn 0.0000000 0.0000000 0.0000000
v -0.0450240 0.2481400 0.1130290
vn 0.0000000 0.0000000 0.0000000
v -0.0457690 0.2473450 0.1132050
vn 0.0000000 0.0000000 0.0000000
v -0.0457690 0.2478400 0.1130000
vn 0.0000000 0.0000000 0.0000000
v -0.0454210 0.2479090 0.1130000
vn 0.0000000 0.0000000 0.0000000
v -0.0475320 0.2478400 0.1130000
vn 0.0000000 0.0000000 0.0000000
v -0.0475320 0.2478400 0.1130000
vn 0.0000000 0.0000000 0.0000000
v -0.0457690 0.2478400 0.1130000
vn 0.0000000 0.0000000 0.0000000
v -0.0487120 0.2481390 0.1134840
vn 0.0000000 0.0000000 0.0000000
v -0.0478840 0.2479210 0.1130000
vn 0.0000000 0.0000000 0.0000000
v -0.0457690 0.2478400 0.1130000
vn 0.0000000 0.0000000 0.0000000
v -0.0475320 0.2478400 0.1130000
vn 0.0000000 0.0000000 0.0000000
v -0.0478840 0.2479210 0.1130000
vn 0.0000000 0.0000000 0.0000000
v -0.0454210 0.2479090 0.1130000
vn 0.0000000 0.0000000 0.0000000
v -0.0452230 0.2481400 0.1130000
vn 0.0000000 0.0000000 0.0000000
v -0.0480460 0.2481400 0.1130000
vn 0.0000000 0.0000000 0.0000000
v -0.0480460 0.2568400 0.1130000
vn 0.0000000 0.0000000 0.0000000
v -0.0480460 0.2568400 0.1130000
vn 0.0000000 0.0000000 0.0000000
v -0.0487120 0.2481390 0.1134840
vn 0.0000000 0.0000000 0.0000000
v -0.0480460 0.2568400 0.1130000
vn 0.0000000 0.0000000 0.0000000
v -0.0480460 0.2481400 0.1130000
vn 0.0000000 0.0000000 0.0000000
v -0.0554560 0.2473600 0.1068510
vn 0.0000000 0.0000000 0.0000000
v -0.0549999 0.2481400 0.1066570
vn 0.0000000 0.0000000 0.0000000
v -0.0554560 0.2481400 0.1073140
vn 0.0000000 0.0000000 0.0000000
v -0.0551990 0.2563510 0.1071470
vn 0.0000000 0.0000000 0.0000000
v -0.0549999 0.2481400 0.1066570
vn 0.0000000 0.0000000 0.0000000
v -0.0549999 0.2568400 0.1066580
vn 0.0000000 0.0000000 0.0000000
v -0.0554560 0.2481400 0.1073140
vn 0.0000000 0.0000000 0.0000000
v -0.0554560 0.2471840 0.1061960
vn 0.0000000 0.0000000 0.0000000
v -0.0549999 0.2479140 0.1065000
vn 0.0000000 0.0000000 0.0000000
v -0.0552050 0.2473450 0.1061960
vn 0.0000000 0.0000000 0.0000000
v -0.0549999 0.2478400 0.1061960
vn 0.0000000 0.0000000 0.0000000
v -0.0549999 0.2478400 0.1046260
vn 0.0000000 0.0000000 0.0000000
v -0.0549999 0.2479140 0.1065000
vn 0.0000000 0.0000000 0.0000000
v -0.0549999 0.2478400 0.1061960
vn 0.0000000 0.0000000 0.0000000
v -0.0549999 0.2479350 0.1042740
vn 0.0000000 0.0000000 0.0000000
v -0.0549999 0.2478400 0.1061960
vn 0.0000000 0.0000000 0.0000000
v -0.0549999 0.2478400 0.1046260
vn 0.0000000 0.0000000 0.0000000
v -0.0550390 0.2481400 0.1039140
vn 0.0000000 0.0000000 0.0000000
v -0.0549999 0.2481400 0.1041440
vn 0.0000000 0.0000000 0.0000000
v -0.0549999 0.2479350 0.1042740
vn 0.0000000 0.0000000 0.0000000
v -0.0550390 0.2611400 0.1039140
vn 0.0000000 0.0000000 0.0000000
v -0.0549999 0.2611400 0.1041440
vn 0.0000000 0.0000000 0.0000000
v -0.0550390 0.2481400 0.1039140
vn 0.0000000 0.0000000 0.0000000
v -0.0549999 0.2568400 0.1066580
vn 0.0000000 0.0000000 0.0000000
v -0.0549999 0.2481400 0.1066570
vn 0.0000000 0.0000000 0.0000000
v -0.0549999 0.2611400 0.1041440
vn 0.0000000 0.0000000 0.0000000
v -0.0549999 0.2481400 0.1041440
vn 0.0000000 0.0000000 0.0000000
v -0.0552050 0.2629350 0.1061960
vn 0.0000000 0.0000000 0.0000000
v -0.0549999 0.2624400 0.1061960
vn 0.0000000 0.0000000 0.0000000
v -0.0549999 0.2623050 0.1052960
vn 0.0000000 0.0000000 0.0000000
v -0.0549999 0.2481400 0.1041440
vn 0.0000000 0.0000000 0.0000000
v -0.0552050 0.2629350 0.1093650
vn 0.0000000 0.0000000 0.0000000
v -0.0549999 0.2624400 0.1093650
vn 0.0000000 0.0000000 0.0000000
v -0.0552050 0.2629350 0.1061960
vn 0.0000000 0.0000000 0.0000000
v -0.0549999 0.2624400 0.1061960
vn 0.0000000 0.0000000 0.0000000
v -0.0552050 0.2629350 0.1093650
vn 0.0000000 0.0000000 0.0000000
v -0.0549999 0.2625280 0.1109290
vn 0.0000000 0.0000000 0.0000000
v -0.0549999 0.2624400 0.1093650
vn 0.0000000 0.0000000 0.0000000
v -0.0551550 0.2631890 0.1122020
vn 0.0000000 0.0000000 0.0000000
v -0.0549999 0.2627620 0.1123000
vn 0.0000000 0.0000000 0.0000000
v -0.0551820 0.2563630 0.1122540
vn 0.0000000 0.0000000 0.0000000
v -0.0552050 0.2563450 0.1121300
vn 0.0000000 0.0000000 0.0000000
v -0.0549999 0.2568320 0.1123000
vn 0.0000000 0.0000000 0.0000000
v -0.0480460 0.2481400 0.1130000
vn 0.0000000 0.0000000 0.0000000
v -0.0551820 0.2563630 0.1122540
vn 0.0000000 0.0000000 0.0000000
v -0.0549999 0.2568320 0.1123000
vn 0.0000000 0.0000000 0.0000000
v -0.0548550 0.2566620 0.1127270
vn 0.0000000 0.0000000 0.0000000
v -0.0549999 0.2568320 0.1123000
vn 0.0000000 0.0000000 0.0000000
v -0.0485350 0.2563510 0.1131990
vn 0.0000000 0.0000000 0.0000000
v -0.0549999 0.2616230 0.1042940
vn 0.0000000 0.0000000 0.0000000
v -0.0549999 0.2568320 0.1123000
vn 0.0000000 0.0000000 0.0000000
v -0.0549999 0.2620080 0.1046760
vn 0.0000000 0.0000000 0.0000000
v -0.0549999 0.2623050 0.1052960
vn 0.0000000 0.0000000 0.0000000
v -0.0549999 0.2624400 0.1061960
vn 0.0000000 0.0000000 0.0000000
v -0.0549999 0.2624400 0.1093650
vn 0.0000000 0.0000000 0.0000000
v -0.0549999 0.2625280 0.1109290
vn 0.0000000 0.0000000 0.0000000
v -0.0549999 0.2627620 0.1123000
vn 0.0000000 0.0000000 0.0000000
v -0.0549999 0.2627620 0.1123000
vn 0.0000000 0.0000000 0.0000000
v -0.0549999 0.2568400 0.1121300
vn 0.0000000 0.0000000 0.0000000
v -0.0552050 0.2563450 0.1121300
vn 0.0000000 0.0000000 0.0000000
v -0.0549999 0.2568400 0.1066580
vn 0.0000000 0.0000000 0.0000000
v -0.0549999 0.2568400 0.1121300
vn 0.0000000 0.0000000 0.0000000
v -0.0549999 0.2568400 0.1121300
vn 0.0000000 0.0000000 0.0000000
v -0.0556340 0.2561380 0.1122320
vn 0.0000000 0.0000000 0.0000000
v -0.0556340 0.2561380 0.1122320
vn 0.0000000 0.0000000 0.0000000
v -0.0546390 0.2566780 0.1129120
vn 0.0000000 0.0000000 0.0000000
v -0.0543000 0.2568200 0.1130000
vn 0.0000000 0.0000000 0.0000000
v -0.0547080 0.2561040 0.1132300
vn 0.0000000 0.0000000 0.0000000
v -0.0551230 0.2561000 0.1128500
vn 0.0000000 0.0000000 0.0000000
v -0.0542360 0.2563700 0.1131680
vn 0.0000000 0.0000000 0.0000000
v -0.0542020 0.2561360 0.1135910
vn 0.0000000 0.0000000 0.0000000
v -0.0708920 0.2536400 0.0802850
vn 0.0000000 0.0000000 0.0000000
v -0.0711410 0.2532740 0.0805540
vn 0.0000000 0.0000000 0.0000000
v -0.0714810 0.2534400 0.0802070
vn 0.0000000 0.0000000 0.0000000
v -0.0705570 0.2537640 0.0808470
vn 0.0000000 0.0000000 0.0000000
v -0.0707670 0.2534420 0.0808650
vn 0.0000000 0.0000000 0.0000000
v -0.0714810 0.2537660 0.0799930
vn 0.0000000 0.0000000 0.0000000
v -0.0417910 0.2534330 0.1222140
vn 0.0000000 0.0000000 0.0000000
v -0.0247250 0.2537640 0.1262760
vn 0.0000000 0.0000000 0.0000000
v -0.0247410 0.2534420 0.1264870
vn 0.0000000 0.0000000 0.0000000
v -0.0725540 0.2534330 0.0804400
vn 0.0000000 0.0000000 0.0000000
v -0.0727690 0.2541400 0.0802400
vn 0.0000000 0.0000000 0.0000000
v -0.0720360 0.2535510 0.0801120
vn 0.0000000 0.0000000 0.0000000
v -0.0708010 0.2541400 0.0801870
vn 0.0000000 0.0000000 0.0000000
v -0.0726760 0.2534330 0.0495000
vn 0.0000000 0.0000000 0.0000000
v -0.0721760 0.2535410 0.0498000
vn 0.0000000 0.0000000 0.0000000
v -0.0728830 0.2541400 0.0497070
vn 0.0000000 0.0000000 0.0000000
v -0.0729760 0.2535410 0.0490000
vn 0.0000000 0.0000000 0.0000000
v -0.0711260 0.2534330 0.0495000
vn 0.0000000 0.0000000 0.0000000
v -0.0708250 0.2535410 0.0490000
vn 0.0000000 0.0000000 0.0000000
v -0.0709180 0.2541400 0.0497070
vn 0.0000000 0.0000000 0.0000000
v -0.0716260 0.2535410 0.0498000
vn 0.0000000 0.0000000 0.0000000
v -0.0551990 0.2563510 0.1071470
vn 0.0000000 0.0000000 0.0000000
v -0.0733760 0.2561400 0.0490000
vn 0.0000000 0.0000000 0.0000000
v -0.0731760 0.2541400 0.0490000
vn 0.0000000 0.0000000 0.0000000
v -0.0673760 0.2561400 0.0771120
vn 0.0000000 0.0000000 0.0000000
v -0.0704260 0.2561400 0.0490000
vn 0.0000000 0.0000000 0.0000000
v -0.0728830 0.2559400 0.0497070
vn 0.0000000 0.0000000 0.0000000
v -0.0731760 0.2559400 0.0490000
vn 0.0000000 0.0000000 0.0000000
v -0.0728830 0.2541400 0.0497070
vn 0.0000000 0.0000000 0.0000000
v -0.0731760 0.2541400 0.0490000
vn 0.0000000 0.0000000 0.0000000
v -0.0707810 0.2561400 0.0498490
vn 0.0000000 0.0000000 0.0000000
v -0.0716260 0.2561400 0.0502000
vn 0.0000000 0.0000000 0.0000000
v -0.0709180 0.2559400 0.0497070
vn 0.0000000 0.0000000 0.0000000
v -0.0707810 0.2561400 0.0498490
vn 0.0000000 0.0000000 0.0000000
v -0.0716260 0.2561400 0.0502000
vn 0.0000000 0.0000000 0.0000000
v -0.0706260 0.2559400 0.0490000
vn 0.0000000 0.0000000 0.0000000
v -0.0704260 0.2561400 0.0490000
vn 0.0000000 0.0000000 0.0000000
v -0.0721760 0.2561400 0.0502000
vn 0.0000000 0.0000000 0.0000000
v -0.0716260 0.2561400 0.0502000
vn 0.0000000 0.0000000 0.0000000
v -0.0721760 0.2561400 0.0502000
vn 0.0000000 0.0000000 0.0000000
v -0.0721760 0.2559400 0.0499999
vn 0.0000000 0.0000000 0.0000000
v -0.0721760 0.2541400 0.0499999
vn 0.0000000 0.0000000 0.0000000
v -0.0721760 0.2541400 0.0499999
vn 0.0000000 0.0000000 0.0000000
v -0.0730250 0.2561400 0.0498440
vn 0.0000000 0.0000000 0.0000000
v -0.0728830 0.2559400 0.0497070
vn 0.0000000 0.0000000 0.0000000
v -0.0730250 0.2561400 0.0498440
vn 0.0000000 0.0000000 0.0000000
v -0.0733760 0.2561400 0.0490000
vn 0.0000000 0.0000000 0.0000000
v -0.0721760 0.2559400 0.0499999
vn 0.0000000 0.0000000 0.0000000
v -0.0721760 0.2561400 0.0502000
vn 0.0000000 0.0000000 0.0000000
v -0.0754270 0.2561400 0.0771560
vn 0.0000000 0.0000000 0.0000000
v -0.0731760 0.2559400 0.0490000
vn 0.0000000 0.0000000 0.0000000
v -0.0673760 0.2548900 0.0600000
vn 0.0000000 0.0000000 0.0000000
v -0.0673760 0.2561400 0.0771120
vn 0.0000000 0.0000000 0.0000000
v -0.0721760 0.2559400 0.0499999
vn 0.0000000 0.0000000 0.0000000
v -0.0716260 0.2541400 0.0499999
vn 0.0000000 0.0000000 0.0000000
v -0.0721760 0.2535410 0.0498000
vn 0.0000000 0.0000000 0.0000000
v -0.0716260 0.2541400 0.0499999
vn 0.0000000 0.0000000 0.0000000
v -0.0721760 0.2541400 0.0499999
vn 0.0000000 0.0000000 0.0000000
v -0.0709180 0.2559400 0.0497070
vn 0.0000000 0.0000000 0.0000000
v -0.0716260 0.2559400 0.0499999
vn 0.0000000 0.0000000 0.0000000
v -0.0709180 0.2541400 0.0497070
vn 0.0000000 0.0000000 0.0000000
v -0.0716260 0.2559400 0.0499999
vn 0.0000000 0.0000000 0.0000000
v -0.0721250 0.2561400 0.0884890
vn 0.0000000 0.0000000 0.0000000
v -0.0728240 0.2561400 0.0936900
vn 0.0000000 0.0000000 0.0000000
v -0.0754270 0.2561400 0.0771560
vn 0.0000000 0.0000000 0.0000000
v -0.0728240 0.2561400 0.0936900
vn 0.0000000 0.0000000 0.0000000
v -0.0732320 0.2561400 0.0810100
vn 0.0000000 0.0000000 0.0000000
v -0.0729100 0.2561400 0.0801030
vn 0.0000000 0.0000000 0.0000000
v -0.0720360 0.2561400 0.0797210
vn 0.0000000 0.0000000 0.0000000
v -0.0714810 0.2561400 0.0797210
vn 0.0000000 0.0000000 0.0000000
v -0.0706630 0.2561400 0.0800450
vn 0.0000000 0.0000000 0.0000000
v -0.0688860 0.2561400 0.0982850
vn 0.0000000 0.0000000 0.0000000
v -0.0688500 0.2561400 0.1029570
vn 0.0000000 0.0000000 0.0000000
v -0.0688500 0.2561400 0.1029570
vn 0.0000000 0.0000000 0.0000000
v -0.0601820 0.2561400 0.1117410
vn 0.0000000 0.0000000 0.0000000
v -0.0630760 0.2561400 0.1115200
vn 0.0000000 0.0000000 0.0000000
v -0.0630760 0.2561400 0.1115200
vn 0.0000000 0.0000000 0.0000000
v -0.0565260 0.2561400 0.1181870
vn 0.0000000 0.0000000 0.0000000
v -0.0565260 0.2561400 0.1181870
vn 0.0000000 0.0000000 0.0000000
v -0.0471490 0.2561400 0.1222640
vn 0.0000000 0.0000000 0.0000000
v -0.0500080 0.2561400 0.1229550
vn 0.0000000 0.0000000 0.0000000
v -0.0500080 0.2561400 0.1229550
vn 0.0000000 0.0000000 0.0000000
v -0.0369860 0.2561400 0.1266770
vn 0.0000000 0.0000000 0.0000000
v -0.0373140 0.2561400 0.1287310
vn 0.0000000 0.0000000 0.0000000
v -0.0373140 0.2561400 0.1287310
vn 0.0000000 0.0000000 0.0000000
v -0.0214640 0.2561400 0.1310920
vn 0.0000000 0.0000000 0.0000000
v -0.0214640 0.2561400 0.1310920
vn 0.0000000 0.0000000 0.0000000
v -0.0297820 0.2561400 0.1283730
vn 0.0000000 0.0000000 0.0000000
v -0.0721760 0.2559400 0.0499999
vn 0.0000000 0.0000000 0.0000000
v -0.0721760 0.2541400 0.0499999
vn 0.0000000 0.0000000 0.0000000
v -0.0716260 0.2559400 0.0499999
vn 0.0000000 0.0000000 0.0000000
v -0.0716260 0.2559400 0.0499999
vn 0.0000000 0.0000000 0.0000000
v -0.0716260 0.2541400 0.0499999
vn 0.0000000 0.0000000 0.0000000
v -0.0716260 0.2541400 0.0499999
vn 0.0000000 0.0000000 0.0000000
v -0.0314060 0.2561400 0.1250800
vn 0.0000000 0.0000000 0.0000000
v -0.0408620 0.2561400 0.1220850
vn 0.0000000 0.0000000 0.0000000
v -0.0356089 0.2561400 0.1208110
vn 0.0000000 0.0000000 0.0000000
v -0.0213310 0.2481400 0.1230690
vn 0.0000000 0.0000000 0.0000000
v -0.0213310 0.2561400 0.1230690
vn 0.0000000 0.0000000 0.0000000
v -0.0356089 0.2561400 0.1208110
vn 0.0000000 0.0000000 0.0000000
v -0.0540180 0.2561400 0.1137000
vn 0.0000000 0.0000000 0.0000000
v -0.0484580 0.2561400 0.1142660
vn 0.0000000 0.0000000 0.0000000
v -0.0335160 0.2481400 0.1214360
vn 0.0000000 0.0000000 0.0000000
v -0.0484580 0.2561400 0.1142660
vn 0.0000000 0.0000000 0.0000000
v -0.0486709 0.2561400 0.1140150
vn 0.0000000 0.0000000 0.0000000
v -0.0484580 0.2481400 0.1142660
vn 0.0000000 0.0000000 0.0000000
v -0.0484580 0.2561400 0.1142660
vn 0.0000000 0.0000000 0.0000000
v -0.0486709 0.2561400 0.1140150
vn 0.0000000 0.0000000 0.0000000
v -0.0484580 0.2481400 0.1142660
vn 0.0000000 0.0000000 0.0000000
v -0.0487460 0.2561400 0.1137000
vn 0.0000000 0.0000000 0.0000000
v -0.0487460 0.2561400 0.1137000
vn 0.0000000 0.0000000 0.0000000
v -0.0487460 0.2561400 0.1137000
vn 0.0000000 0.0000000 0.0000000
v -0.0540180 0.2561400 0.1137000
vn 0.0000000 0.0000000 0.0000000
v -0.0514629 0.2559400 0.1160760
vn 0.0000000 0.0000000 0.0000000
v -0.0540180 0.2561400 0.1137000
vn 0.0000000 0.0000000 0.0000000
v -0.0408620 0.2561400 0.1220850
vn 0.0000000 0.0000000 0.0000000
v -0.0542020 0.2561360 0.1135910
vn 0.0000000 0.0000000 0.0000000
v -0.0540180 0.2561400 0.1137000
vn 0.0000000 0.0000000 0.0000000
v -0.0542020 0.2561360 0.1135910
vn 0.0000000 0.0000000 0.0000000
v -0.0348900 0.2559400 0.1244270
vn 0.0000000 0.0000000 0.0000000
v -0.0314060 0.2561400 0.1250800
vn 0.0000000 0.0000000 0.0000000
v -0.0422390 0.2559400 0.1216860
vn 0.0000000 0.0000000 0.0000000
v -0.0706260 0.2541400 0.0490000
vn 0.0000000 0.0000000 0.0000000
v -0.0706260 0.2541400 0.0490000
vn 0.0000000 0.0000000 0.0000000
v -0.0706260 0.2559400 0.0490000
vn 0.0000000 0.0000000 0.0000000
v -0.0369860 0.2561400 0.1266770
vn 0.0000000 0.0000000 0.0000000
v -0.0369260 0.2559400 0.1264860
vn 0.0000000 0.0000000 0.0000000
v -0.0471490 0.2561400 0.1222640
vn 0.0000000 0.0000000 0.0000000
v -0.0470500 0.2559400 0.1220910
vn 0.0000000 0.0000000 0.0000000
v -0.0601820 0.2561400 0.1117410
vn 0.0000000 0.0000000 0.0000000
v -0.0600340 0.2559400 0.1116090
vn 0.0000000 0.0000000 0.0000000
v -0.0688860 0.2561400 0.0982850
vn 0.0000000 0.0000000 0.0000000
v -0.0687030 0.2559400 0.0982030
vn 0.0000000 0.0000000 0.0000000
v -0.0721250 0.2561400 0.0884890
vn 0.0000000 0.0000000 0.0000000
v -0.0719300 0.2559400 0.0884450
vn 0.0000000 0.0000000 0.0000000
v -0.0732320 0.2561400 0.0810100
vn 0.0000000 0.0000000 0.0000000
v -0.0727690 0.2559400 0.0802400
vn 0.0000000 0.0000000 0.0000000
v -0.0729100 0.2561400 0.0801030
vn 0.0000000 0.0000000 0.0000000
v -0.0720360 0.2561400 0.0797210
vn 0.0000000 0.0000000 0.0000000
v -0.0730330 0.2559400 0.0809950
vn 0.0000000 0.0000000 0.0000000
v -0.0732320 0.2561400 0.0810100
vn 0.0000000 0.0000000 0.0000000
v -0.0702840 0.2561400 0.0808300
vn 0.0000000 0.0000000 0.0000000
v -0.0708010 0.2559400 0.0801870
vn 0.0000000 0.0000000 0.0000000
v -0.0706630 0.2561400 0.0800450
vn 0.0000000 0.0000000 0.0000000
v -0.0702840 0.2561400 0.0808300
vn 0.0000000 0.0000000 0.0000000
v -0.0714810 0.2559400 0.0799210
vn 0.0000000 0.0000000 0.0000000
v -0.0714810 0.2561400 0.0797210
vn 0.0000000 0.0000000 0.0000000
v -0.0644920 0.2561400 0.0931370
vn 0.0000000 0.0000000 0.0000000
v -0.0689270 0.2561400 0.0891380
vn 0.0000000 0.0000000 0.0000000
v -0.0645150 0.2561400 0.1004460
vn 0.0000000 0.0000000 0.0000000
v -0.0686790 0.2559400 0.0908180
vn 0.0000000 0.0000000 0.0000000
v -0.0689270 0.2561400 0.0891380
vn 0.0000000 0.0000000 0.0000000
v -0.0645150 0.2561400 0.1004460
vn 0.0000000 0.0000000 0.0000000
v -0.0704840 0.2559400 0.0808450
vn 0.0000000 0.0000000 0.0000000
v -0.0702840 0.2561400 0.0808300
vn 0.0000000 0.0000000 0.0000000
v -0.0562299 0.2561400 0.1071150
vn 0.0000000 0.0000000 0.0000000
v -0.0557000 0.2561400 0.1121300
vn 0.0000000 0.0000000 0.0000000
v -0.0620670 0.2559400 0.1048450
vn 0.0000000 0.0000000 0.0000000
v -0.0557000 0.2561400 0.1121300
vn 0.0000000 0.0000000 0.0000000
v -0.0559890 0.2561400 0.1072950
vn 0.0000000 0.0000000 0.0000000
v -0.0557000 0.2561400 0.1073580
vn 0.0000000 0.0000000 0.0000000
v -0.0557000 0.2561400 0.1121300
vn 0.0000000 0.0000000 0.0000000
v -0.0557000 0.2561400 0.1073580
vn 0.0000000 0.0000000 0.0000000
v -0.0556340 0.2561380 0.1122320
vn 0.0000000 0.0000000 0.0000000
v -0.0557000 0.2561400 0.1121300
vn 0.0000000 0.0000000 0.0000000
v -0.0557000 0.2561400 0.1073580
vn 0.0000000 0.0000000 0.0000000
v -0.0559890 0.2561400 0.1072950
vn 0.0000000 0.0000000 0.0000000
v -0.0562299 0.2561400 0.1071150
vn 0.0000000 0.0000000 0.0000000
v -0.0562299 0.2481400 0.1071150
vn 0.0000000 0.0000000 0.0000000
v -0.0562299 0.2561400 0.1071150
vn 0.0000000 0.0000000 0.0000000
v -0.0644920 0.2561400 0.0931370
vn 0.0000000 0.0000000 0.0000000
v -0.0562299 0.2481400 0.1071150
vn 0.0000000 0.0000000 0.0000000
v -0.0665570 0.2481400 0.0857479
vn 0.0000000 0.0000000 0.0000000
v -0.0673760 0.2561400 0.0771120
vn 0.0000000 0.0000000 0.0000000
v -0.0635460 0.2481400 0.0954820
vn 0.0000000 0.0000000 0.0000000
v -0.0673760 0.2481400 0.0771120
vn 0.0000000 0.0000000 0.0000000
v -0.0673760 0.2481400 0.0771120
vn 0.0000000 0.0000000 0.0000000
v -0.0680489 0.2631400 0.0779940
vn 0.0000000 0.0000000 0.0000000
v -0.0663760 0.2631400 0.0771120
vn 0.0000000 0.0000000 0.0000000
v -0.0655920 0.2631400 0.0854720
vn 0.0000000 0.0000000 0.0000000
v -0.0649609 0.2625540 0.0771120
vn 0.0000000 0.0000000 0.0000000
v -0.0663760 0.2631400 0.0771120
vn 0.0000000 0.0000000 0.0000000
v -0.0655920 0.2631400 0.0854720
vn 0.0000000 0.0000000 0.0000000
v -0.0647130 0.2631400 0.0952090
vn 0.0000000 0.0000000 0.0000000
v -0.0625160 0.2631400 0.0953390
vn 0.0000000 0.0000000 0.0000000
v -0.0624800 0.2625540 0.0916060
vn 0.0000000 0.0000000 0.0000000
v -0.0625160 0.2631400 0.0953390
vn 0.0000000 0.0000000 0.0000000
v -0.0557000 0.2631400 0.1093650
vn 0.0000000 0.0000000 0.0000000
v -0.0557000 0.2631400 0.1061960
vn 0.0000000 0.0000000 0.0000000
v -0.0554600 0.2629320 0.1050980
vn 0.0000000 0.0000000 0.0000000
v -0.0557000 0.2631400 0.1061960
vn 0.0000000 0.0000000 0.0000000
v -0.0552940 0.2624750 0.1043500
vn 0.0000000 0.0000000 0.0000000
v -0.0557000 0.2631400 0.1061960
vn 0.0000000 0.0000000 0.0000000
v -0.0557000 0.2631400 0.1093650
vn 0.0000000 0.0000000 0.0000000
v -0.0554600 0.2629320 0.1050980
vn 0.0000000 0.0000000 0.0000000
v -0.0557000 0.2631400 0.1061960
vn 0.0000000 0.0000000 0.0000000
v -0.0557000 0.2631400 0.1093650
vn 0.0000000 0.0000000 0.0000000
v -0.0647130 0.2631400 0.0952090
vn 0.0000000 0.0000000 0.0000000
v -0.0556190 0.2632190 0.1108500
vn 0.0000000 0.0000000 0.0000000
v -0.0557000 0.2631400 0.1093650
vn 0.0000000 0.0000000 0.0000000
v -0.0556190 0.2632190 0.1108500
vn 0.0000000 0.0000000 0.0000000
v -0.0680489 0.2631400 0.0779940
vn 0.0000000 0.0000000 0.0000000
v -0.0376040 0.2631400 0.1212540
vn 0.0000000 0.0000000 0.0000000
v -0.0325200 0.2631400 0.1206660
vn 0.0000000 0.0000000 0.0000000
v -0.0475330 0.2631400 0.1137000
vn 0.0000000 0.0000000 0.0000000
v -0.0464230 0.2629580 0.1134600
vn 0.0000000 0.0000000 0.0000000
v -0.0475330 0.2631400 0.1137000
vn 0.0000000 0.0000000 0.0000000
v -0.0325200 0.2631400 0.1206660
vn 0.0000000 0.0000000 0.0000000
v -0.0510499 0.2631400 0.1137000
vn 0.0000000 0.0000000 0.0000000
v -0.0510499 0.2631400 0.1137000
vn 0.0000000 0.0000000 0.0000000
v -0.0475330 0.2631400 0.1137000
vn 0.0000000 0.0000000 0.0000000
v -0.0475330 0.2629350 0.1132050
vn 0.0000000 0.0000000 0.0000000
v -0.0475330 0.2631400 0.1137000
vn 0.0000000 0.0000000 0.0000000
v -0.0464230 0.2629580 0.1134600
vn 0.0000000 0.0000000 0.0000000
v -0.0340330 0.2625540 0.1187750
vn 0.0000000 0.0000000 0.0000000
v -0.0213310 0.2631400 0.1220690
vn 0.0000000 0.0000000 0.0000000
v -0.0456390 0.2625540 0.1132890
vn 0.0000000 0.0000000 0.0000000
v -0.0213310 0.2625540 0.1206550
vn 0.0000000 0.0000000 0.0000000
v -0.0221590 0.2631400 0.1239260
vn 0.0000000 0.0000000 0.0000000
v -0.0376040 0.2631400 0.1212540
vn 0.0000000 0.0000000 0.0000000
v -0.0510499 0.2631400 0.1137000
vn 0.0000000 0.0000000 0.0000000
v -0.0527080 0.2632230 0.1136120
vn 0.0000000 0.0000000 0.0000000
v -0.0527080 0.2632230 0.1136120
vn 0.0000000 0.0000000 0.0000000
v -0.0510499 0.2631400 0.1137000
vn 0.0000000 0.0000000 0.0000000
v -0.0320049 0.2481400 0.1187320
vn 0.0000000 0.0000000 0.0000000
v -0.0213310 0.2611400 0.1200690
vn 0.0000000 0.0000000 0.0000000
v -0.0213310 0.2481400 0.1200690
vn 0.0000000 0.0000000 0.0000000
v -0.0314200 0.2611400 0.1188770
vn 0.0000000 0.0000000 0.0000000
v -0.0213310 0.2611400 0.1200690
vn 0.0000000 0.0000000 0.0000000
v -0.0314200 0.2611400 0.1188770
vn 0.0000000 0.0000000 0.0000000
v -0.0337420 0.2474330 0.1185570
vn 0.0000000 0.0000000 0.0000000
v -0.0320049 0.2481400 0.1187320
vn 0.0000000 0.0000000 0.0000000
v -0.0213310 0.2481400 0.1200690
vn 0.0000000 0.0000000 0.0000000
v -0.0213310 0.2474330 0.1203620
vn 0.0000000 0.0000000 0.0000000
v -0.0653760 0.2471400 0.0771120
vn 0.0000000 0.0000000 0.0000000
v -0.0663760 0.2471400 0.0771120
vn 0.0000000 0.0000000 0.0000000
v -0.0645990 0.2471400 0.0853450
vn 0.0000000 0.0000000 0.0000000
v -0.0655870 0.2471400 0.0854980
vn 0.0000000 0.0000000 0.0000000
v -0.0670830 0.2474330 0.0771120
vn 0.0000000 0.0000000 0.0000000
v -0.0663760 0.2471400 0.0771120
vn 0.0000000 0.0000000 0.0000000
v -0.0655870 0.2471400 0.0854980
vn 0.0000000 0.0000000 0.0000000
v -0.0619280 0.2471400 0.0941830
vn 0.0000000 0.0000000 0.0000000
v -0.0626970 0.2471400 0.0949290
vn 0.0000000 0.0000000 0.0000000
v -0.0642460 0.2474330 0.0929600
vn 0.0000000 0.0000000 0.0000000
v -0.0626970 0.2471400 0.0949290
vn 0.0000000 0.0000000 0.0000000
v -0.0557000 0.2471400 0.1046260
vn 0.0000000 0.0000000 0.0000000
v -0.0557000 0.2471400 0.1061960
vn 0.0000000 0.0000000 0.0000000
v -0.0557000 0.2471400 0.1061960
vn 0.0000000 0.0000000 0.0000000
v -0.0557000 0.2471400 0.1061960
vn 0.0000000 0.0000000 0.0000000
v -0.0557000 0.2471400 0.1046260
vn 0.0000000 0.0000000 0.0000000
v -0.0560710 0.2474250 0.1068380
vn 0.0000000 0.0000000 0.0000000
v -0.0560710 0.2474250 0.1068380
vn 0.0000000 0.0000000 0.0000000
v -0.0557000 0.2471400 0.1061960
vn 0.0000000 0.0000000 0.0000000
v -0.0553120 0.2474340 0.1039770
vn 0.0000000 0.0000000 0.0000000
v -0.0557000 0.2471400 0.1046260
vn 0.0000000 0.0000000 0.0000000
v -0.0619280 0.2471400 0.0941830
vn 0.0000000 0.0000000 0.0000000
v -0.0552050 0.2473450 0.1046260
vn 0.0000000 0.0000000 0.0000000
v -0.0557000 0.2471400 0.1046260
vn 0.0000000 0.0000000 0.0000000
v -0.0553120 0.2474340 0.1039770
vn 0.0000000 0.0000000 0.0000000
v -0.0622629 0.2474330 0.0913370
vn 0.0000000 0.0000000 0.0000000
v -0.0645990 0.2471400 0.0853450
vn 0.0000000 0.0000000 0.0000000
v -0.0653760 0.2471400 0.0771120
vn 0.0000000 0.0000000 0.0000000
v -0.0646680 0.2474330 0.0771120
vn 0.0000000 0.0000000 0.0000000
v -0.0324320 0.2471400 0.1196550
vn 0.0000000 0.0000000 0.0000000
v -0.0330950 0.2471400 0.1205140
vn 0.0000000 0.0000000 0.0000000
v -0.0475320 0.2471400 0.1137000
vn 0.0000000 0.0000000 0.0000000
v -0.0354390 0.2474330 0.1205580
vn 0.0000000 0.0000000 0.0000000
v -0.0475320 0.2471400 0.1137000
vn 0.0000000 0.0000000 0.0000000
v -0.0330950 0.2471400 0.1205140
vn 0.0000000 0.0000000 0.0000000
v -0.0457690 0.2471400 0.1137000
vn 0.0000000 0.0000000 0.0000000
v -0.0457690 0.2471400 0.1137000
vn 0.0000000 0.0000000 0.0000000
v -0.0475320 0.2471400 0.1137000
vn 0.0000000 0.0000000 0.0000000
v -0.0481650 0.2474100 0.1140880
vn 0.0000000 0.0000000 0.0000000
v -0.0475320 0.2471400 0.1137000
vn 0.0000000 0.0000000 0.0000000
v -0.0481650 0.2474100 0.1140880
vn 0.0000000 0.0000000 0.0000000
v -0.0213310 0.2471400 0.1220690
vn 0.0000000 0.0000000 0.0000000
v -0.0213310 0.2471400 0.1220690
vn 0.0000000 0.0000000 0.0000000
v -0.0213310 0.2474330 0.1227770
vn 0.0000000 0.0000000 0.0000000
v -0.0213310 0.2471400 0.1210690
vn 0.0000000 0.0000000 0.0000000
v -0.0324320 0.2471400 0.1196550
vn 0.0000000 0.0000000 0.0000000
v -0.0457690 0.2471400 0.1137000
vn 0.0000000 0.0000000 0.0000000
v -0.0451240 0.2474180 0.1132970
vn 0.0000000 0.0000000 0.0000000
v -0.0451240 0.2474180 0.1132970
vn 0.0000000 0.0000000 0.0000000
v -0.0457690 0.2471400 0.1137000
vn 0.0000000 0.0000000 0.0000000
v -0.0213310 0.2481400 0.1230690
vn 0.0000000 0.0000000 0.0000000
v -0.0335160 0.2481400 0.1214360
vn 0.0000000 0.0000000 0.0000000
v -0.0610770 0.2481400 0.0936240
vn 0.0000000 0.0000000 0.0000000
v -0.0610340 0.2611400 0.0937270
vn 0.0000000 0.0000000 0.0000000
v -0.0551500 0.2611400 0.1037100
vn 0.0000000 0.0000000 0.0000000
v -0.0551910 0.2618830 0.1038900
vn 0.0000000 0.0000000 0.0000000
v -0.0551500 0.2611400 0.1037100
vn 0.0000000 0.0000000 0.0000000
v -0.0610340 0.2611400 0.0937270
vn 0.0000000 0.0000000 0.0000000
v -0.0551500 0.2481400 0.1037100
vn 0.0000000 0.0000000 0.0000000
v -0.0551500 0.2481400 0.1037100
vn 0.0000000 0.0000000 0.0000000
v -0.0551500 0.2611400 0.1037100
vn 0.0000000 0.0000000 0.0000000
v -0.0550390 0.2611400 0.1039140
vn 0.0000000 0.0000000 0.0000000
v -0.0551500 0.2611400 0.1037100
vn 0.0000000 0.0000000 0.0000000
v -0.0551910 0.2618830 0.1038900
vn 0.0000000 0.0000000 0.0000000
v -0.0636290 0.2481400 0.0850900
vn 0.0000000 0.0000000 0.0000000
v -0.0636910 0.2611400 0.0847520
vn 0.0000000 0.0000000 0.0000000
v -0.0636910 0.2611400 0.0847520
vn 0.0000000 0.0000000 0.0000000
v -0.0643760 0.2481400 0.0771120
vn 0.0000000 0.0000000 0.0000000
v -0.0643760 0.2611400 0.0771120
vn 0.0000000 0.0000000 0.0000000
v -0.0643760 0.2611400 0.0771120
vn 0.0000000 0.0000000 0.0000000
v -0.0643760 0.2515140 0.0619460
vn 0.0000000 0.0000000 0.0000000
v -0.0643760 0.2611400 0.0771120
vn 0.0000000 0.0000000 0.0000000
v -0.0643760 0.2481400 0.0771120
vn 0.0000000 0.0000000 0.0000000
v -0.0643760 0.2537660 0.0619460
vn 0.0000000 0.0000000 0.0000000
v -0.0643760 0.2548900 0.0600000
vn 0.0000000 0.0000000 0.0000000
v -0.0643760 0.2481400 0.0771120
vn 0.0000000 0.0000000 0.0000000
v -0.0636290 0.2481400 0.0850900
vn 0.0000000 0.0000000 0.0000000
v -0.0643760 0.2503900 0.0600000
vn 0.0000000 0.0000000 0.0000000
v -0.0610770 0.2481400 0.0936240
vn 0.0000000 0.0000000 0.0000000
v -0.0551500 0.2481400 0.1037100
vn 0.0000000 0.0000000 0.0000000
v -0.0551500 0.2481400 0.1037100
vn 0.0000000 0.0000000 0.0000000
v -0.0448420 0.2481400 0.1131130
vn 0.0000000 0.0000000 0.0000000
v -0.0448420 0.2481400 0.1131130
vn 0.0000000 0.0000000 0.0000000
v -0.0448420 0.2611400 0.1131130
vn 0.0000000 0.0000000 0.0000000
v -0.0448420 0.2611400 0.1131130
vn 0.0000000 0.0000000 0.0000000
v -0.0448420 0.2481400 0.1131130
vn 0.0000000 0.0000000 0.0000000
v -0.0450240 0.2481400 0.1130290
vn 0.0000000 0.0000000 0.0000000
v -0.0448420 0.2481400 0.1131130
vn 0.0000000 0.0000000 0.0000000
v -0.0448420 0.2611400 0.1131130
vn 0.0000000 0.0000000 0.0000000
v -0.0450260 0.2618610 0.1131540
vn 0.0000000 0.0000000 0.0000000
v -0.0450260 0.2618610 0.1131540
vn 0.0000000 0.0000000 0.0000000
v -0.0448420 0.2611400 0.1131130
vn 0.0000000 0.0000000 0.0000000
v -0.0562299 0.2481400 0.1071150
vn 0.0000000 0.0000000 0.0000000
v -0.0635460 0.2481400 0.0954820
vn 0.0000000 0.0000000 0.0000000
v -0.0562299 0.2481400 0.1071150
vn 0.0000000 0.0000000 0.0000000
v -0.0665570 0.2481400 0.0857479
vn 0.0000000 0.0000000 0.0000000
v -0.0673760 0.2481400 0.0771120
vn 0.0000000 0.0000000 0.0000000
v -0.0673760 0.2537660 0.0619460
vn 0.0000000 0.0000000 0.0000000
v -0.0673760 0.2515140 0.0619460
vn 0.0000000 0.0000000 0.0000000
v -0.0673760 0.2503900 0.0600000
vn 0.0000000 0.0000000 0.0000000
v -0.0484580 0.2481400 0.1142660
vn 0.0000000 0.0000000 0.0000000
v -0.0484580 0.2481400 0.1142660
vn 0.0000000 0.0000000 0.0000000
v -0.0673760 0.2548900 0.0600000
vn 0.0000000 0.0000000 0.0000000
v -0.0643760 0.2548900 0.0600000
vn 0.0000000 0.0000000 0.0000000
v -0.0643760 0.2537660 0.0619460
vn 0.0000000 0.0000000 0.0000000
v -0.0673760 0.2537660 0.0580540
vn 0.0000000 0.0000000 0.0000000
v -0.0643760 0.2537660 0.0580540
vn 0.0000000 0.0000000 0.0000000
v -0.0643760 0.2548900 0.0600000
vn 0.0000000 0.0000000 0.0000000
v -0.0673760 0.2548900 0.0600000
vn 0.0000000 0.0000000 0.0000000
v -0.0673760 0.2537660 0.0619460
vn 0.0000000 0.0000000 0.0000000
v -0.0643760 0.2515140 0.0619460
vn 0.0000000 0.0000000 0.0000000
v -0.0673760 0.2515140 0.0619460
vn 0.0000000 0.0000000 0.0000000
v -0.0643760 0.2503900 0.0600000
vn 0.0000000 0.0000000 0.0000000
v -0.0673760 0.2503900 0.0600000
vn 0.0000000 0.0000000 0.0000000
v -0.0643760 0.2503900 0.0600000
vn 0.0000000 0.0000000 0.0000000
v -0.0643760 0.2515140 0.0580540
vn 0.0000000 0.0000000 0.0000000
v -0.0673760 0.2503900 0.0600000
vn 0.0000000 0.0000000 0.0000000
v -0.0673760 0.2515140 0.0580540
vn 0.0000000 0.0000000 0.0000000
v -0.0549999 0.2620080 0.1046760
vn 0.0000000 0.0000000 0.0000000
v -0.0552940 0.2624750 0.1043500
vn 0.0000000 0.0000000 0.0000000
v -0.0549999 0.2616230 0.1042940
vn 0.0000000 0.0000000 0.0000000
v -0.0549999 0.2611400 0.1041440
vn 0.0000000 0.0000000 0.0000000
v -0.0730330 0.2559400 0.0809950
vn 0.0000000 0.0000000 0.0000000
v -0.0465880 0.2623220 0.1130000
vn 0.0000000 0.0000000 0.0000000
v -0.0456390 0.2625540 0.1132890
vn 0.0000000 0.0000000 0.0000000
v -0.0458680 0.2620320 0.1130000
vn 0.0000000 0.0000000 0.0000000
v -0.0475330 0.2624400 0.1130000
vn 0.0000000 0.0000000 0.0000000
v -0.0727430 0.2534350 0.0809719
vn 0.0000000 0.0000000 0.0000000
v -0.0681630 0.2534330 0.0986840
vn 0.0000000 0.0000000 0.0000000
v -0.0730330 0.2541400 0.0809950
vn 0.0000000 0.0000000 0.0000000
v -0.0727430 0.2534350 0.0809719
vn 0.0000000 0.0000000 0.0000000
v -0.0730330 0.2541400 0.0809950
vn 0.0000000 0.0000000 0.0000000
v -0.0550110 0.2635660 0.1131930
vn 0.0000000 0.0000000 0.0000000
v -0.0555500 0.2634280 0.1121470
vn 0.0000000 0.0000000 0.0000000
v -0.0551550 0.2631890 0.1122020
vn 0.0000000 0.0000000 0.0000000
v -0.0555500 0.2634280 0.1121470
vn 0.0000000 0.0000000 0.0000000
v -0.0550110 0.2635660 0.1131930
vn 0.0000000 0.0000000 0.0000000
v -0.0555500 0.2634280 0.1121470
vn 0.0000000 0.0000000 0.0000000
v -0.0541519 0.2634460 0.1135360
vn 0.0000000 0.0000000 0.0000000
v -0.0541519 0.2634460 0.1135360
vn 0.0000000 0.0000000 0.0000000
v -0.0549999 0.2627620 0.1123000
vn 0.0000000 0.0000000 0.0000000
v -0.0541519 0.2634460 0.1135360
vn 0.0000000 0.0000000 0.0000000
v -0.0727690 0.2559400 0.0802400
vn 0.0000000 0.0000000 0.0000000
v -0.0727690 0.2541400 0.0802400
vn 0.0000000 0.0000000 0.0000000
v -0.0730330 0.2541400 0.0809950
vn 0.0000000 0.0000000 0.0000000
v -0.0719300 0.2559400 0.0884450
vn 0.0000000 0.0000000 0.0000000
v -0.0730330 0.2559400 0.0809950
vn 0.0000000 0.0000000 0.0000000
v -0.0696890 0.2541400 0.0958310
vn 0.0000000 0.0000000 0.0000000
v -0.0687030 0.2559400 0.0982030
vn 0.0000000 0.0000000 0.0000000
v -0.0730330 0.2559400 0.0809950
vn 0.0000000 0.0000000 0.0000000
v -0.0696890 0.2541400 0.0958310
vn 0.0000000 0.0000000 0.0000000
v -0.0730330 0.2541400 0.0809950
vn 0.0000000 0.0000000 0.0000000
v -0.0576740 0.2534330 0.1136700
vn 0.0000000 0.0000000 0.0000000
v -0.0635530 0.2541400 0.1072100
vn 0.0000000 0.0000000 0.0000000
v -0.0600340 0.2559400 0.1116090
vn 0.0000000 0.0000000 0.0000000
v -0.0635530 0.2541400 0.1072100
vn 0.0000000 0.0000000 0.0000000
v -0.0549999 0.2478400 0.1046260
vn 0.0000000 0.0000000 0.0000000
v -0.0425889 0.2534330 0.1240250
vn 0.0000000 0.0000000 0.0000000
v -0.0524959 0.2541400 0.1185240
vn 0.0000000 0.0000000 0.0000000
v -0.0470500 0.2559400 0.1220910
vn 0.0000000 0.0000000 0.0000000
v -0.0524959 0.2541400 0.1185240
vn 0.0000000 0.0000000 0.0000000
v -0.0452230 0.2481400 0.1130000
vn 0.0000000 0.0000000 0.0000000
v -0.0248460 0.2535520 0.1285390
vn 0.0000000 0.0000000 0.0000000
v -0.0379250 0.2541400 0.1261620
vn 0.0000000 0.0000000 0.0000000
v -0.0379250 0.2541400 0.1261620
vn 0.0000000 0.0000000 0.0000000
v -0.0499999 0.5851400 -0.0125000
vn 0.0000000 0.0000000 0.0000000
v -0.0554410 0.5850990 -0.0125000
vn 0.0000000 0.0000000 0.0000000
v -0.0560000 0.5849770 -0.0125000
vn 0.0000000 0.0000000 0.0000000
v -0.0560000 0.5849770 -0.0125000
vn 0.0000000 0.0000000 0.0000000
v -0.0554410 0.5850990 -0.0125000
vn 0.0000000 0.0000000 0.0000000
v -0.0529010 0.5808100 -0.0125000
vn 0.0000000 0.0000000 0.0000000
v -0.0545810 0.5803380 -0.0125000
vn 0.0000000 0.0000000 0.0000000
v -0.0554240 0.5795510 -0.0125000
vn 0.0000000 0.0000000 0.0000000
v -0.0560000 0.5782930 -0.0125000
vn 0.0000000 0.0000000 0.0000000
v -0.0571570 0.5841160 -0.0122679
vn 0.0000000 0.0000000 0.0000000
v -0.0560000 0.5782930 -0.0125000
vn 0.0000000 0.0000000 0.0000000
v -0.0560000 0.5849770 -0.0125000
vn 0.0000000 0.0000000 0.0000000
v -0.0571570 0.5841160 -0.0122679
vn 0.0000000 0.0000000 0.0000000
v -0.0560000 0.5849770 -0.0125000
vn 0.0000000 0.0000000 0.0000000
v -0.0548699 0.5851400 -0.0125000
vn 0.0000000 0.0000000 0.0000000
v -0.0548699 0.5851400 -0.0125000
vn 0.0000000 0.0000000 0.0000000
v -0.0548699 0.5851400 -0.0125000
vn 0.0000000 0.0000000 0.0000000
v -0.0499999 0.5851400 -0.0125000
vn 0.0000000 0.0000000 0.0000000
v -0.0499999 0.5808100 -0.0125000
vn 0.0000000 0.0000000 0.0000000
v -0.0499999 0.5851400 -0.0125000
vn 0.0000000 0.0000000 0.0000000
v -0.0499999 0.5808100 -0.0125000
vn 0.0000000 0.0000000 0.0000000
v -0.0499999 0.5851400 -0.0125000
vn 0.0000000 0.0000000 0.0000000
v -0.0499999 0.5808100 -0.0125000
vn 0.0000000 0.0000000 0.0000000
v -0.0529010 0.5808100 -0.0125000
vn 0.0000000 0.0000000 0.0000000
v -0.0529010 0.5808100 -0.0125000
vn 0.0000000 0.0000000 0.0000000
v -0.0565020 0.5767040 -0.0124580
vn 0.0000000 0.0000000 0.0000000
v -0.0560000 0.5782930 -0.0125000
vn 0.0000000 0.0000000 0.0000000
v -0.0589999 0.5772690 -0.0065550
vn 0.0000000 0.0000000 0.0000000
v -0.0589999 0.5796500 -0.0095000
vn 0.0000000 0.0000000 0.0000000
v -0.0589999 0.5796500 0.0095000
vn 0.0000000 0.0000000 0.0000000
v -0.0589999 0.5796500 0.0095000
vn 0.0000000 0.0000000 0.0000000
v -0.0589999 0.5796500 -0.0095000
vn 0.0000000 0.0000000 0.0000000
v -0.0589999 0.5772690 0.0000000
vn 0.0000000 0.0000000 0.0000000
v -0.0589999 0.5772690 0.0065550
vn 0.0000000 0.0000000 0.0000000
v -0.0589999 0.5768980 0.0082610
vn 0.0000000 0.0000000 0.0000000
v -0.0589999 0.5762050 0.0095000
vn 0.0000000 0.0000000 0.0000000
v -0.0589260 0.5798620 0.0101629
vn 0.0000000 0.0000000 0.0000000
v -0.0589999 0.5762050 0.0095000
vn 0.0000000 0.0000000 0.0000000
v -0.0589999 0.5796500 0.0095000
vn 0.0000000 0.0000000 0.0000000
v -0.0589260 0.5798620 0.0101629
vn 0.0000000 0.0000000 0.0000000
v -0.0589999 0.5796500 0.0095000
vn 0.0000000 0.0000000 0.0000000
v -0.0589999 0.5770170 -0.0079560
vn 0.0000000 0.0000000 0.0000000
v -0.0589999 0.5762050 -0.0095000
vn 0.0000000 0.0000000 0.0000000
v -0.0587830 0.5754990 -0.0106200
vn 0.0000000 0.0000000 0.0000000
v -0.0589999 0.5796500 -0.0095000
vn 0.0000000 0.0000000 0.0000000
v -0.0589999 0.5762050 -0.0095000
vn 0.0000000 0.0000000 0.0000000
v -0.0589310 0.5798470 -0.0101390
vn 0.0000000 0.0000000 0.0000000
v -0.0589999 0.5796500 -0.0095000
vn 0.0000000 0.0000000 0.0000000
v -0.0589310 0.5798470 -0.0101390
vn 0.0000000 0.0000000 0.0000000
v -0.0589999 0.5762050 -0.0095000
vn 0.0000000 0.0000000 0.0000000
v -0.0589999 0.5772690 -0.0065550
vn 0.0000000 0.0000000 0.0000000
v -0.0589999 0.5772690 0.0000000
vn 0.0000000 0.0000000 0.0000000
v -0.0589999 0.5772690 0.0065550
vn 0.0000000 0.0000000 0.0000000
v -0.0589999 0.5772690 0.0065550
vn 0.0000000 0.0000000 0.0000000
v -0.0587250 0.5804330 0.0107550
vn 0.0000000 0.0000000 0.0000000
v -0.0584440 0.5753560 0.0112399
vn 0.0000000 0.0000000 0.0000000
v -0.0589999 0.5762050 0.0095000
vn 0.0000000 0.0000000 0.0000000
v -0.0499999 0.5808100 0.0125000
vn 0.0000000 0.0000000 0.0000000
v -0.0554410 0.5850990 0.0125000
vn 0.0000000 0.0000000 0.0000000
v -0.0548699 0.5851400 0.0125000
vn 0.0000000 0.0000000 0.0000000
v -0.0548699 0.5851400 0.0125000
vn 0.0000000 0.0000000 0.0000000
v -0.0554410 0.5850990 0.0125000
vn 0.0000000 0.0000000 0.0000000
v -0.0499999 0.5851400 0.0125000
vn 0.0000000 0.0000000 0.0000000
v -0.0499999 0.5851400 0.0125000
vn 0.0000000 0.0000000 0.0000000
v -0.0548699 0.5851400 0.0125000
vn 0.0000000 0.0000000 0.0000000
v -0.0560000 0.5849770 0.0125000
vn 0.0000000 0.0000000 0.0000000
v -0.0560000 0.5849770 0.0125000
vn 0.0000000 0.0000000 0.0000000
v -0.0551529 0.5798730 0.0125000
vn 0.0000000 0.0000000 0.0000000
v -0.0560000 0.5782950 0.0125000
vn 0.0000000 0.0000000 0.0000000
v -0.0565380 0.5766380 0.0124510
vn 0.0000000 0.0000000 0.0000000
v -0.0560000 0.5849770 0.0125000
vn 0.0000000 0.0000000 0.0000000
v -0.0560000 0.5782950 0.0125000
vn 0.0000000 0.0000000 0.0000000
v -0.0541910 0.5805450 0.0125000
vn 0.0000000 0.0000000 0.0000000
v -0.0529010 0.5808100 0.0125000
vn 0.0000000 0.0000000 0.0000000
v -0.0571220 0.5841560 0.0122819
vn 0.0000000 0.0000000 0.0000000
v -0.0560000 0.5849770 0.0125000
vn 0.0000000 0.0000000 0.0000000
v -0.0571220 0.5841560 0.0122819
vn 0.0000000 0.0000000 0.0000000
v -0.0529010 0.5808100 0.0125000
vn 0.0000000 0.0000000 0.0000000
v -0.0499999 0.5808100 0.0125000
vn 0.0000000 0.0000000 0.0000000
v -0.0492850 0.5851400 0.0128010
vn 0.0000000 0.0000000 0.0000000
v -0.0499999 0.5808100 0.0125000
vn 0.0000000 0.0000000 0.0000000
v -0.0499999 0.5851400 0.0125000
vn 0.0000000 0.0000000 0.0000000
v -0.0496460 0.5854940 0.0126340
vn 0.0000000 0.0000000 0.0000000
v -0.0499999 0.5851400 0.0125000
vn 0.0000000 0.0000000 0.0000000
v -0.0499999 0.5858540 0.0128000
vn 0.0000000 0.0000000 0.0000000
v -0.0492850 0.5851400 0.0128010
vn 0.0000000 0.0000000 0.0000000
v -0.0587090 0.5804780 -0.0107880
vn 0.0000000 0.0000000 0.0000000
v -0.0587090 0.5804780 -0.0107880
vn 0.0000000 0.0000000 0.0000000
v -0.0583219 0.5753520 -0.0114000
vn 0.0000000 0.0000000 0.0000000
v -0.0583450 0.5815070 -0.0113710
vn 0.0000000 0.0000000 0.0000000
v -0.0583450 0.5815070 -0.0113710
vn 0.0000000 0.0000000 0.0000000
v -0.0578570 0.5828700 -0.0118559
vn 0.0000000 0.0000000 0.0000000
v -0.0578570 0.5828700 -0.0118559
vn 0.0000000 0.0000000 0.0000000
v -0.0571949 0.5758330 -0.0122520
vn 0.0000000 0.0000000 0.0000000
v -0.0578570 0.5828700 -0.0118559
vn 0.0000000 0.0000000 0.0000000
v -0.0587770 0.5833310 -0.0118059
vn 0.0000000 0.0000000 0.0000000
v -0.0369260 0.2559400 0.1264860
vn 0.0000000 0.0000000 0.0000000
v -0.0248570 0.2541400 0.1287300
vn 0.0000000 0.0000000 0.0000000
v -0.0573299 0.5757290 0.0121890
vn 0.0000000 0.0000000 0.0000000
v -0.0578570 0.5828700 0.0118559
vn 0.0000000 0.0000000 0.0000000
v -0.0587770 0.5833310 0.0118059
vn 0.0000000 0.0000000 0.0000000
v -0.0578570 0.5828700 0.0118559
vn 0.0000000 0.0000000 0.0000000
v -0.0583740 0.5814260 0.0113340
vn 0.0000000 0.0000000 0.0000000
v -0.0587770 0.5833310 0.0118059
vn 0.0000000 0.0000000 0.0000000
v -0.0578570 0.5828700 0.0118559
vn 0.0000000 0.0000000 0.0000000
v -0.0583740 0.5814260 0.0113340
vn 0.0000000 0.0000000 0.0000000
v -0.0587250 0.5804330 0.0107550
vn 0.0000000 0.0000000 0.0000000
v -0.0699800 0.2531400 0.0898650
vn 0.0000000 0.0000000 0.0000000
v -0.0687630 0.2531400 0.0954710
vn 0.0000000 0.0000000 0.0000000
v -0.0720360 0.2531400 0.0809210
vn 0.0000000 0.0000000 0.0000000
v -0.0720360 0.2531400 0.0809210
vn 0.0000000 0.0000000 0.0000000
v -0.0687630 0.2531400 0.0954710
vn 0.0000000 0.0000000 0.0000000
v -0.0714810 0.2531400 0.0809210
vn 0.0000000 0.0000000 0.0000000
v -0.0720360 0.2535510 0.0801120
vn 0.0000000 0.0000000 0.0000000
v -0.0714810 0.2531400 0.0809210
vn 0.0000000 0.0000000 0.0000000
v -0.0720360 0.2531400 0.0809210
vn 0.0000000 0.0000000 0.0000000
v -0.0720360 0.2531400 0.0809210
vn 0.0000000 0.0000000 0.0000000
v -0.0714810 0.2537660 0.0799930
vn 0.0000000 0.0000000 0.0000000
v -0.0714810 0.2534400 0.0802070
vn 0.0000000 0.0000000 0.0000000
v -0.0626750 0.2531400 0.1057260
vn 0.0000000 0.0000000 0.0000000
v -0.0627400 0.2531400 0.1066300
vn 0.0000000 0.0000000 0.0000000
v -0.0627400 0.2531400 0.1066300
vn 0.0000000 0.0000000 0.0000000
v -0.0669449 0.2531400 0.0982830
vn 0.0000000 0.0000000 0.0000000
v -0.0573310 0.2531400 0.1121960
vn 0.0000000 0.0000000 0.0000000
v -0.0580800 0.2531400 0.1122450
vn 0.0000000 0.0000000 0.0000000
v -0.0580800 0.2531400 0.1122450
vn 0.0000000 0.0000000 0.0000000
v -0.0508520 0.2531400 0.1177800
vn 0.0000000 0.0000000 0.0000000
v -0.0518890 0.2531400 0.1177170
vn 0.0000000 0.0000000 0.0000000
v -0.0518890 0.2531400 0.1177170
vn 0.0000000 0.0000000 0.0000000
v -0.0447360 0.2531400 0.1221970
vn 0.0000000 0.0000000 0.0000000
v -0.0447360 0.2531400 0.1221970
vn 0.0000000 0.0000000 0.0000000
v -0.0432320 0.2531400 0.1223220
vn 0.0000000 0.0000000 0.0000000
v -0.0376050 0.2531400 0.1252100
vn 0.0000000 0.0000000 0.0000000
v -0.0376050 0.2531400 0.1252100
vn 0.0000000 0.0000000 0.0000000
v -0.0247920 0.2531400 0.1272010
vn 0.0000000 0.0000000 0.0000000
v -0.0247920 0.2531400 0.1277320
vn 0.0000000 0.0000000 0.0000000
v -0.0247920 0.2531400 0.1277320
vn 0.0000000 0.0000000 0.0000000
v -0.0342420 0.2531400 0.1256420
vn 0.0000000 0.0000000 0.0000000
v -0.0247920 0.2531400 0.1272010
vn 0.0000000 0.0000000 0.0000000
v -0.0342420 0.2531400 0.1256420
vn 0.0000000 0.0000000 0.0000000
v -0.0432320 0.2531400 0.1223220
vn 0.0000000 0.0000000 0.0000000
v -0.0508520 0.2531400 0.1177800
vn 0.0000000 0.0000000 0.0000000
v -0.0562700 0.2534330 0.1122600
vn 0.0000000 0.0000000 0.0000000
v -0.0573310 0.2531400 0.1121960
vn 0.0000000 0.0000000 0.0000000
v -0.0626750 0.2531400 0.1057260
vn 0.0000000 0.0000000 0.0000000
v -0.0669449 0.2531400 0.0982830
vn 0.0000000 0.0000000 0.0000000
v -0.0663550 0.2534330 0.0978740
vn 0.0000000 0.0000000 0.0000000
v -0.0699800 0.2531400 0.0898650
vn 0.0000000 0.0000000 0.0000000
v -0.0714810 0.2531400 0.0809210
vn 0.0000000 0.0000000 0.0000000
v -0.0707670 0.2534420 0.0808650
vn 0.0000000 0.0000000 0.0000000
v -0.0714810 0.2531400 0.0809210
vn 0.0000000 0.0000000 0.0000000
v -0.0716260 0.2535410 0.0498000
vn 0.0000000 0.0000000 0.0000000
v -0.0721760 0.2531400 0.0490000
vn 0.0000000 0.0000000 0.0000000
v -0.0716260 0.2531400 0.0490000
vn 0.0000000 0.0000000 0.0000000
v -0.0721760 0.2531400 0.0490000
vn 0.0000000 0.0000000 0.0000000
v -0.0716260 0.2531400 0.0490000
vn 0.0000000 0.0000000 0.0000000
v -0.0714810 0.2541400 0.0799210
vn 0.0000000 0.0000000 0.0000000
v -0.0720360 0.2541400 0.0799210
vn 0.0000000 0.0000000 0.0000000
v -0.0720360 0.2559400 0.0799210
vn 0.0000000 0.0000000 0.0000000
v -0.0720360 0.2559400 0.0799210
vn 0.0000000 0.0000000 0.0000000
v -0.0720360 0.2541400 0.0799210
vn 0.0000000 0.0000000 0.0000000
v -0.0714810 0.2559400 0.0799210
vn 0.0000000 0.0000000 0.0000000
v -0.0720360 0.2561400 0.0797210
vn 0.0000000 0.0000000 0.0000000
v -0.0714810 0.2559400 0.0799210
vn 0.0000000 0.0000000 0.0000000
v -0.0720360 0.2559400 0.0799210
vn 0.0000000 0.0000000 0.0000000
v -0.0720360 0.2559400 0.0799210
vn 0.0000000 0.0000000 0.0000000
v -0.0720360 0.2541400 0.0799210
vn 0.0000000 0.0000000 0.0000000
v -0.0714810 0.2541400 0.0799210
vn 0.0000000 0.0000000 0.0000000
v -0.0720360 0.2541400 0.0799210
vn 0.0000000 0.0000000 0.0000000
v -0.0708010 0.2559400 0.0801870
vn 0.0000000 0.0000000 0.0000000
v -0.0714810 0.2541400 0.0799210
vn 0.0000000 0.0000000 0.0000000
v -0.0714810 0.2559400 0.0799210
vn 0.0000000 0.0000000 0.0000000
v -0.0708010 0.2541400 0.0801870
vn 0.0000000 0.0000000 0.0000000
v -0.0714810 0.2541400 0.0799210
vn 0.0000000 0.0000000 0.0000000
v -0.0714810 0.2561400 0.0797210
vn 0.0000000 0.0000000 0.0000000
v -0.0686790 0.2559400 0.0908180
vn 0.0000000 0.0000000 0.0000000
v -0.0704840 0.2541400 0.0808450
vn 0.0000000 0.0000000 0.0000000
v -0.0704840 0.2559400 0.0808450
vn 0.0000000 0.0000000 0.0000000
v -0.0704840 0.2559400 0.0808450
vn 0.0000000 0.0000000 0.0000000
v -0.0704840 0.2541400 0.0808450
vn 0.0000000 0.0000000 0.0000000
v -0.0704840 0.2559400 0.0808450
vn 0.0000000 0.0000000 0.0000000
v -0.0690130 0.2541400 0.0896110
vn 0.0000000 0.0000000 0.0000000
v -0.0705570 0.2537640 0.0808470
vn 0.0000000 0.0000000 0.0000000
v -0.0704840 0.2541400 0.0808450
vn 0.0000000 0.0000000 0.0000000
v -0.0690130 0.2541400 0.0896110
vn 0.0000000 0.0000000 0.0000000
v -0.0704840 0.2541400 0.0808450
vn 0.0000000 0.0000000 0.0000000
v -0.0660390 0.2541400 0.0978610
vn 0.0000000 0.0000000 0.0000000
v -0.0660390 0.2541400 0.0978610
vn 0.0000000 0.0000000 0.0000000
v -0.0620670 0.2559400 0.1048450
vn 0.0000000 0.0000000 0.0000000
v -0.0566159 0.2541400 0.1114970
vn 0.0000000 0.0000000 0.0000000
v -0.0566159 0.2541400 0.1114970
vn 0.0000000 0.0000000 0.0000000
v -0.0514629 0.2559400 0.1160760
vn 0.0000000 0.0000000 0.0000000
v -0.0427980 0.2541400 0.1214210
vn 0.0000000 0.0000000 0.0000000
v -0.0427980 0.2541400 0.1214210
vn 0.0000000 0.0000000 0.0000000
v -0.0348900 0.2559400 0.1244270
vn 0.0000000 0.0000000 0.0000000
v -0.0339860 0.2541400 0.1246750
vn 0.0000000 0.0000000 0.0000000
v -0.0339860 0.2541400 0.1246750
vn 0.0000000 0.0000000 0.0000000
v -0.0422390 0.2559400 0.1216860
vn 0.0000000 0.0000000 0.0000000
v -0.0247230 0.2559400 0.1262030
vn 0.0000000 0.0000000 0.0000000
v -0.0247230 0.2541400 0.1262030
vn 0.0000000 0.0000000 0.0000000
v -0.0247230 0.2541400 0.1262030
vn 0.0000000 0.0000000 0.0000000
v -0.0292840 0.2559400 0.1256770
vn 0.0000000 0.0000000 0.0000000
v -0.0547080 0.2561040 0.1132300
vn 0.0000000 0.0000000 0.0000000
v -0.0551230 0.2561000 0.1128500
vn 0.0000000 0.0000000 0.0000000
v -0.0303110 0.0159000 0.1211000
vn 0.0000000 0.0000000 0.0000000
v -0.0319109 0.0175000 0.1211000
vn 0.0000000 0.0000000 0.0000000
v -0.0303110 0.0191000 0.1211000
vn 0.0000000 0.0000000 0.0000000
v -0.0303110 0.0195000 0.1215000
vn 0.0000000 0.0000000 0.0000000
v -0.0303110 0.0191000 0.1211000
vn 0.0000000 0.0000000 0.0000000
v -0.0319109 0.0175000 0.1211000
vn 0.0000000 0.0000000 0.0000000
v -0.0287110 0.0175000 0.1211000
vn 0.0000000 0.0000000 0.0000000
v -0.0283110 0.0175000 0.1215000
vn 0.0000000 0.0000000 0.0000000
v -0.0287110 0.0175000 0.1211000
vn 0.0000000 0.0000000 0.0000000
v -0.0303110 0.0191000 0.1211000
vn 0.0000000 0.0000000 0.0000000
v -0.0303110 0.0195000 0.1215000
vn 0.0000000 0.0000000 0.0000000
v -0.0323110 0.0175000 0.1215000
vn 0.0000000 0.0000000 0.0000000
v -0.0303110 0.0159000 0.1211000
vn 0.0000000 0.0000000 0.0000000
v -0.0303110 0.0154999 0.1215000
vn 0.0000000 0.0000000 0.0000000
v -0.0303110 0.0159000 0.1211000
vn 0.0000000 0.0000000 0.0000000
v -0.0303110 0.0154999 0.1215000
vn 0.0000000 0.0000000 0.0000000
v -0.0283130 0.0175000 0.1371000
vn 0.0000000 0.0000000 0.0000000
v -0.0283110 0.0175000 0.1215000
vn 0.0000000 0.0000000 0.0000000
v -0.0303110 0.0195000 0.1215000
vn 0.0000000 0.0000000 0.0000000
v -0.0303110 0.0195000 0.1371000
vn 0.0000000 0.0000000 0.0000000
v -0.0323110 0.0175000 0.1215000
vn 0.0000000 0.0000000 0.0000000
v -0.0303110 0.0195000 0.1371000
vn 0.0000000 0.0000000 0.0000000
v -0.0303110 0.0195000 0.1215000
vn 0.0000000 0.0000000 0.0000000
v -0.0303110 0.0154999 0.1371000
vn 0.0000000 0.0000000 0.0000000
v -0.0303110 0.0154999 0.1215000
vn 0.0000000 0.0000000 0.0000000
v -0.0323090 0.0175000 0.1371000
vn 0.0000000 0.0000000 0.0000000
v -0.0303110 0.0154999 0.1215000
vn 0.0000000 0.0000000 0.0000000
v -0.0303110 0.0154999 0.1371000
vn 0.0000000 0.0000000 0.0000000
v -0.0303110 0.0140000 0.1371000
vn 0.0000000 0.0000000 0.0000000
v -0.0303110 0.0154999 0.1371000
vn 0.0000000 0.0000000 0.0000000
v -0.0283130 0.0175000 0.1371000
vn 0.0000000 0.0000000 0.0000000
v -0.0327859 0.0150250 0.1371000
vn 0.0000000 0.0000000 0.0000000
v -0.0323090 0.0175000 0.1371000
vn 0.0000000 0.0000000 0.0000000
v -0.0278360 0.0199749 0.1371000
vn 0.0000000 0.0000000 0.0000000
v -0.0303110 0.0195000 0.1371000
vn 0.0000000 0.0000000 0.0000000
v -0.0278360 0.0150250 0.1371000
vn 0.0000000 0.0000000 0.0000000
v -0.0303110 0.0210000 0.1371000
vn 0.0000000 0.0000000 0.0000000
v -0.0327859 0.0199749 0.1371000
vn 0.0000000 0.0000000 0.0000000
v -0.0303110 0.0210000 0.1395000
vn 0.0000000 0.0000000 0.0000000
v -0.0303110 0.0210000 0.1371000
vn 0.0000000 0.0000000 0.0000000
v -0.0327859 0.0199749 0.1371000
vn 0.0000000 0.0000000 0.0000000
v -0.0278360 0.0199749 0.1395000
vn 0.0000000 0.0000000 0.0000000
v -0.0278360 0.0199749 0.1371000
vn 0.0000000 0.0000000 0.0000000
v -0.0303110 0.0210000 0.1371000
vn 0.0000000 0.0000000 0.0000000
v -0.0303110 0.0210000 0.1395000
vn 0.0000000 0.0000000 0.0000000
v -0.0338110 0.0175000 0.1371000
vn 0.0000000 0.0000000 0.0000000
v -0.0327859 0.0199749 0.1395000
vn 0.0000000 0.0000000 0.0000000
v -0.0338110 0.0175000 0.1371000
vn 0.0000000 0.0000000 0.0000000
v -0.0338110 0.0175000 0.1395000
vn 0.0000000 0.0000000 0.0000000
v -0.0327859 0.0150250 0.1371000
vn 0.0000000 0.0000000 0.0000000
v -0.0327859 0.0150250 0.1395000
vn 0.0000000 0.0000000 0.0000000
v -0.0303110 0.0140000 0.1371000
vn 0.0000000 0.0000000 0.0000000
v -0.0303110 0.0140000 0.1395000
vn 0.0000000 0.0000000 0.0000000
v -0.0303110 0.0140000 0.1371000
vn 0.0000000 0.0000000 0.0000000
v -0.0278360 0.0150250 0.1371000
vn 0.0000000 0.0000000 0.0000000
v -0.0303110 0.0140000 0.1395000
vn 0.0000000 0.0000000 0.0000000
v -0.0268110 0.0175000 0.1371000
vn 0.0000000 0.0000000 0.0000000
v -0.0278360 0.0150250 0.1395000
vn 0.0000000 0.0000000 0.0000000
v -0.0268110 0.0175000 0.1371000
vn 0.0000000 0.0000000 0.0000000
v -0.0268110 0.0175000 0.1395000
vn 0.0000000 0.0000000 0.0000000
v -0.0303110 0.0141170 0.1397830
vn 0.0000000 0.0000000 0.0000000
v -0.0303110 0.0140000 0.1395000
vn 0.0000000 0.0000000 0.0000000
v -0.0278360 0.0150250 0.1395000
vn 0.0000000 0.0000000 0.0000000
v -0.0327859 0.0150250 0.1395000
vn 0.0000000 0.0000000 0.0000000
v -0.0303110 0.0140000 0.1395000
vn 0.0000000 0.0000000 0.0000000
v -0.0325029 0.0153080 0.1399000
vn 0.0000000 0.0000000 0.0000000
v -0.0303110 0.0141170 0.1397830
vn 0.0000000 0.0000000 0.0000000
v -0.0281190 0.0153080 0.1399000
vn 0.0000000 0.0000000 0.0000000
v -0.0268110 0.0175000 0.1395000
vn 0.0000000 0.0000000 0.0000000
v -0.0303110 0.0143999 0.1399000
vn 0.0000000 0.0000000 0.0000000
v -0.0272110 0.0175000 0.1399000
vn 0.0000000 0.0000000 0.0000000
v -0.0278360 0.0199749 0.1395000
vn 0.0000000 0.0000000 0.0000000
v -0.0281190 0.0196920 0.1399000
vn 0.0000000 0.0000000 0.0000000
v -0.0303110 0.0210000 0.1395000
vn 0.0000000 0.0000000 0.0000000
v -0.0303110 0.0208830 0.1397830
vn 0.0000000 0.0000000 0.0000000
v -0.0303110 0.0208830 0.1397830
vn 0.0000000 0.0000000 0.0000000
v -0.0303110 0.0210000 0.1395000
vn 0.0000000 0.0000000 0.0000000
v -0.0327859 0.0199749 0.1395000
vn 0.0000000 0.0000000 0.0000000
v -0.0290610 0.0182220 0.1399000
vn 0.0000000 0.0000000 0.0000000
v -0.0281190 0.0196920 0.1399000
vn 0.0000000 0.0000000 0.0000000
v -0.0303110 0.0206000 0.1399000
vn 0.0000000 0.0000000 0.0000000
v -0.0303110 0.0206000 0.1399000
vn 0.0000000 0.0000000 0.0000000
v -0.0303110 0.0189430 0.1399000
vn 0.0000000 0.0000000 0.0000000
v -0.0325029 0.0196920 0.1399000
vn 0.0000000 0.0000000 0.0000000
v -0.0325029 0.0196920 0.1399000
vn 0.0000000 0.0000000 0.0000000
v -0.0303110 0.0206000 0.1399000
vn 0.0000000 0.0000000 0.0000000
v -0.0281190 0.0153080 0.1399000
vn 0.0000000 0.0000000 0.0000000
v -0.0272110 0.0175000 0.1399000
vn 0.0000000 0.0000000 0.0000000
v -0.0303110 0.0160569 0.1399000
vn 0.0000000 0.0000000 0.0000000
v -0.0303110 0.0143999 0.1399000
vn 0.0000000 0.0000000 0.0000000
v -0.0290610 0.0167780 0.1399000
vn 0.0000000 0.0000000 0.0000000
v -0.0315609 0.0167780 0.1399000
vn 0.0000000 0.0000000 0.0000000
v -0.0325029 0.0153080 0.1399000
vn 0.0000000 0.0000000 0.0000000
v -0.0303110 0.0143999 0.1399000
vn 0.0000000 0.0000000 0.0000000
v -0.0334110 0.0175000 0.1399000
vn 0.0000000 0.0000000 0.0000000
v -0.0334110 0.0175000 0.1399000
vn 0.0000000 0.0000000 0.0000000
v -0.0338110 0.0175000 0.1395000
vn 0.0000000 0.0000000 0.0000000
v -0.0315609 0.0182220 0.1399000
vn 0.0000000 0.0000000 0.0000000
v -0.0303110 0.0189430 0.1376000
vn 0.0000000 0.0000000 0.0000000
v -0.0290610 0.0182220 0.1399000
vn 0.0000000 0.0000000 0.0000000
v -0.0303110 0.0189430 0.1399000
vn 0.0000000 0.0000000 0.0000000
v -0.0290610 0.0182220 0.1376000
vn 0.0000000 0.0000000 0.0000000
v -0.0290610 0.0167780 0.1399000
vn 0.0000000 0.0000000 0.0000000
v -0.0290610 0.0182220 0.1399000
vn 0.0000000 0.0000000 0.0000000
v -0.0290610 0.0182220 0.1376000
vn 0.0000000 0.0000000 0.0000000
v -0.0315609 0.0182220 0.1376000
vn 0.0000000 0.0000000 0.0000000
v -0.0303110 0.0189430 0.1399000
vn 0.0000000 0.0000000 0.0000000
v -0.0315609 0.0182220 0.1399000
vn 0.0000000 0.0000000 0.0000000
v -0.0303110 0.0189430 0.1376000
vn 0.0000000 0.0000000 0.0000000
v -0.0315609 0.0167780 0.1376000
vn 0.0000000 0.0000000 0.0000000
v -0.0315609 0.0182220 0.1399000
vn 0.0000000 0.0000000 0.0000000
v -0.0315609 0.0167780 0.1399000
vn 0.0000000 0.0000000 0.0000000
v -0.0315609 0.0182220 0.1376000
vn 0.0000000 0.0000000 0.0000000
v -0.0303110 0.0160569 0.1376000
vn 0.0000000 0.0000000 0.0000000
v -0.0315609 0.0167780 0.1399000
vn 0.0000000 0.0000000 0.0000000
v -0.0303110 0.0160569 0.1399000
vn 0.0000000 0.0000000 0.0000000
v -0.0315609 0.0167780 0.1376000
vn 0.0000000 0.0000000 0.0000000
v -0.0290610 0.0167780 0.1376000
vn 0.0000000 0.0000000 0.0000000
v -0.0303110 0.0160569 0.1399000
vn 0.0000000 0.0000000 0.0000000
v -0.0290610 0.0167780 0.1399000
vn 0.0000000 0.0000000 0.0000000
v -0.0303110 0.0160569 0.1376000
vn 0.0000000 0.0000000 0.0000000
v -0.0290610 0.0167780 0.1376000
vn 0.0000000 0.0000000 0.0000000
v -0.0315609 0.0167780 0.1376000
vn 0.0000000 0.0000000 0.0000000
v -0.0290610 0.0167780 0.1376000
vn 0.0000000 0.0000000 0.0000000
v -0.0290610 0.0182220 0.1376000
vn 0.0000000 0.0000000 0.0000000
v -0.0315609 0.0182220 0.1376000
vn 0.0000000 0.0000000 0.0000000
v -0.0303110 0.0189430 0.1376000
vn 0.0000000 0.0000000 0.0000000
v -0.0303110 0.0160569 0.1376000
vn 0.0000000 0.0000000 0.0000000
v -0.0289250 -0.0183000 0.1211000
vn 0.0000000 0.0000000 0.0000000
v -0.0311110 -0.0188860 0.1211000
vn 0.0000000 0.0000000 0.0000000
v -0.0316970 -0.0167000 0.1211000
vn 0.0000000 0.0000000 0.0000000
v -0.0320430 -0.0165000 0.1215000
vn 0.0000000 0.0000000 0.0000000
v -0.0316970 -0.0167000 0.1211000
vn 0.0000000 0.0000000 0.0000000
v -0.0311110 -0.0188860 0.1211000
vn 0.0000000 0.0000000 0.0000000
v -0.0295110 -0.0161140 0.1211000
vn 0.0000000 0.0000000 0.0000000
v -0.0293110 -0.0157680 0.1215000
vn 0.0000000 0.0000000 0.0000000
v -0.0295110 -0.0161140 0.1211000
vn 0.0000000 0.0000000 0.0000000
v -0.0316970 -0.0167000 0.1211000
vn 0.0000000 0.0000000 0.0000000
v -0.0320430 -0.0165000 0.1215000
vn 0.0000000 0.0000000 0.0000000
v -0.0313110 -0.0192320 0.1215000
vn 0.0000000 0.0000000 0.0000000
v -0.0289250 -0.0183000 0.1211000
vn 0.0000000 0.0000000 0.0000000
v -0.0285790 -0.0185000 0.1215000
vn 0.0000000 0.0000000 0.0000000
v -0.0289250 -0.0183000 0.1211000
vn 0.0000000 0.0000000 0.0000000
v -0.0285790 -0.0185000 0.1215000
vn 0.0000000 0.0000000 0.0000000
v -0.0293119 -0.0157699 0.1371000
vn 0.0000000 0.0000000 0.0000000
v -0.0293110 -0.0157680 0.1215000
vn 0.0000000 0.0000000 0.0000000
v -0.0320430 -0.0165000 0.1215000
vn 0.0000000 0.0000000 0.0000000
v -0.0320430 -0.0165000 0.1371000
vn 0.0000000 0.0000000 0.0000000
v -0.0313110 -0.0192320 0.1215000
vn 0.0000000 0.0000000 0.0000000
v -0.0320430 -0.0165000 0.1371000
vn 0.0000000 0.0000000 0.0000000
v -0.0320430 -0.0165000 0.1215000
vn 0.0000000 0.0000000 0.0000000
v -0.0285790 -0.0185000 0.1371000
vn 0.0000000 0.0000000 0.0000000
v -0.0285790 -0.0185000 0.1215000
vn 0.0000000 0.0000000 0.0000000
v -0.0313100 -0.0192299 0.1371000
vn 0.0000000 0.0000000 0.0000000
v -0.0285790 -0.0185000 0.1215000
vn 0.0000000 0.0000000 0.0000000
v -0.0285790 -0.0185000 0.1371000
vn 0.0000000 0.0000000 0.0000000
v -0.0272800 -0.0192500 0.1371000
vn 0.0000000 0.0000000 0.0000000
v -0.0285790 -0.0185000 0.1371000
vn 0.0000000 0.0000000 0.0000000
v -0.0293119 -0.0157699 0.1371000
vn 0.0000000 0.0000000 0.0000000
v -0.0294050 -0.0208810 0.1371000
vn 0.0000000 0.0000000 0.0000000
v -0.0313100 -0.0192299 0.1371000
vn 0.0000000 0.0000000 0.0000000
v -0.0312170 -0.0141190 0.1371000
vn 0.0000000 0.0000000 0.0000000
v -0.0320430 -0.0165000 0.1371000
vn 0.0000000 0.0000000 0.0000000
v -0.0269300 -0.0165940 0.1371000
vn 0.0000000 0.0000000 0.0000000
v -0.0333420 -0.0157500 0.1371000
vn 0.0000000 0.0000000 0.0000000
v -0.0336920 -0.0184060 0.1371000
vn 0.0000000 0.0000000 0.0000000
v -0.0333420 -0.0157500 0.1395000
vn 0.0000000 0.0000000 0.0000000
v -0.0333420 -0.0157500 0.1371000
vn 0.0000000 0.0000000 0.0000000
v -0.0336920 -0.0184060 0.1371000
vn 0.0000000 0.0000000 0.0000000
v -0.0312170 -0.0141190 0.1395000
vn 0.0000000 0.0000000 0.0000000
v -0.0312170 -0.0141190 0.1371000
vn 0.0000000 0.0000000 0.0000000
v -0.0333420 -0.0157500 0.1371000
vn 0.0000000 0.0000000 0.0000000
v -0.0333420 -0.0157500 0.1395000
vn 0.0000000 0.0000000 0.0000000
v -0.0320610 -0.0205310 0.1371000
vn 0.0000000 0.0000000 0.0000000
v -0.0336920 -0.0184060 0.1395000
vn 0.0000000 0.0000000 0.0000000
v -0.0320610 -0.0205310 0.1371000
vn 0.0000000 0.0000000 0.0000000
v -0.0320610 -0.0205310 0.1395000
vn 0.0000000 0.0000000 0.0000000
v -0.0294050 -0.0208810 0.1371000
vn 0.0000000 0.0000000 0.0000000
v -0.0294050 -0.0208810 0.1395000
vn 0.0000000 0.0000000 0.0000000
v -0.0272800 -0.0192500 0.1371000
vn 0.0000000 0.0000000 0.0000000
v -0.0272800 -0.0192500 0.1395000
vn 0.0000000 0.0000000 0.0000000
v -0.0272800 -0.0192500 0.1371000
vn 0.0000000 0.0000000 0.0000000
v -0.0269300 -0.0165940 0.1371000
vn 0.0000000 0.0000000 0.0000000
v -0.0272800 -0.0192500 0.1395000
vn 0.0000000 0.0000000 0.0000000
v -0.0285610 -0.0144690 0.1371000
vn 0.0000000 0.0000000 0.0000000
v -0.0269300 -0.0165940 0.1395000
vn 0.0000000 0.0000000 0.0000000
v -0.0285610 -0.0144690 0.1371000
vn 0.0000000 0.0000000 0.0000000
v -0.0285610 -0.0144690 0.1395000
vn 0.0000000 0.0000000 0.0000000
v -0.0273810 -0.0191910 0.1397830
vn 0.0000000 0.0000000 0.0000000
v -0.0272800 -0.0192500 0.1395000
vn 0.0000000 0.0000000 0.0000000
v -0.0269300 -0.0165940 0.1395000
vn 0.0000000 0.0000000 0.0000000
v -0.0294050 -0.0208810 0.1395000
vn 0.0000000 0.0000000 0.0000000
v -0.0272800 -0.0192500 0.1395000
vn 0.0000000 0.0000000 0.0000000
v -0.0295089 -0.0204940 0.1399000
vn 0.0000000 0.0000000 0.0000000
v -0.0273810 -0.0191910 0.1397830
vn 0.0000000 0.0000000 0.0000000
v -0.0273170 -0.0166980 0.1399000
vn 0.0000000 0.0000000 0.0000000
v -0.0285610 -0.0144690 0.1395000
vn 0.0000000 0.0000000 0.0000000
v -0.0276260 -0.0190500 0.1399000
vn 0.0000000 0.0000000 0.0000000
v -0.0287610 -0.0148150 0.1399000
vn 0.0000000 0.0000000 0.0000000
v -0.0312170 -0.0141190 0.1395000
vn 0.0000000 0.0000000 0.0000000
v -0.0311130 -0.0145060 0.1399000
vn 0.0000000 0.0000000 0.0000000
v -0.0333420 -0.0157500 0.1395000
vn 0.0000000 0.0000000 0.0000000
v -0.0332410 -0.0158090 0.1397830
vn 0.0000000 0.0000000 0.0000000
v -0.0332410 -0.0158090 0.1397830
vn 0.0000000 0.0000000 0.0000000
v -0.0333420 -0.0157500 0.1395000
vn 0.0000000 0.0000000 0.0000000
v -0.0336920 -0.0184060 0.1395000
vn 0.0000000 0.0000000 0.0000000
v -0.0303110 -0.0160569 0.1399000
vn 0.0000000 0.0000000 0.0000000
v -0.0311130 -0.0145060 0.1399000
vn 0.0000000 0.0000000 0.0000000
v -0.0329960 -0.0159500 0.1399000
vn 0.0000000 0.0000000 0.0000000
v -0.0329960 -0.0159500 0.1399000
vn 0.0000000 0.0000000 0.0000000
v -0.0315609 -0.0167780 0.1399000
vn 0.0000000 0.0000000 0.0000000
v -0.0333050 -0.0183020 0.1399000
vn 0.0000000 0.0000000 0.0000000
v -0.0333050 -0.0183020 0.1399000
vn 0.0000000 0.0000000 0.0000000
v -0.0329960 -0.0159500 0.1399000
vn 0.0000000 0.0000000 0.0000000
v -0.0273170 -0.0166980 0.1399000
vn 0.0000000 0.0000000 0.0000000
v -0.0287610 -0.0148150 0.1399000
vn 0.0000000 0.0000000 0.0000000
v -0.0290610 -0.0182220 0.1399000
vn 0.0000000 0.0000000 0.0000000
v -0.0276260 -0.0190500 0.1399000
vn 0.0000000 0.0000000 0.0000000
v -0.0290610 -0.0167780 0.1399000
vn 0.0000000 0.0000000 0.0000000
v -0.0303110 -0.0189430 0.1399000
vn 0.0000000 0.0000000 0.0000000
v -0.0295089 -0.0204940 0.1399000
vn 0.0000000 0.0000000 0.0000000
v -0.0276260 -0.0190500 0.1399000
vn 0.0000000 0.0000000 0.0000000
v -0.0318609 -0.0201850 0.1399000
vn 0.0000000 0.0000000 0.0000000
v -0.0318609 -0.0201850 0.1399000
vn 0.0000000 0.0000000 0.0000000
v -0.0320610 -0.0205310 0.1395000
vn 0.0000000 0.0000000 0.0000000
v -0.0315609 -0.0182220 0.1399000
vn 0.0000000 0.0000000 0.0000000
v -0.0315609 -0.0167780 0.1376000
vn 0.0000000 0.0000000 0.0000000
v -0.0303110 -0.0160569 0.1399000
vn 0.0000000 0.0000000 0.0000000
v -0.0315609 -0.0167780 0.1399000
vn 0.0000000 0.0000000 0.0000000
v -0.0303110 -0.0160569 0.1376000
vn 0.0000000 0.0000000 0.0000000
v -0.0290610 -0.0167780 0.1399000
vn 0.0000000 0.0000000 0.0000000
v -0.0303110 -0.0160569 0.1399000
vn 0.0000000 0.0000000 0.0000000
v -0.0303110 -0.0160569 0.1376000
vn 0.0000000 0.0000000 0.0000000
v -0.0315609 -0.0182220 0.1376000
vn 0.0000000 0.0000000 0.0000000
v -0.0315609 -0.0167780 0.1399000
vn 0.0000000 0.0000000 0.0000000
v -0.0315609 -0.0182220 0.1399000
vn 0.0000000 0.0000000 0.0000000
v -0.0315609 -0.0167780 0.1376000
vn 0.0000000 0.0000000 0.0000000
v -0.0303110 -0.0189430 0.1376000
vn 0.0000000 0.0000000 0.0000000
v -0.0315609 -0.0182220 0.1399000
vn 0.0000000 0.0000000 0.0000000
v -0.0303110 -0.0189430 0.1399000
vn 0.0000000 0.0000000 0.0000000
v -0.0315609 -0.0182220 0.1376000
vn 0.0000000 0.0000000 0.0000000
v -0.0290610 -0.0182220 0.1376000
vn 0.0000000 0.0000000 0.0000000
v -0.0303110 -0.0189430 0.1399000
vn 0.0000000 0.0000000 0.0000000
v -0.0290610 -0.0182220 0.1399000
vn 0.0000000 0.0000000 0.0000000
v -0.0303110 -0.0189430 0.1376000
vn 0.0000000 0.0000000 0.0000000
v -0.0290610 -0.0167780 0.1376000
vn 0.0000000 0.0000000 0.0000000
v -0.0290610 -0.0182220 0.1399000
vn 0.0000000 0.0000000 0.0000000
v -0.0290610 -0.0167780 0.1399000
vn 0.0000000 0.0000000 0.0000000
v -0.0290610 -0.0182220 0.1376000
vn 0.0000000 0.0000000 0.0000000
v -0.0290610 -0.0167780 0.1376000
vn 0.0000000 0.0000000 0.0000000
v -0.0303110 -0.0189430 0.1376000
vn 0.0000000 0.0000000 0.0000000
v -0.0290610 -0.0167780 0.1376000
vn 0.0000000 0.0000000 0.0000000
v -0.0303110 -0.0160569 0.1376000
vn 0.0000000 0.0000000 0.0000000
v -0.0315609 -0.0182220 0.1376000
vn 0.0000000 0.0000000 0.0000000
v -0.0315609 -0.0167780 0.1376000
vn 0.0000000 0.0000000 0.0000000
v -0.0290610 -0.0182220 0.1376000
vn 0.0000000 0.0000000 0.0000000
v 0.0292669 0.1334000 -0.1246000
vn 0.0000000 0.0000000 0.0000000
v 0.0308670 0.1350000 -0.1246000
vn 0.0000000 0.0000000 0.0000000
v 0.0292669 0.1366000 -0.1246000
vn 0.0000000 0.0000000 0.0000000
v 0.0292669 0.1370000 -0.1250000
vn 0.0000000 0.0000000 0.0000000
v 0.0292669 0.1366000 -0.1246000
vn 0.0000000 0.0000000 0.0000000
v 0.0308670 0.1350000 -0.1246000
vn 0.0000000 0.0000000 0.0000000
v 0.0276670 0.1350000 -0.1246000
vn 0.0000000 0.0000000 0.0000000
v 0.0272670 0.1350000 -0.1250000
vn 0.0000000 0.0000000 0.0000000
v 0.0276670 0.1350000 -0.1246000
vn 0.0000000 0.0000000 0.0000000
v 0.0292669 0.1366000 -0.1246000
vn 0.0000000 0.0000000 0.0000000
v 0.0292669 0.1370000 -0.1250000
vn 0.0000000 0.0000000 0.0000000
v 0.0312670 0.1350000 -0.1250000
vn 0.0000000 0.0000000 0.0000000
v 0.0292669 0.1334000 -0.1246000
vn 0.0000000 0.0000000 0.0000000
v 0.0292669 0.1330000 -0.1250000
vn 0.0000000 0.0000000 0.0000000
v 0.0292669 0.1334000 -0.1246000
vn 0.0000000 0.0000000 0.0000000
v 0.0292669 0.1330000 -0.1250000
vn 0.0000000 0.0000000 0.0000000
v 0.0312670 0.1350000 -0.1250000
vn 0.0000000 0.0000000 0.0000000
v 0.0312670 0.1350000 -0.1346000
vn 0.0000000 0.0000000 0.0000000
v 0.0292669 0.1330000 -0.1250000
vn 0.0000000 0.0000000 0.0000000
v 0.0317440 0.1325300 -0.1346000
vn 0.0000000 0.0000000 0.0000000
v 0.0312670 0.1350000 -0.1346000
vn 0.0000000 0.0000000 0.0000000
v 0.0317440 0.1374700 -0.1346000
vn 0.0000000 0.0000000 0.0000000
v 0.0327630 0.1350000 -0.1346000
vn 0.0000000 0.0000000 0.0000000
v 0.0327630 0.1350000 -0.1346000
vn 0.0000000 0.0000000 0.0000000
v 0.0327670 0.1350000 -0.1370000
vn 0.0000000 0.0000000 0.0000000
v 0.0317440 0.1325300 -0.1346000
vn 0.0000000 0.0000000 0.0000000
v 0.0195610 0.2400000 -0.1096000
vn 0.0000000 0.0000000 0.0000000
v 0.0195610 0.2400000 -0.1096000
vn 0.0000000 0.0000000 0.0000000
v 0.0211610 0.2380000 -0.1100000
vn 0.0000000 0.0000000 0.0000000
v 0.0211610 0.2384000 -0.1096000
vn 0.0000000 0.0000000 0.0000000
v -0.0465000 0.5734400 -0.0179999
vn 0.0000000 0.0000000 0.0000000
v -0.0465000 0.5746400 -0.0192000
vn 0.0000000 0.0000000 0.0000000
v -0.0465000 0.5758400 -0.0179999
vn 0.0000000 0.0000000 0.0000000
v -0.0468000 0.5761400 -0.0179999
vn 0.0000000 0.0000000 0.0000000
v -0.0465000 0.5758400 -0.0179999
vn 0.0000000 0.0000000 0.0000000
v -0.0465000 0.5746400 -0.0192000
vn 0.0000000 0.0000000 0.0000000
v -0.0465000 0.5746400 -0.0168000
vn 0.0000000 0.0000000 0.0000000
v -0.0468000 0.5746400 -0.0165000
vn 0.0000000 0.0000000 0.0000000
v -0.0465000 0.5746400 -0.0168000
vn 0.0000000 0.0000000 0.0000000
v -0.0465000 0.5758400 -0.0179999
vn 0.0000000 0.0000000 0.0000000
v -0.0468000 0.5761400 -0.0179999
vn 0.0000000 0.0000000 0.0000000
v -0.0468000 0.5746400 -0.0195000
vn 0.0000000 0.0000000 0.0000000
v -0.0465000 0.5734400 -0.0179999
vn 0.0000000 0.0000000 0.0000000
v -0.0468000 0.5731400 -0.0179999
vn 0.0000000 0.0000000 0.0000000
v -0.0465000 0.5734400 -0.0179999
vn 0.0000000 0.0000000 0.0000000
v -0.0468000 0.5731400 -0.0179999
vn 0.0000000 0.0000000 0.0000000
v -0.0585000 0.5746400 -0.0165000
vn 0.0000000 0.0000000 0.0000000
v -0.0468000 0.5746400 -0.0165000
vn 0.0000000 0.0000000 0.0000000
v -0.0468000 0.5761400 -0.0179999
vn 0.0000000 0.0000000 0.0000000
v -0.0585000 0.5761400 -0.0179999
vn 0.0000000 0.0000000 0.0000000
v -0.0468000 0.5746400 -0.0195000
vn 0.0000000 0.0000000 0.0000000
v -0.0585000 0.5761400 -0.0179999
vn 0.0000000 0.0000000 0.0000000
v -0.0468000 0.5761400 -0.0179999
vn 0.0000000 0.0000000 0.0000000
v -0.0585000 0.5731400 -0.0179999
vn 0.0000000 0.0000000 0.0000000
v -0.0468000 0.5731400 -0.0179999
vn 0.0000000 0.0000000 0.0000000
v -0.0585000 0.5746400 -0.0195000
vn 0.0000000 0.0000000 0.0000000
v -0.0468000 0.5731400 -0.0179999
vn 0.0000000 0.0000000 0.0000000
v -0.0585000 0.5731400 -0.0179999
vn 0.0000000 0.0000000 0.0000000
v -0.0585000 0.5718900 -0.0179999
vn 0.0000000 0.0000000 0.0000000
v -0.0585000 0.5731400 -0.0179999
vn 0.0000000 0.0000000 0.0000000
v -0.0585000 0.5746400 -0.0165000
vn 0.0000000 0.0000000 0.0000000
v -0.0585000 0.5746400 -0.0207470
vn 0.0000000 0.0000000 0.0000000
v -0.0585000 0.5746400 -0.0195000
vn 0.0000000 0.0000000 0.0000000
v -0.0585000 0.5746400 -0.0152529
vn 0.0000000 0.0000000 0.0000000
v -0.0585000 0.5761400 -0.0179999
vn 0.0000000 0.0000000 0.0000000
v -0.0585000 0.5773900 -0.0179999
vn 0.0000000 0.0000000 0.0000000
v -0.0602000 0.5773900 -0.0179999
vn 0.0000000 0.0000000 0.0000000
v -0.0585000 0.5773900 -0.0179999
vn 0.0000000 0.0000000 0.0000000
v -0.0585000 0.5746400 -0.0207470
vn 0.0000000 0.0000000 0.0000000
v -0.0602000 0.5746400 -0.0152500
vn 0.0000000 0.0000000 0.0000000
v -0.0585000 0.5746400 -0.0152529
vn 0.0000000 0.0000000 0.0000000
v -0.0585000 0.5773900 -0.0179999
vn 0.0000000 0.0000000 0.0000000
v -0.0602000 0.5773900 -0.0179999
vn 0.0000000 0.0000000 0.0000000
v -0.0602000 0.5746400 -0.0207500
vn 0.0000000 0.0000000 0.0000000
v -0.0585000 0.5718900 -0.0179999
vn 0.0000000 0.0000000 0.0000000
v -0.0602000 0.5718900 -0.0179999
vn 0.0000000 0.0000000 0.0000000
v -0.0585000 0.5718900 -0.0179999
vn 0.0000000 0.0000000 0.0000000
v -0.0602000 0.5718900 -0.0179999
vn 0.0000000 0.0000000 0.0000000
v -0.0604120 0.5719780 -0.0179999
vn 0.0000000 0.0000000 0.0000000
v -0.0602000 0.5718900 -0.0179999
vn 0.0000000 0.0000000 0.0000000
v -0.0602000 0.5746400 -0.0152500
vn 0.0000000 0.0000000 0.0000000
v -0.0602000 0.5746400 -0.0207500
vn 0.0000000 0.0000000 0.0000000
v -0.0602000 0.5718900 -0.0179999
vn 0.0000000 0.0000000 0.0000000
v -0.0605000 0.5746400 -0.0204500
vn 0.0000000 0.0000000 0.0000000
v -0.0604120 0.5719780 -0.0179999
vn 0.0000000 0.0000000 0.0000000
v -0.0605000 0.5746400 -0.0155500
vn 0.0000000 0.0000000 0.0000000
v -0.0602000 0.5773900 -0.0179999
vn 0.0000000 0.0000000 0.0000000
v -0.0605000 0.5721900 -0.0179999
vn 0.0000000 0.0000000 0.0000000
v -0.0604120 0.5773020 -0.0179999
vn 0.0000000 0.0000000 0.0000000
v -0.0604120 0.5773020 -0.0179999
vn 0.0000000 0.0000000 0.0000000
v -0.0602000 0.5773900 -0.0179999
vn 0.0000000 0.0000000 0.0000000
v -0.0605000 0.5752170 -0.0170000
vn 0.0000000 0.0000000 0.0000000
v -0.0605000 0.5746400 -0.0155500
vn 0.0000000 0.0000000 0.0000000
v -0.0605000 0.5770900 -0.0179999
vn 0.0000000 0.0000000 0.0000000
v -0.0605000 0.5770900 -0.0179999
vn 0.0000000 0.0000000 0.0000000
v -0.0605000 0.5757950 -0.0179999
vn 0.0000000 0.0000000 0.0000000
v -0.0605000 0.5746400 -0.0204500
vn 0.0000000 0.0000000 0.0000000
v -0.0605000 0.5770900 -0.0179999
vn 0.0000000 0.0000000 0.0000000
v -0.0605000 0.5734850 -0.0179999
vn 0.0000000 0.0000000 0.0000000
v -0.0605000 0.5721900 -0.0179999
vn 0.0000000 0.0000000 0.0000000
v -0.0605000 0.5740630 -0.0170000
vn 0.0000000 0.0000000 0.0000000
v -0.0605000 0.5740630 -0.0190000
vn 0.0000000 0.0000000 0.0000000
v -0.0605000 0.5721900 -0.0179999
vn 0.0000000 0.0000000 0.0000000
v -0.0605000 0.5752170 -0.0190000
vn 0.0000000 0.0000000 0.0000000
v -0.0589999 0.5757950 -0.0179999
vn 0.0000000 0.0000000 0.0000000
v -0.0605000 0.5752170 -0.0170000
vn 0.0000000 0.0000000 0.0000000
v -0.0605000 0.5757950 -0.0179999
vn 0.0000000 0.0000000 0.0000000
v -0.0589999 0.5752170 -0.0170000
vn 0.0000000 0.0000000 0.0000000
v -0.0605000 0.5740630 -0.0170000
vn 0.0000000 0.0000000 0.0000000
v -0.0605000 0.5752170 -0.0170000
vn 0.0000000 0.0000000 0.0000000
v -0.0589999 0.5752170 -0.0170000
vn 0.0000000 0.0000000 0.0000000
v -0.0589999 0.5752170 -0.0190000
vn 0.0000000 0.0000000 0.0000000
v -0.0605000 0.5757950 -0.0179999
vn 0.0000000 0.0000000 0.0000000
v -0.0605000 0.5752170 -0.0190000
vn 0.0000000 0.0000000 0.0000000
v -0.0589999 0.5757950 -0.0179999
vn 0.0000000 0.0000000 0.0000000
v -0.0589999 0.5740630 -0.0190000
vn 0.0000000 0.0000000 0.0000000
v -0.0605000 0.5752170 -0.0190000
vn 0.0000000 0.0000000 0.0000000
v -0.0605000 0.5740630 -0.0190000
vn 0.0000000 0.0000000 0.0000000
v -0.0589999 0.5752170 -0.0190000
vn 0.0000000 0.0000000 0.0000000
v -0.0589999 0.5734850 -0.0179999
vn 0.0000000 0.0000000 0.0000000
v -0.0605000 0.5740630 -0.0190000
vn 0.0000000 0.0000000 0.0000000
v -0.0605000 0.5734850 -0.0179999
vn 0.0000000 0.0000000 0.0000000
v -0.0589999 0.5740630 -0.0190000
vn 0.0000000 0.0000000 0.0000000
v -0.0589999 0.5740630 -0.0170000
vn 0.0000000 0.0000000 0.0000000
v -0.0605000 0.5734850 -0.0179999
vn 0.0000000 0.0000000 0.0000000
v -0.0605000 0.5740630 -0.0170000
vn 0.0000000 0.0000000 0.0000000
v -0.0589999 0.5734850 -0.0179999
vn 0.0000000 0.0000000 0.0000000
v -0.0589999 0.5740630 -0.0170000
vn 0.0000000 0.0000000 0.0000000
v -0.0589999 0.5740630 -0.0190000
vn 0.0000000 0.0000000 0.0000000
v -0.0589999 0.5740630 -0.0170000
vn 0.0000000 0.0000000 0.0000000
v -0.0589999 0.5752170 -0.0170000
vn 0.0000000 0.0000000 0.0000000
v -0.0589999 0.5752170 -0.0190000
vn 0.0000000 0.0000000 0.0000000
v -0.0589999 0.5757950 -0.0179999
vn 0.0000000 0.0000000 0.0000000
v -0.0589999 0.5734850 -0.0179999
vn 0.0000000 0.0000000 0.0000000
v -0.0465000 0.5734400 0.0179999
vn 0.0000000 0.0000000 0.0000000
v -0.0465000 0.5746400 0.0168000
vn 0.0000000 0.0000000 0.0000000
v -0.0465000 0.5758400 0.0179999
vn 0.0000000 0.0000000 0.0000000
v -0.0468000 0.5761400 0.0179999
vn 0.0000000 0.0000000 0.0000000
v -0.0465000 0.5758400 0.0179999
vn 0.0000000 0.0000000 0.0000000
v -0.0465000 0.5746400 0.0168000
vn 0.0000000 0.0000000 0.0000000
v -0.0465000 0.5746400 0.0192000
vn 0.0000000 0.0000000 0.0000000
v -0.0468000 0.5746400 0.0195000
vn 0.0000000 0.0000000 0.0000000
v -0.0465000 0.5746400 0.0192000
vn 0.0000000 0.0000000 0.0000000
v -0.0465000 0.5758400 0.0179999
vn 0.0000000 0.0000000 0.0000000
v -0.0468000 0.5761400 0.0179999
vn 0.0000000 0.0000000 0.0000000
v -0.0468000 0.5746400 0.0165000
vn 0.0000000 0.0000000 0.0000000
v -0.0465000 0.5734400 0.0179999
vn 0.0000000 0.0000000 0.0000000
v -0.0468000 0.5731400 0.0179999
vn 0.0000000 0.0000000 0.0000000
v -0.0465000 0.5734400 0.0179999
vn 0.0000000 0.0000000 0.0000000
v -0.0468000 0.5731400 0.0179999
vn 0.0000000 0.0000000 0.0000000
v -0.0585000 0.5746400 0.0195000
vn 0.0000000 0.0000000 0.0000000
v -0.0468000 0.5746400 0.0195000
vn 0.0000000 0.0000000 0.0000000
v -0.0468000 0.5761400 0.0179999
vn 0.0000000 0.0000000 0.0000000
v -0.0585000 0.5761400 0.0179999
vn 0.0000000 0.0000000 0.0000000
v -0.0468000 0.5746400 0.0165000
vn 0.0000000 0.0000000 0.0000000
v -0.0585000 0.5761400 0.0179999
vn 0.0000000 0.0000000 0.0000000
v -0.0468000 0.5761400 0.0179999
vn 0.0000000 0.0000000 0.0000000
v -0.0585000 0.5731400 0.0179999
vn 0.0000000 0.0000000 0.0000000
v -0.0468000 0.5731400 0.0179999
vn 0.0000000 0.0000000 0.0000000
v -0.0585000 0.5746400 0.0165000
vn 0.0000000 0.0000000 0.0000000
v -0.0468000 0.5731400 0.0179999
vn 0.0000000 0.0000000 0.0000000
v -0.0585000 0.5731400 0.0179999
vn 0.0000000 0.0000000 0.0000000
v -0.0585000 0.5718900 0.0179999
vn 0.0000000 0.0000000 0.0000000
v -0.0585000 0.5731400 0.0179999
vn 0.0000000 0.0000000 0.0000000
v -0.0585000 0.5746400 0.0195000
vn 0.0000000 0.0000000 0.0000000
v -0.0585000 0.5746400 0.0152529
vn 0.0000000 0.0000000 0.0000000
v -0.0585000 0.5746400 0.0165000
vn 0.0000000 0.0000000 0.0000000
v -0.0585000 0.5746400 0.0207470
vn 0.0000000 0.0000000 0.0000000
v -0.0585000 0.5761400 0.0179999
vn 0.0000000 0.0000000 0.0000000
v -0.0585000 0.5773900 0.0179999
vn 0.0000000 0.0000000 0.0000000
v -0.0602000 0.5773900 0.0179999
vn 0.0000000 0.0000000 0.0000000
v -0.0585000 0.5773900 0.0179999
vn 0.0000000 0.0000000 0.0000000
v -0.0585000 0.5746400 0.0152529
vn 0.0000000 0.0000000 0.0000000
v -0.0602000 0.5746400 0.0207500
vn 0.0000000 0.0000000 0.0000000
v -0.0585000 0.5746400 0.0207470
vn 0.0000000 0.0000000 0.0000000
v -0.0585000 0.5773900 0.0179999
vn 0.0000000 0.0000000 0.0000000
v -0.0602000 0.5773900 0.0179999
vn 0.0000000 0.0000000 0.0000000
v -0.0602000 0.5746400 0.0152500
vn 0.0000000 0.0000000 0.0000000
v -0.0585000 0.5718900 0.0179999
vn 0.0000000 0.0000000 0.0000000
v -0.0602000 0.5718900 0.0179999
vn 0.0000000 0.0000000 0.0000000
v -0.0585000 0.5718900 0.0179999
vn 0.0000000 0.0000000 0.0000000
v -0.0602000 0.5718900 0.0179999
vn 0.0000000 0.0000000 0.0000000
v -0.0604120 0.5719780 0.0179999
vn 0.0000000 0.0000000 0.0000000
v -0.0602000 0.5718900 0.0179999
vn 0.0000000 0.0000000 0.0000000
v -0.0602000 0.5746400 0.0207500
vn 0.0000000 0.0000000 0.0000000
v -0.0602000 0.5746400 0.0152500
vn 0.0000000 0.0000000 0.0000000
v -0.0602000 0.5718900 0.0179999
vn 0.0000000 0.0000000 0.0000000
v -0.0605000 0.5746400 0.0155500
vn 0.0000000 0.0000000 0.0000000
v -0.0604120 0.5719780 0.0179999
vn 0.0000000 0.0000000 0.0000000
v -0.0605000 0.5746400 0.0204500
vn 0.0000000 0.0000000 0.0000000
v -0.0602000 0.5773900 0.0179999
vn 0.0000000 0.0000000 0.0000000
v -0.0605000 0.5721900 0.0179999
vn 0.0000000 0.0000000 0.0000000
v -0.0604120 0.5773020 0.0179999
vn 0.0000000 0.0000000 0.0000000
v -0.0604120 0.5773020 0.0179999
vn 0.0000000 0.0000000 0.0000000
v -0.0602000 0.5773900 0.0179999
vn 0.0000000 0.0000000 0.0000000
v -0.0605000 0.5752170 0.0190000
vn 0.0000000 0.0000000 0.0000000
v -0.0605000 0.5746400 0.0204500
vn 0.0000000 0.0000000 0.0000000
v -0.0605000 0.5770900 0.0179999
vn 0.0000000 0.0000000 0.0000000
v -0.0605000 0.5770900 0.0179999
vn 0.0000000 0.0000000 0.0000000
v -0.0605000 0.5757950 0.0179999
vn 0.0000000 0.0000000 0.0000000
v -0.0605000 0.5746400 0.0155500
vn 0.0000000 0.0000000 0.0000000
v -0.0605000 0.5770900 0.0179999
vn 0.0000000 0.0000000 0.0000000
v -0.0605000 0.5734850 0.0179999
vn 0.0000000 0.0000000 0.0000000
v -0.0605000 0.5721900 0.0179999
vn 0.0000000 0.0000000 0.0000000
v -0.0605000 0.5740630 0.0190000
vn 0.0000000 0.0000000 0.0000000
v -0.0605000 0.5740630 0.0170000
vn 0.0000000 0.0000000 0.0000000
v -0.0605000 0.5721900 0.0179999
vn 0.0000000 0.0000000 0.0000000
v -0.0605000 0.5752170 0.0170000
vn 0.0000000 0.0000000 0.0000000
v -0.0589999 0.5757950 0.0179999
vn 0.0000000 0.0000000 0.0000000
v -0.0605000 0.5752170 0.0190000
vn 0.0000000 0.0000000 0.0000000
v -0.0605000 0.5757950 0.0179999
vn 0.0000000 0.0000000 0.0000000
v -0.0589999 0.5752170 0.0190000
vn 0.0000000 0.0000000 0.0000000
v -0.0605000 0.5740630 0.0190000
vn 0.0000000 0.0000000 0.0000000
v -0.0605000 0.5752170 0.0190000
vn 0.0000000 0.0000000 0.0000000
v -0.0589999 0.5752170 0.0190000
vn 0.0000000 0.0000000 0.0000000
v -0.0589999 0.5752170 0.0170000
vn 0.0000000 0.0000000 0.0000000
v -0.0605000 0.5757950 0.0179999
vn 0.0000000 0.0000000 0.0000000
v -0.0605000 0.5752170 0.0170000
vn 0.0000000 0.0000000 0.0000000
v -0.0589999 0.5757950 0.0179999
vn 0.0000000 0.0000000 0.0000000
v -0.0589999 0.5740630 0.0170000
vn 0.0000000 0.0000000 0.0000000
v -0.0605000 0.5752170 0.0170000
vn 0.0000000 0.0000000 0.0000000
v -0.0605000 0.5740630 0.0170000
vn 0.0000000 0.0000000 0.0000000
v -0.0589999 0.5752170 0.0170000
vn 0.0000000 0.0000000 0.0000000
v -0.0589999 0.5734850 0.0179999
vn 0.0000000 0.0000000 0.0000000
v -0.0605000 0.5740630 0.0170000
vn 0.0000000 0.0000000 0.0000000
v -0.0605000 0.5734850 0.0179999
vn 0.0000000 0.0000000 0.0000000
v -0.0589999 0.5740630 0.0170000
vn 0.0000000 0.0000000 0.0000000
v -0.0589999 0.5740630 0.0190000
vn 0.0000000 0.0000000 0.0000000
v -0.0605000 0.5734850 0.0179999
vn 0.0000000 0.0000000 0.0000000
v -0.0605000 0.5740630 0.0190000
vn 0.0000000 0.0000000 0.0000000
v -0.0589999 0.5734850 0.0179999
vn 0.0000000 0.0000000 0.0000000
v -0.0589999 0.5740630 0.0190000
vn 0.0000000 0.0000000 0.0000000
v -0.0589999 0.5740630 0.0170000
vn 0.0000000 0.0000000 0.0000000
v -0.0589999 0.5740630 0.0190000
vn 0.0000000 0.0000000 0.0000000
v -0.0589999 0.5752170 0.0190000
vn 0.0000000 0.0000000 0.0000000
v -0.0589999 0.5752170 0.0170000
vn 0.0000000 0.0000000 0.0000000
v -0.0589999 0.5757950 0.0179999
vn 0.0000000 0.0000000 0.0000000
v -0.0589999 0.5734850 0.0179999
vn 0.0000000 0.0000000 0.0000000
v 0.0306040 0.1414110 -0.1331690
vn 0.0000000 0.0000000 0.0000000
v 0.0338970 0.1426480 -0.1344910
vn 0.0000000 0.0000000 0.0000000
v 0.0324610 0.1351200 -0.1333830
vn 0.0000000 0.0000000 0.0000000
v 0.0323160 0.1351150 -0.1332400
vn 0.0000000 0.0000000 0.0000000
v 0.0309000 0.1350100 -0.1300410
vn 0.0000000 0.0000000 0.0000000
v 0.0306330 0.1373260 -0.1300220
vn 0.0000000 0.0000000 0.0000000
v 0.0296929 0.1397990 -0.1300010
vn 0.0000000 0.0000000 0.0000000
v 0.0358910 0.1351650 -0.1347440
vn 0.0000000 0.0000000 0.0000000
v 0.0305630 0.1289190 -0.1334990
vn 0.0000000 0.0000000 0.0000000
v 0.0358910 0.1351650 -0.1347440
vn 0.0000000 0.0000000 0.0000000
v 0.0324610 0.1351200 -0.1333830
vn 0.0000000 0.0000000 0.0000000
v 0.0323160 0.1351150 -0.1332400
vn 0.0000000 0.0000000 0.0000000
v 0.0300760 0.1310410 -0.1300730
vn 0.0000000 0.0000000 0.0000000
v 0.0309000 0.1350100 -0.1300410
vn 0.0000000 0.0000000 0.0000000
v 0.0305880 0.1350100 -0.1293720
vn 0.0000000 0.0000000 0.0000000
v 0.0309000 0.1350100 -0.1300410
vn 0.0000000 0.0000000 0.0000000
v 0.0306330 0.1373260 -0.1300220
vn 0.0000000 0.0000000 0.0000000
v 0.0297559 0.1310410 -0.1293930
vn 0.0000000 0.0000000 0.0000000
v 0.0300760 0.1310410 -0.1300730
vn 0.0000000 0.0000000 0.0000000
v 0.0309000 0.1350100 -0.1300410
vn 0.0000000 0.0000000 0.0000000
v 0.0305880 0.1350100 -0.1293720
vn 0.0000000 0.0000000 0.0000000
v 0.0296929 0.1397990 -0.1300010
vn 0.0000000 0.0000000 0.0000000
v 0.0288020 0.1406500 -0.1293720
vn 0.0000000 0.0000000 0.0000000
v 0.0339550 0.1277850 -0.1349810
vn 0.0000000 0.0000000 0.0000000
v 0.0289079 0.1290220 -0.1300890
vn 0.0000000 0.0000000 0.0000000
v 0.0275590 0.1275470 -0.1301000
vn 0.0000000 0.0000000 0.0000000
v 0.0273600 0.1277620 -0.1293930
vn 0.0000000 0.0000000 0.0000000
v 0.0275590 0.1275470 -0.1301000
vn 0.0000000 0.0000000 0.0000000
v 0.0289079 0.1290220 -0.1300890
vn 0.0000000 0.0000000 0.0000000
v 0.0288220 0.1393170 -0.1291000
vn 0.0000000 0.0000000 0.0000000
v 0.0296630 0.1370940 -0.1291000
vn 0.0000000 0.0000000 0.0000000
v 0.0299020 0.1350120 -0.1291000
vn 0.0000000 0.0000000 0.0000000
v 0.0299020 0.1350120 -0.1291000
vn 0.0000000 0.0000000 0.0000000
v 0.0291580 0.1314380 -0.1291000
vn 0.0000000 0.0000000 0.0000000
v 0.0281070 0.1296210 -0.1291000
vn 0.0000000 0.0000000 0.0000000
v 0.0269000 0.1283000 -0.1291000
vn 0.0000000 0.0000000 0.0000000
v -0.0733630 0.2494660 0.0942220
vn 0.0000000 0.0000000 0.0000000
v -0.0763280 0.2550920 0.0770880
vn 0.0000000 0.0000000 0.0000000
v -0.0761680 0.2516910 0.0770860
vn 0.0000000 0.0000000 0.0000000
v -0.0744780 0.2550880 0.0912280
vn 0.0000000 0.0000000 0.0000000
v -0.0760560 0.2558280 0.0770880
vn 0.0000000 0.0000000 0.0000000
v -0.0763280 0.2550920 0.0770880
vn 0.0000000 0.0000000 0.0000000
v -0.0744780 0.2550880 0.0912280
vn 0.0000000 0.0000000 0.0000000
v -0.0760160 0.2483030 0.0772300
vn 0.0000000 0.0000000 0.0000000
v -0.0717320 0.1821740 0.0978840
vn 0.0000000 0.0000000 0.0000000
v -0.0760160 0.2483030 0.0772300
vn 0.0000000 0.0000000 0.0000000
v -0.0746069 0.2008050 0.0799630
vn 0.0000000 0.0000000 0.0000000
v -0.0733630 0.2494660 0.0942220
vn 0.0000000 0.0000000 0.0000000
v -0.0744229 0.1816170 0.0808910
vn 0.0000000 0.0000000 0.0000000
v -0.0728220 0.1146830 0.1003950
vn 0.0000000 0.0000000 0.0000000
v -0.0745810 0.1514650 0.0821670
vn 0.0000000 0.0000000 0.0000000
v -0.0755200 0.1144950 0.0834070
vn 0.0000000 0.0000000 0.0000000
v -0.0791780 0.0473820 0.0888460
vn 0.0000000 0.0000000 0.0000000
v -0.0760990 0.1003030 0.0837830
vn 0.0000000 0.0000000 0.0000000
v -0.0787190 0.0473910 0.0929160
vn 0.0000000 0.0000000 0.0000000
v -0.0793330 0.0473490 0.0847530
vn 0.0000000 0.0000000 0.0000000
v -0.0792650 0.0465190 0.0887410
vn 0.0000000 0.0000000 0.0000000
v -0.0793330 0.0473490 0.0847530
vn 0.0000000 0.0000000 0.0000000
v -0.0793820 0.0467860 0.0847700
vn 0.0000000 0.0000000 0.0000000
v -0.0791780 0.0473820 0.0888460
vn 0.0000000 0.0000000 0.0000000
v -0.0380770 0.2531880 0.1294750
vn 0.0000000 0.0000000 0.0000000
v -0.0194229 0.1840550 0.1358470
vn 0.0000000 0.0000000 0.0000000
v -0.0210690 0.2540990 0.1321260
vn 0.0000000 0.0000000 0.0000000
v -0.0380770 0.2531880 0.1294750
vn 0.0000000 0.0000000 0.0000000
v -0.0381290 0.2558280 0.1291390
vn 0.0000000 0.0000000 0.0000000
v -0.0309180 0.2551430 0.1312200
vn 0.0000000 0.0000000 0.0000000
v -0.0212049 0.2551660 0.1320790
vn 0.0000000 0.0000000 0.0000000
v -0.0422830 0.2551180 0.1279060
vn 0.0000000 0.0000000 0.0000000
v -0.0534140 0.2520350 0.1216940
vn 0.0000000 0.0000000 0.0000000
v -0.0364130 0.1838810 0.1331620
vn 0.0000000 0.0000000 0.0000000
v -0.0534140 0.2520350 0.1216940
vn 0.0000000 0.0000000 0.0000000
v -0.0613620 0.2550880 0.1147760
vn 0.0000000 0.0000000 0.0000000
v -0.0655750 0.2507520 0.1095450
vn 0.0000000 0.0000000 0.0000000
v -0.0517490 0.1834760 0.1253600
vn 0.0000000 0.0000000 0.0000000
v -0.0655750 0.2507520 0.1095450
vn 0.0000000 0.0000000 0.0000000
v -0.0549350 0.2550960 0.1205950
vn 0.0000000 0.0000000 0.0000000
v -0.0716570 0.2550870 0.0992580
vn 0.0000000 0.0000000 0.0000000
v -0.0639190 0.1828870 0.1132040
vn 0.0000000 0.0000000 0.0000000
v -0.0671870 0.2550860 0.1074330
vn 0.0000000 0.0000000 0.0000000
v -0.0733690 0.2558280 0.0940159
vn 0.0000000 0.0000000 0.0000000
v -0.0716570 0.2550870 0.0992580
vn 0.0000000 0.0000000 0.0000000
v -0.0671870 0.2550860 0.1074330
vn 0.0000000 0.0000000 0.0000000
v -0.0655660 0.2558280 0.1092880
vn 0.0000000 0.0000000 0.0000000
v -0.0613620 0.2550880 0.1147760
vn 0.0000000 0.0000000 0.0000000
v -0.0549350 0.2550960 0.1205950
vn 0.0000000 0.0000000 0.0000000
v -0.0534160 0.2558280 0.1213890
vn 0.0000000 0.0000000 0.0000000
v -0.0422830 0.2551180 0.1279060
vn 0.0000000 0.0000000 0.0000000
v -0.0676970 0.1467720 0.1022470
vn 0.0000000 0.0000000 0.0000000
v -0.0740160 0.0820849 0.0842000
vn 0.0000000 0.0000000 0.0000000
v -0.0722130 0.1235230 0.0831320
vn 0.0000000 0.0000000 0.0000000
v -0.0740099 0.0808170 0.0870710
vn 0.0000000 0.0000000 0.0000000
v -0.0716620 0.1462730 0.0823620
vn 0.0000000 0.0000000 0.0000000
v -0.0703400 0.2410230 0.0932410
vn 0.0000000 0.0000000 0.0000000
v -0.0714500 0.1638130 0.0816730
vn 0.0000000 0.0000000 0.0000000
v -0.0727050 0.2409040 0.0777000
vn 0.0000000 0.0000000 0.0000000
v -0.0671940 0.2452980 0.0970170
vn 0.0000000 0.0000000 0.0000000
v -0.0703400 0.2410230 0.0932410
vn 0.0000000 0.0000000 0.0000000
v -0.0727050 0.2409040 0.0777000
vn 0.0000000 0.0000000 0.0000000
v -0.0714370 0.2448350 0.0777010
vn 0.0000000 0.0000000 0.0000000
v -0.0066029 -0.0897570 0.1249990
vn 0.0000000 0.0000000 0.0000000
v 0.0074069 -0.0896950 0.1220000
vn 0.0000000 0.0000000 0.0000000
v 0.0074069 -0.0896950 0.1249990
vn 0.0000000 0.0000000 0.0000000
v -0.0181240 -0.0861040 0.1324990
vn 0.0000000 0.0000000 0.0000000
v -0.0066029 -0.0897570 0.1249990
vn 0.0000000 0.0000000 0.0000000
v 0.0074069 -0.0896950 0.1249990
vn 0.0000000 0.0000000 0.0000000
v 0.0074870 -0.0878860 0.1321160
vn 0.0000000 0.0000000 0.0000000
v -0.0199030 -0.0877720 0.1220000
vn 0.0000000 0.0000000 0.0000000
v -0.0194650 -0.0874570 0.1204980
vn 0.0000000 0.0000000 0.0000000
v 0.0074069 -0.0896950 0.1220000
vn 0.0000000 0.0000000 0.0000000
v -0.0199030 -0.0877720 0.1220000
vn 0.0000000 0.0000000 0.0000000
v 0.0074100 -0.0892870 0.1204920
vn 0.0000000 0.0000000 0.0000000
v -0.0338070 -0.0834090 0.1249990
vn 0.0000000 0.0000000 0.0000000
v -0.0453700 -0.0777270 0.1220000
vn 0.0000000 0.0000000 0.0000000
v -0.0445819 -0.0777180 0.1204990
vn 0.0000000 0.0000000 0.0000000
v -0.0453700 -0.0777270 0.1220000
vn 0.0000000 0.0000000 0.0000000
v -0.0204530 -0.0876450 0.1249990
vn 0.0000000 0.0000000 0.0000000
v -0.0577540 -0.0690250 0.1249990
vn 0.0000000 0.0000000 0.0000000
v -0.0666400 -0.0604899 0.1220000
vn 0.0000000 0.0000000 0.0000000
v -0.0656690 -0.0609530 0.1204990
vn 0.0000000 0.0000000 0.0000000
v -0.0666400 -0.0604899 0.1220000
vn 0.0000000 0.0000000 0.0000000
v -0.0463419 -0.0771519 0.1249990
vn 0.0000000 0.0000000 0.0000000
v -0.0761370 -0.0479910 0.1249990
vn 0.0000000 0.0000000 0.0000000
v -0.0817439 -0.0376559 0.1220000
vn 0.0000000 0.0000000 0.0000000
v -0.0808190 -0.0386780 0.1204990
vn 0.0000000 0.0000000 0.0000000
v -0.0817439 -0.0376559 0.1220000
vn 0.0000000 0.0000000 0.0000000
v -0.0677670 -0.0592260 0.1249990
vn 0.0000000 0.0000000 0.0000000
v -0.0871850 -0.0223330 0.1249990
vn 0.0000000 0.0000000 0.0000000
v -0.0892830 -0.0113380 0.1220000
vn 0.0000000 0.0000000 0.0000000
v -0.0886630 -0.0129070 0.1204990
vn 0.0000000 0.0000000 0.0000000
v -0.0892830 -0.0113380 0.1220000
vn 0.0000000 0.0000000 0.0000000
v -0.0826630 -0.0355930 0.1249990
vn 0.0000000 0.0000000 0.0000000
v -0.0898330 0.0054760 0.1249990
vn 0.0000000 0.0000000 0.0000000
v -0.0885610 0.0160300 0.1220000
vn 0.0000000 0.0000000 0.0000000
v -0.0884920 0.0140319 0.1205000
vn 0.0000000 0.0000000 0.0000000
v -0.0885610 0.0160300 0.1220000
vn 0.0000000 0.0000000 0.0000000
v -0.0895950 -0.0085320 0.1249990
vn 0.0000000 0.0000000 0.0000000
v -0.0838270 0.0327580 0.1249990
vn 0.0000000 0.0000000 0.0000000
v -0.0796440 0.0419140 0.1220000
vn 0.0000000 0.0000000 0.0000000
v -0.0803209 0.0397020 0.1205000
vn 0.0000000 0.0000000 0.0000000
v -0.0796440 0.0419140 0.1220000
vn 0.0000000 0.0000000 0.0000000
v -0.0878950 0.0193519 0.1249990
vn 0.0000000 0.0000000 0.0000000
v -0.0697450 0.0568830 0.1249990
vn 0.0000000 0.0000000 0.0000000
v -0.0633580 0.0639200 0.1220000
vn 0.0000000 0.0000000 0.0000000
v -0.0648840 0.0617860 0.1204960
vn 0.0000000 0.0000000 0.0000000
v -0.0633580 0.0639200 0.1220000
vn 0.0000000 0.0000000 0.0000000
v -0.0777270 0.0453700 0.1249990
vn 0.0000000 0.0000000 0.0000000
v -0.0617630 0.0654620 0.1235130
vn 0.0000000 0.0000000 0.0000000
v -0.0650070 0.1148230 0.1157160
vn 0.0000000 0.0000000 0.0000000
v -0.0633580 0.0639200 0.1220000
vn 0.0000000 0.0000000 0.0000000
v -0.0617630 0.0654620 0.1235130
vn 0.0000000 0.0000000 0.0000000
v -0.0648840 0.0617860 0.1204960
vn 0.0000000 0.0000000 0.0000000
v -0.0600740 0.0670160 0.1249990
vn 0.0000000 0.0000000 0.0000000
v -0.0600740 0.0670160 0.1249990
vn 0.0000000 0.0000000 0.0000000
v -0.0680290 0.0558060 0.1324990
vn 0.0000000 0.0000000 0.0000000
v -0.0600740 0.0670160 0.1249990
vn 0.0000000 0.0000000 0.0000000
v -0.0697450 0.0568830 0.1249990
vn 0.0000000 0.0000000 0.0000000
v -0.0504730 0.0725760 0.1317370
vn 0.0000000 0.0000000 0.0000000
v -0.0528450 0.1147150 0.1278780
vn 0.0000000 0.0000000 0.0000000
v -0.0504730 0.0725760 0.1317370
vn 0.0000000 0.0000000 0.0000000
v -0.0777270 0.0453700 0.1249990
vn 0.0000000 0.0000000 0.0000000
v -0.0812450 0.0337869 0.1324990
vn 0.0000000 0.0000000 0.0000000
v -0.0838270 0.0327580 0.1249990
vn 0.0000000 0.0000000 0.0000000
v -0.0878950 0.0193519 0.1249990
vn 0.0000000 0.0000000 0.0000000
v -0.0875400 0.0088890 0.1324990
vn 0.0000000 0.0000000 0.0000000
v -0.0898330 0.0054760 0.1249990
vn 0.0000000 0.0000000 0.0000000
v -0.0895950 -0.0085320 0.1249990
vn 0.0000000 0.0000000 0.0000000
v -0.0863780 -0.0167660 0.1324990
vn 0.0000000 0.0000000 0.0000000
v -0.0871850 -0.0223330 0.1249990
vn 0.0000000 0.0000000 0.0000000
v -0.0826630 -0.0355930 0.1249990
vn 0.0000000 0.0000000 0.0000000
v -0.0778590 -0.0409920 0.1324990
vn 0.0000000 0.0000000 0.0000000
v -0.0761370 -0.0479910 0.1249990
vn 0.0000000 0.0000000 0.0000000
v -0.0677670 -0.0592260 0.1249990
vn 0.0000000 0.0000000 0.0000000
v -0.0627070 -0.0617270 0.1324990
vn 0.0000000 0.0000000 0.0000000
v -0.0577540 -0.0690250 0.1249990
vn 0.0000000 0.0000000 0.0000000
v -0.0463419 -0.0771519 0.1249990
vn 0.0000000 0.0000000 0.0000000
v -0.0422130 -0.0772030 0.1324990
vn 0.0000000 0.0000000 0.0000000
v -0.0338070 -0.0834090 0.1249990
vn 0.0000000 0.0000000 0.0000000
v -0.0204530 -0.0876450 0.1249990
vn 0.0000000 0.0000000 0.0000000
v -0.0547450 0.2522850 0.1128410
vn 0.0000000 0.0000000 0.0000000
v -0.0542819 0.2528310 0.1134180
vn 0.0000000 0.0000000 0.0000000
v -0.0542860 0.2526790 0.1131980
vn 0.0000000 0.0000000 0.0000000
v -0.0477530 0.0578300 0.1399990
vn 0.0000000 0.0000000 0.0000000
v -0.0568780 0.0488840 0.1399990
vn 0.0000000 0.0000000 0.0000000
v -0.0372410 0.0650980 0.1399990
vn 0.0000000 0.0000000 0.0000000
v -0.0256489 0.0704760 0.1399990
vn 0.0000000 0.0000000 0.0000000
v -0.0749720 0.0020460 0.1399990
vn 0.0000000 0.0000000 0.0000000
v -0.0742290 -0.0107239 0.1399990
vn 0.0000000 0.0000000 0.0000000
v -0.0303270 -0.0125020 0.1399990
vn 0.0000000 0.0000000 0.0000000
v -0.0302949 0.0125020 0.1399990
vn 0.0000000 0.0000000 0.0000000
v -0.0267550 0.0139860 0.1399990
vn 0.0000000 0.0000000 0.0000000
v -0.0253110 -0.0175000 0.1399990
vn 0.0000000 0.0000000 0.0000000
v -0.0267550 -0.0210140 0.1399990
vn 0.0000000 0.0000000 0.0000000
v -0.0267760 -0.0139650 0.1399990
vn 0.0000000 0.0000000 0.0000000
v -0.0173020 -0.0729750 0.1399990
vn 0.0000000 0.0000000 0.0000000
v -0.0046540 -0.0748560 0.1399990
vn 0.0000000 0.0000000 0.0000000
v -0.0153570 -0.0810510 0.1379940
vn 0.0000000 0.0000000 0.0000000
v -0.0173020 -0.0729750 0.1399990
vn 0.0000000 0.0000000 0.0000000
v -0.0294430 -0.0689780 0.1399990
vn 0.0000000 0.0000000 0.0000000
v -0.0294430 -0.0689780 0.1399990
vn 0.0000000 0.0000000 0.0000000
v -0.0407269 -0.0629760 0.1399990
vn 0.0000000 0.0000000 0.0000000
v -0.0372500 -0.0736040 0.1379940
vn 0.0000000 0.0000000 0.0000000
v -0.0407269 -0.0629760 0.1399990
vn 0.0000000 0.0000000 0.0000000
v 0.0000160 -0.0399980 0.1399990
vn 0.0000000 0.0000000 0.0000000
v -0.0508290 -0.0551460 0.1399990
vn 0.0000000 0.0000000 0.0000000
v -0.0508290 -0.0551460 0.1399990
vn 0.0000000 0.0000000 0.0000000
v -0.0594550 -0.0457150 0.1399990
vn 0.0000000 0.0000000 0.0000000
v -0.0562150 -0.0603740 0.1379940
vn 0.0000000 0.0000000 0.0000000
v -0.0594550 -0.0457150 0.1399990
vn 0.0000000 0.0000000 0.0000000
v -0.0050000 -0.0350000 0.1399990
vn 0.0000000 0.0000000 0.0000000
v -0.0663550 -0.0349550 0.1399990
vn 0.0000000 0.0000000 0.0000000
v -0.0707630 -0.0423990 0.1379940
vn 0.0000000 0.0000000 0.0000000
v -0.0663550 -0.0349550 0.1399990
vn 0.0000000 0.0000000 0.0000000
v -0.0035350 -0.0385350 0.1399990
vn 0.0000000 0.0000000 0.0000000
v -0.0713280 -0.0231780 0.1399990
vn 0.0000000 0.0000000 0.0000000
v -0.0713280 -0.0231780 0.1399990
vn 0.0000000 0.0000000 0.0000000
v -0.0035560 -0.0314860 0.1399990
vn 0.0000000 0.0000000 0.0000000
v -0.0797509 -0.0210929 0.1379940
vn 0.0000000 0.0000000 0.0000000
v -0.0742290 -0.0107239 0.1399990
vn 0.0000000 0.0000000 0.0000000
v -0.0338460 -0.0210350 0.1399990
vn 0.0000000 0.0000000 0.0000000
v -0.0353110 -0.0175000 0.1399990
vn 0.0000000 0.0000000 0.0000000
v -0.0338670 -0.0139860 0.1399990
vn 0.0000000 0.0000000 0.0000000
v -0.0302949 -0.0224980 0.1399990
vn 0.0000000 0.0000000 0.0000000
v -0.0824720 0.0018700 0.1379940
vn 0.0000000 0.0000000 0.0000000
v -0.0749720 0.0020460 0.1399990
vn 0.0000000 0.0000000 0.0000000
v -0.0338460 0.0139650 0.1399990
vn 0.0000000 0.0000000 0.0000000
v -0.0735340 0.0147550 0.1399990
vn 0.0000000 0.0000000 0.0000000
v -0.0735340 0.0147550 0.1399990
vn 0.0000000 0.0000000 0.0000000
v -0.0303270 0.0224980 0.1399990
vn 0.0000000 0.0000000 0.0000000
v -0.0699590 0.0270300 0.1399990
vn 0.0000000 0.0000000 0.0000000
v -0.0787130 0.0246870 0.1379940
vn 0.0000000 0.0000000 0.0000000
v -0.0699590 0.0270300 0.1399990
vn 0.0000000 0.0000000 0.0000000
v -0.0353110 0.0175000 0.1399990
vn 0.0000000 0.0000000 0.0000000
v -0.0338670 0.0210140 0.1399990
vn 0.0000000 0.0000000 0.0000000
v -0.0035560 0.0385140 0.1399990
vn 0.0000000 0.0000000 0.0000000
v -0.0643520 0.0385170 0.1399990
vn 0.0000000 0.0000000 0.0000000
v -0.0643520 0.0385170 0.1399990
vn 0.0000000 0.0000000 0.0000000
v -0.0035350 0.0314650 0.1399990
vn 0.0000000 0.0000000 0.0000000
v -0.0050000 0.0350000 0.1399990
vn 0.0000000 0.0000000 0.0000000
v 0.0000160 0.0300020 0.1399990
vn 0.0000000 0.0000000 0.0000000
v -0.0687690 0.0455630 0.1379940
vn 0.0000000 0.0000000 0.0000000
v -0.0568780 0.0488840 0.1399990
vn 0.0000000 0.0000000 0.0000000
v -0.0534210 0.0628600 0.1379940
vn 0.0000000 0.0000000 0.0000000
v -0.0477530 0.0578300 0.1399990
vn 0.0000000 0.0000000 0.0000000
v -0.0372410 0.0650980 0.1399990
vn 0.0000000 0.0000000 0.0000000
v -0.0337010 0.0750510 0.1381200
vn 0.0000000 0.0000000 0.0000000
v -0.0256489 0.0704760 0.1399990
vn 0.0000000 0.0000000 0.0000000
v -0.0223120 0.0764530 0.1392630
vn 0.0000000 0.0000000 0.0000000
v -0.0303920 0.0751960 0.1387010
vn 0.0000000 0.0000000 0.0000000
v -0.0253110 0.0175000 0.1399990
vn 0.0000000 0.0000000 0.0000000
v -0.0267760 0.0210350 0.1399990
vn 0.0000000 0.0000000 0.0000000
v -0.0346039 0.0175000 0.1397060
vn 0.0000000 0.0000000 0.0000000
v -0.0353110 0.0175000 0.1399990
vn 0.0000000 0.0000000 0.0000000
v -0.0338460 0.0139650 0.1399990
vn 0.0000000 0.0000000 0.0000000
v -0.0337840 0.0200230 0.1397060
vn 0.0000000 0.0000000 0.0000000
v -0.0338670 0.0210140 0.1399990
vn 0.0000000 0.0000000 0.0000000
v -0.0353110 0.0175000 0.1399990
vn 0.0000000 0.0000000 0.0000000
v -0.0346039 0.0175000 0.1397060
vn 0.0000000 0.0000000 0.0000000
v -0.0316369 0.0134169 0.1397060
vn 0.0000000 0.0000000 0.0000000
v -0.0302949 0.0125020 0.1399990
vn 0.0000000 0.0000000 0.0000000
v -0.0337840 0.0149770 0.1397060
vn 0.0000000 0.0000000 0.0000000
v -0.0289840 0.0134169 0.1397060
vn 0.0000000 0.0000000 0.0000000
v -0.0267550 0.0139860 0.1399990
vn 0.0000000 0.0000000 0.0000000
v -0.0268380 0.0149770 0.1397060
vn 0.0000000 0.0000000 0.0000000
v -0.0253110 0.0175000 0.1399990
vn 0.0000000 0.0000000 0.0000000
v -0.0260180 0.0175000 0.1397060
vn 0.0000000 0.0000000 0.0000000
v -0.0253110 0.0175000 0.1399990
vn 0.0000000 0.0000000 0.0000000
v -0.0267760 0.0210350 0.1399990
vn 0.0000000 0.0000000 0.0000000
v -0.0260180 0.0175000 0.1397060
vn 0.0000000 0.0000000 0.0000000
v -0.0289840 0.0215830 0.1397060
vn 0.0000000 0.0000000 0.0000000
v -0.0303270 0.0224980 0.1399990
vn 0.0000000 0.0000000 0.0000000
v -0.0268380 0.0200230 0.1397060
vn 0.0000000 0.0000000 0.0000000
v -0.0316369 0.0215830 0.1397060
vn 0.0000000 0.0000000 0.0000000
v -0.0346039 -0.0175000 0.1397060
vn 0.0000000 0.0000000 0.0000000
v -0.0353110 -0.0175000 0.1399990
vn 0.0000000 0.0000000 0.0000000
v -0.0338460 -0.0210350 0.1399990
vn 0.0000000 0.0000000 0.0000000
v -0.0337840 -0.0149770 0.1397060
vn 0.0000000 0.0000000 0.0000000
v -0.0338670 -0.0139860 0.1399990
vn 0.0000000 0.0000000 0.0000000
v -0.0353110 -0.0175000 0.1399990
vn 0.0000000 0.0000000 0.0000000
v -0.0346039 -0.0175000 0.1397060
vn 0.0000000 0.0000000 0.0000000
v -0.0316369 -0.0215830 0.1397060
vn 0.0000000 0.0000000 0.0000000
v -0.0302949 -0.0224980 0.1399990
vn 0.0000000 0.0000000 0.0000000
v -0.0337840 -0.0200230 0.1397060
vn 0.0000000 0.0000000 0.0000000
v -0.0289840 -0.0215830 0.1397060
vn 0.0000000 0.0000000 0.0000000
v -0.0267550 -0.0210140 0.1399990
vn 0.0000000 0.0000000 0.0000000
v -0.0268380 -0.0200230 0.1397060
vn 0.0000000 0.0000000 0.0000000
v -0.0253110 -0.0175000 0.1399990
vn 0.0000000 0.0000000 0.0000000
v -0.0260180 -0.0175000 0.1397060
vn 0.0000000 0.0000000 0.0000000
v -0.0253110 -0.0175000 0.1399990
vn 0.0000000 0.0000000 0.0000000
v -0.0267760 -0.0139650 0.1399990
vn 0.0000000 0.0000000 0.0000000
v -0.0260180 -0.0175000 0.1397060
vn 0.0000000 0.0000000 0.0000000
v -0.0289840 -0.0134169 0.1397060
vn 0.0000000 0.0000000 0.0000000
v -0.0303270 -0.0125020 0.1399990
vn 0.0000000 0.0000000 0.0000000
v -0.0268380 -0.0149770 0.1397060
vn 0.0000000 0.0000000 0.0000000
v -0.0316369 -0.0134169 0.1397060
vn 0.0000000 0.0000000 0.0000000
v -0.0794400 0.0462350 0.0847860
vn 0.0000000 0.0000000 0.0000000
v -0.0790040 0.0452909 0.0847870
vn 0.0000000 0.0000000 0.0000000
v -0.0792650 0.0465190 0.0887410
vn 0.0000000 0.0000000 0.0000000
v -0.0794400 0.0462350 0.0847860
vn 0.0000000 0.0000000 0.0000000
v 0.0077160 -0.0826000 0.1377130
vn 0.0000000 0.0000000 0.0000000
v 0.0074960 -0.0876920 0.1324620
vn 0.0000000 0.0000000 0.0000000
v -0.0399430 0.0746960 0.1364370
vn 0.0000000 0.0000000 0.0000000
v -0.0489630 0.0730620 0.1325670
vn 0.0000000 0.0000000 0.0000000
v -0.0375260 0.1143710 0.1356910
vn 0.0000000 0.0000000 0.0000000
v -0.0337010 0.0750510 0.1381200
vn 0.0000000 0.0000000 0.0000000
v -0.0303920 0.0751960 0.1387010
vn 0.0000000 0.0000000 0.0000000
v -0.0399430 0.0746960 0.1364370
vn 0.0000000 0.0000000 0.0000000
v -0.0223120 0.0764530 0.1392630
vn 0.0000000 0.0000000 0.0000000
v -0.0223120 0.0764530 0.1392630
vn 0.0000000 0.0000000 0.0000000
v -0.0205640 0.1138210 0.1383920
vn 0.0000000 0.0000000 0.0000000
v -0.0489630 0.0730620 0.1325670
vn 0.0000000 0.0000000 0.0000000
v -0.0194540 0.1652570 0.1366450
vn 0.0000000 0.0000000 0.0000000
v -0.0542930 0.2524540 0.1130510
vn 0.0000000 0.0000000 0.0000000
v -0.0542860 0.2526790 0.1131980
vn 0.0000000 0.0000000 0.0000000
v -0.0532780 0.2530900 0.1131250
vn 0.0000000 0.0000000 0.0000000
v -0.0542819 0.2528310 0.1134180
vn 0.0000000 0.0000000 0.0000000
v -0.0535350 0.2530900 0.1134570
vn 0.0000000 0.0000000 0.0000000
v -0.0535560 0.2530900 0.1138750
vn 0.0000000 0.0000000 0.0000000
v -0.0535350 0.2530900 0.1134570
vn 0.0000000 0.0000000 0.0000000
v -0.0535560 0.2530900 0.1138750
vn 0.0000000 0.0000000 0.0000000
v -0.0535350 0.2551400 0.1134570
vn 0.0000000 0.0000000 0.0000000
v -0.0524160 0.2559350 0.1132050
vn 0.0000000 0.0000000 0.0000000
v -0.0524160 0.2560960 0.1134570
vn 0.0000000 0.0000000 0.0000000
v -0.0508440 0.2559350 0.1132050
vn 0.0000000 0.0000000 0.0000000
v -0.0663890 0.0621639 0.1186420
vn 0.0000000 0.0000000 0.0000000
v -0.0661490 0.0615750 0.1190000
vn 0.0000000 0.0000000 0.0000000
v -0.0661710 0.0620420 0.1187070
vn 0.0000000 0.0000000 0.0000000
v -0.0661490 0.0615750 0.1190000
vn 0.0000000 0.0000000 0.0000000
v -0.0663890 0.0621639 0.1186420
vn 0.0000000 0.0000000 0.0000000
v -0.0662360 0.0577750 0.1192740
vn 0.0000000 0.0000000 0.0000000
v -0.0663000 0.0567810 0.1192950
vn 0.0000000 0.0000000 0.0000000
v -0.0663070 0.0596239 0.1190000
vn 0.0000000 0.0000000 0.0000000
v -0.0644070 0.0599640 0.1190000
vn 0.0000000 0.0000000 0.0000000
v -0.0663070 0.0596239 0.1190000
vn 0.0000000 0.0000000 0.0000000
v -0.0661490 0.0615750 0.1190000
vn 0.0000000 0.0000000 0.0000000
v -0.0658770 0.0615680 0.1190000
vn 0.0000000 0.0000000 0.0000000
v -0.0658770 0.0615680 0.1190000
vn 0.0000000 0.0000000 0.0000000
v -0.0666880 0.0628180 0.1181940
vn 0.0000000 0.0000000 0.0000000
v -0.0665330 0.0620739 0.1181140
vn 0.0000000 0.0000000 0.0000000
v -0.0666880 0.0628180 0.1181940
vn 0.0000000 0.0000000 0.0000000
v -0.0711670 0.0578480 0.1121210
vn 0.0000000 0.0000000 0.0000000
v -0.0667030 0.0624069 0.1181370
vn 0.0000000 0.0000000 0.0000000
v -0.0666880 0.0628180 0.1181940
vn 0.0000000 0.0000000 0.0000000
v -0.0711670 0.0578480 0.1121210
vn 0.0000000 0.0000000 0.0000000
v -0.0667030 0.0624069 0.1181370
vn 0.0000000 0.0000000 0.0000000
v -0.0746540 0.0534060 0.1057870
vn 0.0000000 0.0000000 0.0000000
v -0.0739070 0.0534450 0.1069390
vn 0.0000000 0.0000000 0.0000000
v -0.0746540 0.0534060 0.1057870
vn 0.0000000 0.0000000 0.0000000
v -0.0787190 0.0473910 0.0929160
vn 0.0000000 0.0000000 0.0000000
v -0.0787190 0.0473910 0.0929160
vn 0.0000000 0.0000000 0.0000000
v -0.0787190 0.0473910 0.0929160
vn 0.0000000 0.0000000 0.0000000
v -0.0783900 0.0466250 0.0930770
vn 0.0000000 0.0000000 0.0000000
v -0.0783900 0.0466250 0.0930770
vn 0.0000000 0.0000000 0.0000000
v -0.0649620 0.0616370 0.1204190
vn 0.0000000 0.0000000 0.0000000
v -0.0660380 0.0589180 0.1194020
vn 0.0000000 0.0000000 0.0000000
v -0.0660380 0.0589180 0.1194020
vn 0.0000000 0.0000000 0.0000000
v -0.0649620 0.0616370 0.1204190
vn 0.0000000 0.0000000 0.0000000
v -0.0804220 0.0369400 0.1194020
vn 0.0000000 0.0000000 0.0000000
v -0.0660380 0.0589180 0.1194020
vn 0.0000000 0.0000000 0.0000000
v -0.0662360 0.0577750 0.1192740
vn 0.0000000 0.0000000 0.0000000
v -0.0804220 0.0369400 0.1194020
vn 0.0000000 0.0000000 0.0000000
v -0.0661800 0.0572700 0.1193910
vn 0.0000000 0.0000000 0.0000000
v -0.0661800 0.0572700 0.1193910
vn 0.0000000 0.0000000 0.0000000
v -0.0659960 0.0570280 0.1196390
vn 0.0000000 0.0000000 0.0000000
v -0.0792010 0.0360020 0.1202680
vn 0.0000000 0.0000000 0.0000000
v -0.0659960 0.0570280 0.1196390
vn 0.0000000 0.0000000 0.0000000
v -0.0799450 0.0355689 0.1194020
vn 0.0000000 0.0000000 0.0000000
v -0.0655690 0.0571820 0.1201340
vn 0.0000000 0.0000000 0.0000000
v -0.0654430 0.0573250 0.1202680
vn 0.0000000 0.0000000 0.0000000
v -0.0654430 0.0573250 0.1202680
vn 0.0000000 0.0000000 0.0000000
v -0.0656940 0.0570370 0.1200000
vn 0.0000000 0.0000000 0.0000000
v -0.0635960 0.0593680 0.1200000
vn 0.0000000 0.0000000 0.0000000
v -0.0654430 0.0573250 0.1202680
vn 0.0000000 0.0000000 0.0000000
v -0.0655690 0.0571820 0.1201340
vn 0.0000000 0.0000000 0.0000000
v -0.0733910 0.0467210 0.1249990
vn 0.0000000 0.0000000 0.0000000
v -0.0792010 0.0360020 0.1202680
vn 0.0000000 0.0000000 0.0000000
v -0.0656940 0.0570370 0.1200000
vn 0.0000000 0.0000000 0.0000000
v -0.0635960 0.0593680 0.1200000
vn 0.0000000 0.0000000 0.0000000
v -0.0656940 0.0570370 0.1200000
vn 0.0000000 0.0000000 0.0000000
v -0.0663000 0.0567810 0.1192950
vn 0.0000000 0.0000000 0.0000000
v -0.0664650 0.0576750 0.1190000
vn 0.0000000 0.0000000 0.0000000
v -0.0619300 0.0614729 0.1193270
vn 0.0000000 0.0000000 0.0000000
v -0.0664650 0.0576750 0.1190000
vn 0.0000000 0.0000000 0.0000000
v -0.0612900 0.0617450 0.1200000
vn 0.0000000 0.0000000 0.0000000
v -0.0664650 0.0576750 0.1190000
vn 0.0000000 0.0000000 0.0000000
v -0.0644070 0.0599640 0.1190000
vn 0.0000000 0.0000000 0.0000000
v -0.0207680 -0.0844850 0.1202680
vn 0.0000000 0.0000000 0.0000000
v 0.0044950 -0.0868840 0.1249990
vn 0.0000000 0.0000000 0.0000000
v 0.0044950 -0.0868840 0.1202030
vn 0.0000000 0.0000000 0.0000000
v -0.0184340 -0.0855360 0.1194020
vn 0.0000000 0.0000000 0.0000000
v -0.0207680 -0.0844850 0.1202680
vn 0.0000000 0.0000000 0.0000000
v 0.0044950 -0.0868840 0.1202030
vn 0.0000000 0.0000000 0.0000000
v 0.0044930 -0.0869400 0.1199370
vn 0.0000000 0.0000000 0.0000000
v -0.0224570 -0.0840520 0.1249990
vn 0.0000000 0.0000000 0.0000000
v -0.0202380 -0.0829590 0.1309990
vn 0.0000000 0.0000000 0.0000000
v 0.0044950 -0.0868840 0.1249990
vn 0.0000000 0.0000000 0.0000000
v -0.0224570 -0.0840520 0.1249990
vn 0.0000000 0.0000000 0.0000000
v 0.0045460 -0.0853600 0.1308410
vn 0.0000000 0.0000000 0.0000000
v -0.0442640 -0.0748980 0.1202680
vn 0.0000000 0.0000000 0.0000000
v -0.0472300 -0.0730640 0.1249990
vn 0.0000000 0.0000000 0.0000000
v -0.0433090 -0.0735950 0.1309990
vn 0.0000000 0.0000000 0.0000000
v -0.0472300 -0.0730640 0.1249990
vn 0.0000000 0.0000000 0.0000000
v -0.0639950 -0.0589380 0.1202680
vn 0.0000000 0.0000000 0.0000000
v -0.0674200 -0.0549870 0.1249990
vn 0.0000000 0.0000000 0.0000000
v -0.0626970 -0.0579730 0.1309990
vn 0.0000000 0.0000000 0.0000000
v -0.0674200 -0.0549870 0.1249990
vn 0.0000000 0.0000000 0.0000000
v -0.0782800 -0.0379640 0.1202680
vn 0.0000000 0.0000000 0.0000000
v -0.0810680 -0.0315750 0.1249990
vn 0.0000000 0.0000000 0.0000000
v -0.0767550 -0.0374230 0.1309990
vn 0.0000000 0.0000000 0.0000000
v -0.0810680 -0.0315750 0.1249990
vn 0.0000000 0.0000000 0.0000000
v -0.0859049 -0.0137600 0.1202680
vn 0.0000000 0.0000000 0.0000000
v -0.0868500 -0.0050990 0.1249990
vn 0.0000000 0.0000000 0.0000000
v -0.0842880 -0.0136909 0.1309990
vn 0.0000000 0.0000000 0.0000000
v -0.0868500 -0.0050990 0.1249990
vn 0.0000000 0.0000000 0.0000000
v -0.0862210 0.0116150 0.1202680
vn 0.0000000 0.0000000 0.0000000
v -0.0842060 0.0218720 0.1249990
vn 0.0000000 0.0000000 0.0000000
v -0.0846540 0.0112049 0.1309990
vn 0.0000000 0.0000000 0.0000000
v -0.0842060 0.0218720 0.1249990
vn 0.0000000 0.0000000 0.0000000
v -0.0778230 0.0351480 0.1309990
vn 0.0000000 0.0000000 0.0000000
v -0.0733910 0.0467210 0.1249990
vn 0.0000000 0.0000000 0.0000000
v -0.0585160 0.0643810 0.1225500
vn 0.0000000 0.0000000 0.0000000
v -0.0554539 0.0670360 0.1249990
vn 0.0000000 0.0000000 0.0000000
v -0.0643760 0.0561030 0.1309990
vn 0.0000000 0.0000000 0.0000000
v -0.0554539 0.0670360 0.1249990
vn 0.0000000 0.0000000 0.0000000
v -0.0612900 0.0617450 0.1200000
vn 0.0000000 0.0000000 0.0000000
v -0.0395580 0.1472880 0.1303700
vn 0.0000000 0.0000000 0.0000000
v -0.0554539 0.0670360 0.1249990
vn 0.0000000 0.0000000 0.0000000
v -0.0585160 0.0643810 0.1225500
vn 0.0000000 0.0000000 0.0000000
v -0.0468390 0.0718100 0.1303620
vn 0.0000000 0.0000000 0.0000000
v -0.0468390 0.0718100 0.1303620
vn 0.0000000 0.0000000 0.0000000
v -0.0564229 0.1471790 0.1191030
vn 0.0000000 0.0000000 0.0000000
v -0.0612900 0.0617450 0.1200000
vn 0.0000000 0.0000000 0.0000000
v -0.0619300 0.0614729 0.1193270
vn 0.0000000 0.0000000 0.0000000
v -0.0862210 0.0116150 0.1202680
vn 0.0000000 0.0000000 0.0000000
v -0.0868450 0.0106850 0.1194020
vn 0.0000000 0.0000000 0.0000000
v -0.0859049 -0.0137600 0.1202680
vn 0.0000000 0.0000000 0.0000000
v -0.0861820 -0.0151280 0.1194020
vn 0.0000000 0.0000000 0.0000000
v -0.0782800 -0.0379640 0.1202680
vn 0.0000000 0.0000000 0.0000000
v -0.0780139 -0.0396240 0.1194020
vn 0.0000000 0.0000000 0.0000000
v -0.0639950 -0.0589380 0.1202680
vn 0.0000000 0.0000000 0.0000000
v -0.0630510 -0.0606700 0.1194020
vn 0.0000000 0.0000000 0.0000000
v -0.0442640 -0.0748980 0.1202680
vn 0.0000000 0.0000000 0.0000000
v -0.0425970 -0.0764310 0.1194020
vn 0.0000000 0.0000000 0.0000000
v -0.0547450 0.2522850 0.1128410
vn 0.0000000 0.0000000 0.0000000
v -0.0543000 0.2521870 0.1130000
vn 0.0000000 0.0000000 0.0000000
v -0.0547820 0.2468140 0.1128080
vn 0.0000000 0.0000000 0.0000000
v -0.0542930 0.2524540 0.1130510
vn 0.0000000 0.0000000 0.0000000
v -0.0543000 0.2521870 0.1130000
vn 0.0000000 0.0000000 0.0000000
v -0.0059290 -0.0239960 0.1369990
vn 0.0000000 0.0000000 0.0000000
v -0.0201790 -0.0248189 0.1369990
vn 0.0000000 0.0000000 0.0000000
v -0.0178110 -0.0175000 0.1369990
vn 0.0000000 0.0000000 0.0000000
v -0.0213460 -0.0175000 0.1355350
vn 0.0000000 0.0000000 0.0000000
v -0.0178110 -0.0175000 0.1369990
vn 0.0000000 0.0000000 0.0000000
v -0.0201790 -0.0248189 0.1369990
vn 0.0000000 0.0000000 0.0000000
v 0.0016650 -0.0226110 0.1369990
vn 0.0000000 0.0000000 0.0000000
v -0.0201780 -0.0101810 0.1369990
vn 0.0000000 0.0000000 0.0000000
v -0.0225469 -0.0130179 0.1355350
vn 0.0000000 0.0000000 0.0000000
v -0.0201780 -0.0101810 0.1369990
vn 0.0000000 0.0000000 0.0000000
v -0.0178110 -0.0175000 0.1369990
vn 0.0000000 0.0000000 0.0000000
v -0.0022430 -0.0227030 0.1369990
vn 0.0000000 0.0000000 0.0000000
v -0.0213460 -0.0175000 0.1355350
vn 0.0000000 0.0000000 0.0000000
v -0.0090370 -0.0263660 0.1369990
vn 0.0000000 0.0000000 0.0000000
v -0.0264360 -0.0293820 0.1369990
vn 0.0000000 0.0000000 0.0000000
v -0.0258290 -0.0252629 0.1355350
vn 0.0000000 0.0000000 0.0000000
v -0.0264360 -0.0293820 0.1369990
vn 0.0000000 0.0000000 0.0000000
v -0.0225469 -0.0219820 0.1355350
vn 0.0000000 0.0000000 0.0000000
v -0.0112620 -0.0295810 0.1369990
vn 0.0000000 0.0000000 0.0000000
v -0.0341850 -0.0293830 0.1369990
vn 0.0000000 0.0000000 0.0000000
v -0.0303110 -0.0264640 0.1355350
vn 0.0000000 0.0000000 0.0000000
v -0.0341850 -0.0293830 0.1369990
vn 0.0000000 0.0000000 0.0000000
v -0.0710190 -0.0241060 0.1369990
vn 0.0000000 0.0000000 0.0000000
v -0.0404430 -0.0248189 0.1369990
vn 0.0000000 0.0000000 0.0000000
v -0.0347929 -0.0252629 0.1355350
vn 0.0000000 0.0000000 0.0000000
v -0.0404430 -0.0248189 0.1369990
vn 0.0000000 0.0000000 0.0000000
v -0.0123850 -0.0333260 0.1369990
vn 0.0000000 0.0000000 0.0000000
v -0.0428110 -0.0175000 0.1369990
vn 0.0000000 0.0000000 0.0000000
v -0.0380739 -0.0219820 0.1355350
vn 0.0000000 0.0000000 0.0000000
v -0.0428110 -0.0175000 0.1369990
vn 0.0000000 0.0000000 0.0000000
v -0.0750000 0.0000340 0.1369990
vn 0.0000000 0.0000000 0.0000000
v -0.0404430 -0.0101810 0.1369990
vn 0.0000000 0.0000000 0.0000000
v -0.0392750 -0.0175000 0.1355350
vn 0.0000000 0.0000000 0.0000000
v -0.0428110 -0.0175000 0.1369990
vn 0.0000000 0.0000000 0.0000000
v -0.0404430 -0.0101810 0.1369990
vn 0.0000000 0.0000000 0.0000000
v -0.0392750 -0.0175000 0.1355350
vn 0.0000000 0.0000000 0.0000000
v -0.0341850 -0.0056180 0.1369990
vn 0.0000000 0.0000000 0.0000000
v -0.0347929 -0.0097370 0.1355350
vn 0.0000000 0.0000000 0.0000000
v -0.0341850 -0.0056180 0.1369990
vn 0.0000000 0.0000000 0.0000000
v -0.0380739 -0.0130179 0.1355350
vn 0.0000000 0.0000000 0.0000000
v -0.0264360 -0.0056170 0.1369990
vn 0.0000000 0.0000000 0.0000000
v -0.0303110 -0.0085360 0.1355350
vn 0.0000000 0.0000000 0.0000000
v -0.0264360 -0.0056170 0.1369990
vn 0.0000000 0.0000000 0.0000000
v -0.0258290 -0.0097370 0.1355350
vn 0.0000000 0.0000000 0.0000000
v -0.0341850 0.0056170 0.1369990
vn 0.0000000 0.0000000 0.0000000
v -0.0201790 0.0101810 0.1369990
vn 0.0000000 0.0000000 0.0000000
v -0.0178110 0.0175000 0.1369990
vn 0.0000000 0.0000000 0.0000000
v -0.0213460 0.0175000 0.1355350
vn 0.0000000 0.0000000 0.0000000
v -0.0178110 0.0175000 0.1369990
vn 0.0000000 0.0000000 0.0000000
v -0.0201790 0.0101810 0.1369990
vn 0.0000000 0.0000000 0.0000000
v -0.0044120 0.0233040 0.1369990
vn 0.0000000 0.0000000 0.0000000
v -0.0201780 0.0248189 0.1369990
vn 0.0000000 0.0000000 0.0000000
v -0.0225469 0.0219820 0.1355350
vn 0.0000000 0.0000000 0.0000000
v -0.0201780 0.0248189 0.1369990
vn 0.0000000 0.0000000 0.0000000
v -0.0178110 0.0175000 0.1369990
vn 0.0000000 0.0000000 0.0000000
v 0.0032040 0.0229170 0.1369990
vn 0.0000000 0.0000000 0.0000000
v -0.0213460 0.0175000 0.1355350
vn 0.0000000 0.0000000 0.0000000
v -0.0264360 0.0056180 0.1369990
vn 0.0000000 0.0000000 0.0000000
v -0.0258290 0.0097370 0.1355350
vn 0.0000000 0.0000000 0.0000000
v -0.0264360 0.0056180 0.1369990
vn 0.0000000 0.0000000 0.0000000
v -0.0225469 0.0130179 0.1355350
vn 0.0000000 0.0000000 0.0000000
v -0.0303110 0.0085360 0.1355350
vn 0.0000000 0.0000000 0.0000000
v -0.0341850 0.0056170 0.1369990
vn 0.0000000 0.0000000 0.0000000
v -0.0709980 0.0241690 0.1369990
vn 0.0000000 0.0000000 0.0000000
v -0.0404430 0.0101810 0.1369990
vn 0.0000000 0.0000000 0.0000000
v -0.0347929 0.0097370 0.1355350
vn 0.0000000 0.0000000 0.0000000
v -0.0404430 0.0101810 0.1369990
vn 0.0000000 0.0000000 0.0000000
v -0.0428110 0.0175000 0.1369990
vn 0.0000000 0.0000000 0.0000000
v -0.0380739 0.0130179 0.1355350
vn 0.0000000 0.0000000 0.0000000
v -0.0428110 0.0175000 0.1369990
vn 0.0000000 0.0000000 0.0000000
v -0.0404430 0.0248189 0.1369990
vn 0.0000000 0.0000000 0.0000000
v -0.0392750 0.0175000 0.1355350
vn 0.0000000 0.0000000 0.0000000
v -0.0428110 0.0175000 0.1369990
vn 0.0000000 0.0000000 0.0000000
v -0.0404430 0.0248189 0.1369990
vn 0.0000000 0.0000000 0.0000000
v -0.0392750 0.0175000 0.1355350
vn 0.0000000 0.0000000 0.0000000
v -0.0594489 0.0457219 0.1369990
vn 0.0000000 0.0000000 0.0000000
v -0.0341850 0.0293820 0.1369990
vn 0.0000000 0.0000000 0.0000000
v -0.0347929 0.0252629 0.1355350
vn 0.0000000 0.0000000 0.0000000
v -0.0341850 0.0293820 0.1369990
vn 0.0000000 0.0000000 0.0000000
v -0.0380739 0.0219820 0.1355350
vn 0.0000000 0.0000000 0.0000000
v -0.0264360 0.0293830 0.1369990
vn 0.0000000 0.0000000 0.0000000
v -0.0303110 0.0264640 0.1355350
vn 0.0000000 0.0000000 0.0000000
v -0.0264360 0.0293830 0.1369990
vn 0.0000000 0.0000000 0.0000000
v -0.0104009 0.0280660 0.1369990
vn 0.0000000 0.0000000 0.0000000
v -0.0258290 0.0252629 0.1355350
vn 0.0000000 0.0000000 0.0000000
v -0.0124930 0.0354270 0.1369990
vn 0.0000000 0.0000000 0.0000000
v -0.0193019 0.0724720 0.1369990
vn 0.0000000 0.0000000 0.0000000
v 0.0049580 0.0748359 0.1369990
vn 0.0000000 0.0000000 0.0000000
v 0.0040120 0.0468390 0.1369990
vn 0.0000000 0.0000000 0.0000000
v -0.0415850 0.0624130 0.1369990
vn 0.0000000 0.0000000 0.0000000
v -0.0036080 0.0469680 0.1369990
vn 0.0000000 0.0000000 0.0000000
v 0.0050610 0.0770120 0.1368000
vn 0.0000000 0.0000000 0.0000000
v 0.0049580 0.0748359 0.1369990
vn 0.0000000 0.0000000 0.0000000
v -0.0193019 0.0724720 0.1369990
vn 0.0000000 0.0000000 0.0000000
v -0.0223409 0.0758920 0.1362730
vn 0.0000000 0.0000000 0.0000000
v -0.0415850 0.0624130 0.1369990
vn 0.0000000 0.0000000 0.0000000
v -0.0087520 0.0787750 0.1362180
vn 0.0000000 0.0000000 0.0000000
v 0.0050900 0.0791120 0.1362110
vn 0.0000000 0.0000000 0.0000000
v -0.0517130 0.0623370 0.1353950
vn 0.0000000 0.0000000 0.0000000
v -0.0594489 0.0457219 0.1369990
vn 0.0000000 0.0000000 0.0000000
v -0.0305780 0.0744769 0.1356590
vn 0.0000000 0.0000000 0.0000000
v -0.0684120 0.0433570 0.1353950
vn 0.0000000 0.0000000 0.0000000
v -0.0709980 0.0241690 0.1369990
vn 0.0000000 0.0000000 0.0000000
v -0.0099050 0.0426260 0.1369990
vn 0.0000000 0.0000000 0.0000000
v -0.0784470 0.0201540 0.1353950
vn 0.0000000 0.0000000 0.0000000
v -0.0750000 0.0000340 0.1369990
vn 0.0000000 0.0000000 0.0000000
v -0.0808390 -0.0050120 0.1353950
vn 0.0000000 0.0000000 0.0000000
v -0.0710190 -0.0241060 0.1369990
vn 0.0000000 0.0000000 0.0000000
v -0.0086369 -0.0440340 0.1369990
vn 0.0000000 0.0000000 0.0000000
v -0.0594880 -0.0456720 0.1369990
vn 0.0000000 0.0000000 0.0000000
v -0.0753560 -0.0296900 0.1353950
vn 0.0000000 0.0000000 0.0000000
v -0.0594880 -0.0456720 0.1369990
vn 0.0000000 0.0000000 0.0000000
v -0.0110050 -0.0409239 0.1369990
vn 0.0000000 0.0000000 0.0000000
v -0.0122960 -0.0372350 0.1369990
vn 0.0000000 0.0000000 0.0000000
v -0.0416350 -0.0623799 0.1369990
vn 0.0000000 0.0000000 0.0000000
v -0.0625330 -0.0514760 0.1353950
vn 0.0000000 0.0000000 0.0000000
v -0.0416350 -0.0623799 0.1369990
vn 0.0000000 0.0000000 0.0000000
v -0.0054240 -0.0462600 0.1369990
vn 0.0000000 0.0000000 0.0000000
v -0.0193560 -0.0724580 0.1369990
vn 0.0000000 0.0000000 0.0000000
v -0.0436170 -0.0682470 0.1353950
vn 0.0000000 0.0000000 0.0000000
v -0.0193560 -0.0724580 0.1369990
vn 0.0000000 0.0000000 0.0000000
v -0.0204520 -0.0783700 0.1353950
vn 0.0000000 0.0000000 0.0000000
v 0.0049019 -0.0748400 0.1369990
vn 0.0000000 0.0000000 0.0000000
v 0.0046980 -0.0808870 0.1353810
vn 0.0000000 0.0000000 0.0000000
v -0.0110050 -0.0409239 0.1369990
vn 0.0000000 0.0000000 0.0000000
v -0.0122960 -0.0372350 0.1369990
vn 0.0000000 0.0000000 0.0000000
v -0.0123850 -0.0333260 0.1369990
vn 0.0000000 0.0000000 0.0000000
v -0.0112620 -0.0295810 0.1369990
vn 0.0000000 0.0000000 0.0000000
v -0.0528780 0.2530900 0.1130000
vn 0.0000000 0.0000000 0.0000000
v -0.0543000 0.2521870 0.1130000
vn 0.0000000 0.0000000 0.0000000
v -0.0370819 0.2414030 0.1271930
vn 0.0000000 0.0000000 0.0000000
v -0.0205740 0.2414910 0.1298780
vn 0.0000000 0.0000000 0.0000000
v -0.0195110 0.1586710 0.1339020
vn 0.0000000 0.0000000 0.0000000
v -0.0205740 0.2452980 0.1282130
vn 0.0000000 0.0000000 0.0000000
v -0.0205740 0.2414910 0.1298780
vn 0.0000000 0.0000000 0.0000000
v -0.0370819 0.2414030 0.1271930
vn 0.0000000 0.0000000 0.0000000
v -0.0196730 0.1470790 0.1343330
vn 0.0000000 0.0000000 0.0000000
v -0.0223409 0.0758920 0.1362730
vn 0.0000000 0.0000000 0.0000000
v -0.0305780 0.0744769 0.1356590
vn 0.0000000 0.0000000 0.0000000
v -0.0223409 0.0758920 0.1362730
vn 0.0000000 0.0000000 0.0000000
v -0.0363650 0.0739810 0.1344180
vn 0.0000000 0.0000000 0.0000000
v -0.0532780 0.2530900 0.1131250
vn 0.0000000 0.0000000 0.0000000
v -0.0530710 0.2559210 0.1134570
vn 0.0000000 0.0000000 0.0000000
v -0.0528780 0.2551400 0.1130000
vn 0.0000000 0.0000000 0.0000000
v -0.0535350 0.2551400 0.1134570
vn 0.0000000 0.0000000 0.0000000
v -0.0528780 0.2551400 0.1130000
vn 0.0000000 0.0000000 0.0000000
v -0.0528780 0.2530900 0.1130000
vn 0.0000000 0.0000000 0.0000000
v -0.0524160 0.2560960 0.1134570
vn 0.0000000 0.0000000 0.0000000
v -0.0527210 0.2553660 0.1130000
vn 0.0000000 0.0000000 0.0000000
v -0.0516060 0.2412890 0.1196230
vn 0.0000000 0.0000000 0.0000000
v -0.0398940 0.2452980 0.1243590
vn 0.0000000 0.0000000 0.0000000
v -0.0516060 0.2412890 0.1196230
vn 0.0000000 0.0000000 0.0000000
v -0.0630810 0.2411590 0.1079030
vn 0.0000000 0.0000000 0.0000000
v -0.0562610 0.2452980 0.1134000
vn 0.0000000 0.0000000 0.0000000
v -0.0630810 0.2411590 0.1079030
vn 0.0000000 0.0000000 0.0000000
v -0.0708720 0.0570800 0.1062740
vn 0.0000000 0.0000000 0.0000000
v -0.0739900 0.0777280 0.0896290
vn 0.0000000 0.0000000 0.0000000
v -0.0739540 0.0734770 0.0920100
vn 0.0000000 0.0000000 0.0000000
v -0.0738950 0.0681580 0.0943910
vn 0.0000000 0.0000000 0.0000000
v -0.0524160 0.2559350 0.1132050
vn 0.0000000 0.0000000 0.0000000
v -0.0738920 0.0679090 0.0944930
vn 0.0000000 0.0000000 0.0000000
v -0.0750850 0.0514120 0.0944880
vn 0.0000000 0.0000000 0.0000000
v -0.0627330 0.0659210 0.1180000
vn 0.0000000 0.0000000 0.0000000
v -0.0621320 0.0661189 0.1186820
vn 0.0000000 0.0000000 0.0000000
v -0.0619140 0.0653199 0.1190000
vn 0.0000000 0.0000000 0.0000000
v -0.0455090 0.0722430 0.1310160
vn 0.0000000 0.0000000 0.0000000
v -0.0739090 0.0676830 0.0941170
vn 0.0000000 0.0000000 0.0000000
v -0.0738890 0.0677529 0.0939280
vn 0.0000000 0.0000000 0.0000000
v -0.0738950 0.0681580 0.0943910
vn 0.0000000 0.0000000 0.0000000
v -0.0739090 0.0676830 0.0941170
vn 0.0000000 0.0000000 0.0000000
v -0.0738950 0.0681580 0.0943910
vn 0.0000000 0.0000000 0.0000000
v -0.0751050 0.0513830 0.0943000
vn 0.0000000 0.0000000 0.0000000
v -0.0738920 0.0679090 0.0944930
vn 0.0000000 0.0000000 0.0000000
v -0.0508440 0.2554400 0.1130000
vn 0.0000000 0.0000000 0.0000000
v -0.0744470 0.0599790 0.0944900
vn 0.0000000 0.0000000 0.0000000
v -0.0744470 0.0599790 0.0944900
vn 0.0000000 0.0000000 0.0000000
v -0.0750850 0.0514120 0.0944880
vn 0.0000000 0.0000000 0.0000000
v -0.0741250 0.0527869 0.1061650
vn 0.0000000 0.0000000 0.0000000
v -0.0750850 0.0514120 0.0944880
vn 0.0000000 0.0000000 0.0000000
v -0.0708720 0.0570800 0.1062740
vn 0.0000000 0.0000000 0.0000000
v -0.0780000 0.0468720 0.0943000
vn 0.0000000 0.0000000 0.0000000
v -0.0751050 0.0513830 0.0943000
vn 0.0000000 0.0000000 0.0000000
v -0.0646500 0.0640420 0.1180000
vn 0.0000000 0.0000000 0.0000000
v -0.0627330 0.0659210 0.1180000
vn 0.0000000 0.0000000 0.0000000
v -0.0708980 0.0570480 0.1120970
vn 0.0000000 0.0000000 0.0000000
v -0.0666320 0.0619780 0.1180000
vn 0.0000000 0.0000000 0.0000000
v -0.0646500 0.0640420 0.1180000
vn 0.0000000 0.0000000 0.0000000
v -0.0627330 0.0659210 0.1180000
vn 0.0000000 0.0000000 0.0000000
v -0.0621320 0.0661189 0.1186820
vn 0.0000000 0.0000000 0.0000000
v -0.0661710 0.0620420 0.1187070
vn 0.0000000 0.0000000 0.0000000
v -0.0619140 0.0653199 0.1190000
vn 0.0000000 0.0000000 0.0000000
v -0.0527210 0.2553660 0.1130000
vn 0.0000000 0.0000000 0.0000000
v -0.0524160 0.2554400 0.1130000
vn 0.0000000 0.0000000 0.0000000
v -0.0504930 0.2553450 0.1130000
vn 0.0000000 0.0000000 0.0000000
v -0.0665330 0.0620739 0.1181140
vn 0.0000000 0.0000000 0.0000000
v -0.0666320 0.0619780 0.1180000
vn 0.0000000 0.0000000 0.0000000
v -0.0620350 0.0638060 0.1190000
vn 0.0000000 0.0000000 0.0000000
v -0.0637910 0.0634870 0.1190000
vn 0.0000000 0.0000000 0.0000000
v -0.0619140 0.0653199 0.1190000
vn 0.0000000 0.0000000 0.0000000
v -0.0620350 0.0638060 0.1190000
vn 0.0000000 0.0000000 0.0000000
v -0.0621570 0.0622939 0.1190000
vn 0.0000000 0.0000000 0.0000000
v -0.0637910 0.0634870 0.1190000
vn 0.0000000 0.0000000 0.0000000
v -0.0621570 0.0622939 0.1190000
vn 0.0000000 0.0000000 0.0000000
v -0.0621570 0.0622939 0.1190000
vn 0.0000000 0.0000000 0.0000000
v -0.0656150 0.0616010 0.1190000
vn 0.0000000 0.0000000 0.0000000
v -0.0455090 0.0722430 0.1310160
vn 0.0000000 0.0000000 0.0000000
v -0.0363650 0.0739810 0.1344180
vn 0.0000000 0.0000000 0.0000000
v 0.0046860 -0.0812230 0.1351800
vn 0.0000000 0.0000000 0.0000000
v 0.0045490 -0.0852700 0.1310000
vn 0.0000000 0.0000000 0.0000000
v -0.0508440 0.2554400 0.1130000
vn 0.0000000 0.0000000 0.0000000
v -0.0528780 0.2551400 0.1130000
vn 0.0000000 0.0000000 0.0000000
v -0.0503630 0.2551400 0.1130000
vn 0.0000000 0.0000000 0.0000000
v -0.0501330 0.2551400 0.1130390
vn 0.0000000 0.0000000 0.0000000
v -0.0503630 0.2551400 0.1130000
vn 0.0000000 0.0000000 0.0000000
v -0.0504930 0.2553450 0.1130000
vn 0.0000000 0.0000000 0.0000000
v -0.0501330 0.2551400 0.1130390
vn 0.0000000 0.0000000 0.0000000
v -0.0501300 0.2475940 0.1130400
vn 0.0000000 0.0000000 0.0000000
v -0.0503630 0.2478160 0.1130000
vn 0.0000000 0.0000000 0.0000000
v -0.0543000 0.2521870 0.1130000
vn 0.0000000 0.0000000 0.0000000
v -0.0533370 0.2524190 0.1130000
vn 0.0000000 0.0000000 0.0000000
v -0.0503630 0.2478160 0.1130000
vn 0.0000000 0.0000000 0.0000000
v -0.0051309 -0.0818370 -0.0933000
vn 0.0000000 0.0000000 0.0000000
v -0.0033560 -0.0829379 -0.0933000
vn 0.0000000 0.0000000 0.0000000
v -0.0050499 -0.0835550 -0.0930070
vn 0.0000000 0.0000000 0.0000000
v -0.0033560 -0.0829379 -0.0933000
vn 0.0000000 0.0000000 0.0000000
v 0.0213820 -0.0801990 -0.0933000
vn 0.0000000 0.0000000 0.0000000
v 0.0213820 -0.0801990 -0.0933000
vn 0.0000000 0.0000000 0.0000000
v 0.0210900 -0.0792420 -0.0933000
vn 0.0000000 0.0000000 0.0000000
v 0.0230210 -0.0786910 -0.0925290
vn 0.0000000 0.0000000 0.0000000
v 0.0213820 -0.0801990 -0.0933000
vn 0.0000000 0.0000000 0.0000000
v 0.0210900 -0.0792420 -0.0933000
vn 0.0000000 0.0000000 0.0000000
v 0.0234470 -0.0796090 -0.0923950
vn 0.0000000 0.0000000 0.0000000
v 0.0215639 -0.0808820 -0.0930070
vn 0.0000000 0.0000000 0.0000000
v 0.0213820 -0.0801990 -0.0933000
vn 0.0000000 0.0000000 0.0000000
v 0.0234470 -0.0796090 -0.0923950
vn 0.0000000 0.0000000 0.0000000
v 0.0215639 -0.0808820 -0.0930070
vn 0.0000000 0.0000000 0.0000000
v 0.0209080 -0.0785580 -0.0930070
vn 0.0000000 0.0000000 0.0000000
v 0.0210900 -0.0792420 -0.0933000
vn 0.0000000 0.0000000 0.0000000
v -0.0051309 -0.0818370 -0.0933000
vn 0.0000000 0.0000000 0.0000000
v 0.0227420 -0.0780490 -0.0922130
vn 0.0000000 0.0000000 0.0000000
v 0.0230210 -0.0786910 -0.0925290
vn 0.0000000 0.0000000 0.0000000
v 0.0210900 -0.0792420 -0.0933000
vn 0.0000000 0.0000000 0.0000000
v 0.0209080 -0.0785580 -0.0930070
vn 0.0000000 0.0000000 0.0000000
v -0.0018250 -0.0812720 -0.0930070
vn 0.0000000 0.0000000 0.0000000
v -0.0763140 0.0354010 0.0923000
vn 0.0000000 0.0000000 0.0000000
v -0.0765250 0.0401040 0.0933000
vn 0.0000000 0.0000000 0.0000000
v -0.0764850 0.0443320 0.0847870
vn 0.0000000 0.0000000 0.0000000
v -0.0764110 0.0348520 0.0924790
vn 0.0000000 0.0000000 0.0000000
v -0.0764010 0.0349120 0.0923000
vn 0.0000000 0.0000000 0.0000000
v -0.0808950 0.0226270 0.0923000
vn 0.0000000 0.0000000 0.0000000
v -0.0763270 0.0351510 0.0923000
vn 0.0000000 0.0000000 0.0000000
v -0.0764010 0.0349120 0.0923000
vn 0.0000000 0.0000000 0.0000000
v -0.0764110 0.0348520 0.0924790
vn 0.0000000 0.0000000 0.0000000
v -0.0830270 0.0106420 0.0930080
vn 0.0000000 0.0000000 0.0000000
v -0.0834160 0.0098840 0.0923000
vn 0.0000000 0.0000000 0.0000000
v -0.0765690 0.0338110 0.0930120
vn 0.0000000 0.0000000 0.0000000
v -0.0764380 0.0346810 0.0926480
vn 0.0000000 0.0000000 0.0000000
v -0.0826420 -0.0133000 0.0930090
vn 0.0000000 0.0000000 0.0000000
v -0.0828570 -0.0138129 0.0923000
vn 0.0000000 0.0000000 0.0000000
v -0.0754950 -0.0361530 0.0930090
vn 0.0000000 0.0000000 0.0000000
v -0.0755920 -0.0366310 0.0923000
vn 0.0000000 0.0000000 0.0000000
v -0.0621689 -0.0560470 0.0930100
vn 0.0000000 0.0000000 0.0000000
v -0.0622020 -0.0564520 0.0923000
vn 0.0000000 0.0000000 0.0000000
v -0.0437570 -0.0713550 0.0930110
vn 0.0000000 0.0000000 0.0000000
v -0.0437510 -0.0717060 0.0923000
vn 0.0000000 0.0000000 0.0000000
v -0.0218420 -0.0811109 0.0923000
vn 0.0000000 0.0000000 0.0000000
v -0.0205320 -0.0814520 0.0917880
vn 0.0000000 0.0000000 0.0000000
v -0.0217640 -0.0808230 0.0930120
vn 0.0000000 0.0000000 0.0000000
v -0.0218420 -0.0811109 0.0923000
vn 0.0000000 0.0000000 0.0000000
v -0.0205320 -0.0814520 0.0917880
vn 0.0000000 0.0000000 0.0000000
v -0.0217640 -0.0808230 0.0930120
vn 0.0000000 0.0000000 0.0000000
v -0.0198810 -0.0816130 -0.0327500
vn 0.0000000 0.0000000 0.0000000
v -0.0198810 -0.0816130 -0.0322500
vn 0.0000000 0.0000000 0.0000000
v -0.0198970 -0.0813050 0.0922190
vn 0.0000000 0.0000000 0.0000000
v -0.0200370 -0.0815750 0.0910800
vn 0.0000000 0.0000000 0.0000000
v -0.0198810 -0.0816130 0.0897500
vn 0.0000000 0.0000000 0.0000000
v -0.0198810 -0.0816130 0.0903000
vn 0.0000000 0.0000000 0.0000000
v -0.0200370 -0.0815750 0.0910800
vn 0.0000000 0.0000000 0.0000000
v -0.0198810 -0.0816130 0.0903000
vn 0.0000000 0.0000000 0.0000000
v -0.0198810 -0.0816130 0.0727500
vn 0.0000000 0.0000000 0.0000000
v -0.0198810 -0.0816130 0.0722500
vn 0.0000000 0.0000000 0.0000000
v -0.0198810 -0.0816130 0.0552500
vn 0.0000000 0.0000000 0.0000000
v -0.0198810 -0.0816130 0.0547500
vn 0.0000000 0.0000000 0.0000000
v -0.0198810 -0.0816130 0.0377499
vn 0.0000000 0.0000000 0.0000000
v -0.0198810 -0.0816130 0.0372500
vn 0.0000000 0.0000000 0.0000000
v -0.0198810 -0.0816130 0.0202500
vn 0.0000000 0.0000000 0.0000000
v -0.0198810 -0.0816130 0.0197500
vn 0.0000000 0.0000000 0.0000000
v -0.0198810 -0.0816130 0.0027500
vn 0.0000000 0.0000000 0.0000000
v -0.0198810 -0.0816130 0.0022500
vn 0.0000000 0.0000000 0.0000000
v -0.0198810 -0.0816130 -0.0147500
vn 0.0000000 0.0000000 0.0000000
v -0.0198810 -0.0816130 -0.0152500
vn 0.0000000 0.0000000 0.0000000
v -0.0191190 -0.0814930 0.0897500
vn 0.0000000 0.0000000 0.0000000
v -0.0198810 -0.0816130 0.0903000
vn 0.0000000 0.0000000 0.0000000
v -0.0198810 -0.0816130 0.0897500
vn 0.0000000 0.0000000 0.0000000
v -0.0191190 -0.0814930 0.0903000
vn 0.0000000 0.0000000 0.0000000
v -0.0191190 -0.0814930 0.0903000
vn 0.0000000 0.0000000 0.0000000
v -0.0191110 -0.0817970 0.0751270
vn 0.0000000 0.0000000 0.0000000
v -0.0186960 -0.0818930 0.0868910
vn 0.0000000 0.0000000 0.0000000
v -0.0191190 -0.0814930 0.0897500
vn 0.0000000 0.0000000 0.0000000
v -0.0198810 -0.0816130 0.0897500
vn 0.0000000 0.0000000 0.0000000
v -0.0186960 -0.0818930 0.0868910
vn 0.0000000 0.0000000 0.0000000
v -0.0159250 -0.0824770 0.0767500
vn 0.0000000 0.0000000 0.0000000
v -0.0159250 -0.0824770 0.0857500
vn 0.0000000 0.0000000 0.0000000
v -0.0181740 -0.0817150 0.0874160
vn 0.0000000 0.0000000 0.0000000
v -0.0159250 -0.0824770 0.0857500
vn 0.0000000 0.0000000 0.0000000
v -0.0177510 -0.0821029 0.0763020
vn 0.0000000 0.0000000 0.0000000
v 0.0029319 -0.0839490 0.0767500
vn 0.0000000 0.0000000 0.0000000
v 0.0029319 -0.0839490 0.0857500
vn 0.0000000 0.0000000 0.0000000
v -0.0158700 -0.0821890 0.0864569
vn 0.0000000 0.0000000 0.0000000
v -0.0159250 -0.0824770 0.0857500
vn 0.0000000 0.0000000 0.0000000
v 0.0029319 -0.0839490 0.0857500
vn 0.0000000 0.0000000 0.0000000
v -0.0158700 -0.0821890 0.0864569
vn 0.0000000 0.0000000 0.0000000
v -0.0033730 -0.0836380 0.0864590
vn 0.0000000 0.0000000 0.0000000
v 0.0216400 -0.0811649 0.0767500
vn 0.0000000 0.0000000 0.0000000
v 0.0029319 -0.0839490 0.0767500
vn 0.0000000 0.0000000 0.0000000
v -0.0033730 -0.0836420 0.0760460
vn 0.0000000 0.0000000 0.0000000
v -0.0159250 -0.0824770 0.0767500
vn 0.0000000 0.0000000 0.0000000
v -0.0158700 -0.0821929 0.0760470
vn 0.0000000 0.0000000 0.0000000
v -0.0159250 -0.0824770 0.0767500
vn 0.0000000 0.0000000 0.0000000
v -0.0177510 -0.0821029 0.0763020
vn 0.0000000 0.0000000 0.0000000
v -0.0158700 -0.0821929 0.0760470
vn 0.0000000 0.0000000 0.0000000
v -0.0181750 -0.0817169 0.0750860
vn 0.0000000 0.0000000 0.0000000
v -0.0191110 -0.0817970 0.0751270
vn 0.0000000 0.0000000 0.0000000
v -0.0198810 -0.0816130 0.0727500
vn 0.0000000 0.0000000 0.0000000
v -0.0191190 -0.0814930 0.0722500
vn 0.0000000 0.0000000 0.0000000
v -0.0198810 -0.0816130 0.0727500
vn 0.0000000 0.0000000 0.0000000
v -0.0198810 -0.0816130 0.0722500
vn 0.0000000 0.0000000 0.0000000
v -0.0191190 -0.0814930 0.0727500
vn 0.0000000 0.0000000 0.0000000
v -0.0191190 -0.0814930 0.0727500
vn 0.0000000 0.0000000 0.0000000
v -0.0191110 -0.0817970 0.0576270
vn 0.0000000 0.0000000 0.0000000
v -0.0186960 -0.0818930 0.0693910
vn 0.0000000 0.0000000 0.0000000
v -0.0191190 -0.0814930 0.0722500
vn 0.0000000 0.0000000 0.0000000
v -0.0198810 -0.0816130 0.0722500
vn 0.0000000 0.0000000 0.0000000
v -0.0186960 -0.0818930 0.0693910
vn 0.0000000 0.0000000 0.0000000
v -0.0159250 -0.0824770 0.0592500
vn 0.0000000 0.0000000 0.0000000
v -0.0159250 -0.0824770 0.0682500
vn 0.0000000 0.0000000 0.0000000
v -0.0181740 -0.0817150 0.0699160
vn 0.0000000 0.0000000 0.0000000
v -0.0159250 -0.0824770 0.0682500
vn 0.0000000 0.0000000 0.0000000
v -0.0177510 -0.0821029 0.0588019
vn 0.0000000 0.0000000 0.0000000
v 0.0029319 -0.0839490 0.0592500
vn 0.0000000 0.0000000 0.0000000
v 0.0029319 -0.0839490 0.0682500
vn 0.0000000 0.0000000 0.0000000
v -0.0158700 -0.0821890 0.0689570
vn 0.0000000 0.0000000 0.0000000
v -0.0159250 -0.0824770 0.0682500
vn 0.0000000 0.0000000 0.0000000
v 0.0029319 -0.0839490 0.0682500
vn 0.0000000 0.0000000 0.0000000
v -0.0158700 -0.0821890 0.0689570
vn 0.0000000 0.0000000 0.0000000
v -0.0033730 -0.0836380 0.0689590
vn 0.0000000 0.0000000 0.0000000
v 0.0215639 -0.0808820 0.0585430
vn 0.0000000 0.0000000 0.0000000
v 0.0216400 -0.0811649 0.0592500
vn 0.0000000 0.0000000 0.0000000
v 0.0029319 -0.0839490 0.0592500
vn 0.0000000 0.0000000 0.0000000
v -0.0033730 -0.0836420 0.0585459
vn 0.0000000 0.0000000 0.0000000
v -0.0159250 -0.0824770 0.0592500
vn 0.0000000 0.0000000 0.0000000
v 0.0092000 -0.0832010 0.0585440
vn 0.0000000 0.0000000 0.0000000
v -0.0158700 -0.0821929 0.0585470
vn 0.0000000 0.0000000 0.0000000
v -0.0159250 -0.0824770 0.0592500
vn 0.0000000 0.0000000 0.0000000
v -0.0177510 -0.0821029 0.0588019
vn 0.0000000 0.0000000 0.0000000
v -0.0158700 -0.0821929 0.0585470
vn 0.0000000 0.0000000 0.0000000
v -0.0181750 -0.0817169 0.0575860
vn 0.0000000 0.0000000 0.0000000
v -0.0191110 -0.0817970 0.0576270
vn 0.0000000 0.0000000 0.0000000
v -0.0198810 -0.0816130 0.0552500
vn 0.0000000 0.0000000 0.0000000
v -0.0191190 -0.0814930 0.0547500
vn 0.0000000 0.0000000 0.0000000
v -0.0198810 -0.0816130 0.0552500
vn 0.0000000 0.0000000 0.0000000
v -0.0198810 -0.0816130 0.0547500
vn 0.0000000 0.0000000 0.0000000
v -0.0191190 -0.0814930 0.0552500
vn 0.0000000 0.0000000 0.0000000
v -0.0191190 -0.0814930 0.0552500
vn 0.0000000 0.0000000 0.0000000
v -0.0191110 -0.0817970 0.0401270
vn 0.0000000 0.0000000 0.0000000
v -0.0186960 -0.0818930 0.0518910
vn 0.0000000 0.0000000 0.0000000
v -0.0191190 -0.0814930 0.0547500
vn 0.0000000 0.0000000 0.0000000
v -0.0198810 -0.0816130 0.0547500
vn 0.0000000 0.0000000 0.0000000
v -0.0186960 -0.0818930 0.0518910
vn 0.0000000 0.0000000 0.0000000
v -0.0159250 -0.0824770 0.0417500
vn 0.0000000 0.0000000 0.0000000
v -0.0159250 -0.0824770 0.0507500
vn 0.0000000 0.0000000 0.0000000
v -0.0181740 -0.0817150 0.0524160
vn 0.0000000 0.0000000 0.0000000
v -0.0159250 -0.0824770 0.0507500
vn 0.0000000 0.0000000 0.0000000
v -0.0177510 -0.0821029 0.0413020
vn 0.0000000 0.0000000 0.0000000
v 0.0029319 -0.0839490 0.0417500
vn 0.0000000 0.0000000 0.0000000
v 0.0029319 -0.0839490 0.0507500
vn 0.0000000 0.0000000 0.0000000
v -0.0158700 -0.0821890 0.0514570
vn 0.0000000 0.0000000 0.0000000
v -0.0159250 -0.0824770 0.0507500
vn 0.0000000 0.0000000 0.0000000
v 0.0029319 -0.0839490 0.0507500
vn 0.0000000 0.0000000 0.0000000
v -0.0158700 -0.0821890 0.0514570
vn 0.0000000 0.0000000 0.0000000
v 0.0091990 -0.0831970 0.0514600
vn 0.0000000 0.0000000 0.0000000
v 0.0216400 -0.0811649 0.0507500
vn 0.0000000 0.0000000 0.0000000
v -0.0033730 -0.0836380 0.0514590
vn 0.0000000 0.0000000 0.0000000
v 0.0215630 -0.0808770 0.0514620
vn 0.0000000 0.0000000 0.0000000
v 0.0215639 -0.0808820 0.0410430
vn 0.0000000 0.0000000 0.0000000
v 0.0216400 -0.0811649 0.0417500
vn 0.0000000 0.0000000 0.0000000
v 0.0029319 -0.0839490 0.0417500
vn 0.0000000 0.0000000 0.0000000
v -0.0033730 -0.0836420 0.0410460
vn 0.0000000 0.0000000 0.0000000
v -0.0159250 -0.0824770 0.0417500
vn 0.0000000 0.0000000 0.0000000
v 0.0092000 -0.0832010 0.0410440
vn 0.0000000 0.0000000 0.0000000
v -0.0158700 -0.0821929 0.0410470
vn 0.0000000 0.0000000 0.0000000
v -0.0159250 -0.0824770 0.0417500
vn 0.0000000 0.0000000 0.0000000
v -0.0177510 -0.0821029 0.0413020
vn 0.0000000 0.0000000 0.0000000
v -0.0158700 -0.0821929 0.0410470
vn 0.0000000 0.0000000 0.0000000
v -0.0181750 -0.0817169 0.0400860
vn 0.0000000 0.0000000 0.0000000
v -0.0191110 -0.0817970 0.0401270
vn 0.0000000 0.0000000 0.0000000
v -0.0198810 -0.0816130 0.0377499
vn 0.0000000 0.0000000 0.0000000
v -0.0191190 -0.0814930 0.0372500
vn 0.0000000 0.0000000 0.0000000
v -0.0198810 -0.0816130 0.0377499
vn 0.0000000 0.0000000 0.0000000
v -0.0198810 -0.0816130 0.0372500
vn 0.0000000 0.0000000 0.0000000
v -0.0191190 -0.0814930 0.0377499
vn 0.0000000 0.0000000 0.0000000
v -0.0191190 -0.0814930 0.0377499
vn 0.0000000 0.0000000 0.0000000
v -0.0191110 -0.0817970 0.0226270
vn 0.0000000 0.0000000 0.0000000
v -0.0186960 -0.0818930 0.0343910
vn 0.0000000 0.0000000 0.0000000
v -0.0191190 -0.0814930 0.0372500
vn 0.0000000 0.0000000 0.0000000
v -0.0198810 -0.0816130 0.0372500
vn 0.0000000 0.0000000 0.0000000
v -0.0186960 -0.0818930 0.0343910
vn 0.0000000 0.0000000 0.0000000
v -0.0159250 -0.0824770 0.0242500
vn 0.0000000 0.0000000 0.0000000
v -0.0159250 -0.0824770 0.0332500
vn 0.0000000 0.0000000 0.0000000
v -0.0181740 -0.0817150 0.0349160
vn 0.0000000 0.0000000 0.0000000
v -0.0159250 -0.0824770 0.0332500
vn 0.0000000 0.0000000 0.0000000
v -0.0177510 -0.0821029 0.0238020
vn 0.0000000 0.0000000 0.0000000
v 0.0029319 -0.0839490 0.0242500
vn 0.0000000 0.0000000 0.0000000
v 0.0029319 -0.0839490 0.0332500
vn 0.0000000 0.0000000 0.0000000
v -0.0158700 -0.0821890 0.0339570
vn 0.0000000 0.0000000 0.0000000
v -0.0159250 -0.0824770 0.0332500
vn 0.0000000 0.0000000 0.0000000
v 0.0029319 -0.0839490 0.0332500
vn 0.0000000 0.0000000 0.0000000
v -0.0158700 -0.0821890 0.0339570
vn 0.0000000 0.0000000 0.0000000
v 0.0091990 -0.0831970 0.0339600
vn 0.0000000 0.0000000 0.0000000
v 0.0216400 -0.0811649 0.0332500
vn 0.0000000 0.0000000 0.0000000
v -0.0033730 -0.0836380 0.0339590
vn 0.0000000 0.0000000 0.0000000
v 0.0215630 -0.0808770 0.0339620
vn 0.0000000 0.0000000 0.0000000
v 0.0215639 -0.0808820 0.0235430
vn 0.0000000 0.0000000 0.0000000
v 0.0216400 -0.0811649 0.0242500
vn 0.0000000 0.0000000 0.0000000
v 0.0029319 -0.0839490 0.0242500
vn 0.0000000 0.0000000 0.0000000
v -0.0033730 -0.0836420 0.0235460
vn 0.0000000 0.0000000 0.0000000
v -0.0159250 -0.0824770 0.0242500
vn 0.0000000 0.0000000 0.0000000
v 0.0092000 -0.0832010 0.0235440
vn 0.0000000 0.0000000 0.0000000
v -0.0158700 -0.0821929 0.0235470
vn 0.0000000 0.0000000 0.0000000
v -0.0159250 -0.0824770 0.0242500
vn 0.0000000 0.0000000 0.0000000
v -0.0177510 -0.0821029 0.0238020
vn 0.0000000 0.0000000 0.0000000
v -0.0158700 -0.0821929 0.0235470
vn 0.0000000 0.0000000 0.0000000
v -0.0181750 -0.0817169 0.0225860
vn 0.0000000 0.0000000 0.0000000
v -0.0191110 -0.0817970 0.0226270
vn 0.0000000 0.0000000 0.0000000
v -0.0198810 -0.0816130 0.0202500
vn 0.0000000 0.0000000 0.0000000
v -0.0191190 -0.0814930 0.0197500
vn 0.0000000 0.0000000 0.0000000
v -0.0198810 -0.0816130 0.0202500
vn 0.0000000 0.0000000 0.0000000
v -0.0198810 -0.0816130 0.0197500
vn 0.0000000 0.0000000 0.0000000
v -0.0191190 -0.0814930 0.0202500
vn 0.0000000 0.0000000 0.0000000
v -0.0191190 -0.0814930 0.0202500
vn 0.0000000 0.0000000 0.0000000
v -0.0191110 -0.0817970 0.0051269
vn 0.0000000 0.0000000 0.0000000
v -0.0186960 -0.0818930 0.0168910
vn 0.0000000 0.0000000 0.0000000
v -0.0191190 -0.0814930 0.0197500
vn 0.0000000 0.0000000 0.0000000
v -0.0198810 -0.0816130 0.0197500
vn 0.0000000 0.0000000 0.0000000
v -0.0186960 -0.0818930 0.0168910
vn 0.0000000 0.0000000 0.0000000
v -0.0159250 -0.0824770 0.0067500
vn 0.0000000 0.0000000 0.0000000
v -0.0159250 -0.0824770 0.0157500
vn 0.0000000 0.0000000 0.0000000
v -0.0181740 -0.0817150 0.0174160
vn 0.0000000 0.0000000 0.0000000
v -0.0159250 -0.0824770 0.0157500
vn 0.0000000 0.0000000 0.0000000
v -0.0177510 -0.0821029 0.0063020
vn 0.0000000 0.0000000 0.0000000
v 0.0029319 -0.0839490 0.0067500
vn 0.0000000 0.0000000 0.0000000
v 0.0029319 -0.0839490 0.0157500
vn 0.0000000 0.0000000 0.0000000
v -0.0158700 -0.0821890 0.0164570
vn 0.0000000 0.0000000 0.0000000
v -0.0159250 -0.0824770 0.0157500
vn 0.0000000 0.0000000 0.0000000
v 0.0029319 -0.0839490 0.0157500
vn 0.0000000 0.0000000 0.0000000
v -0.0158700 -0.0821890 0.0164570
vn 0.0000000 0.0000000 0.0000000
v 0.0091990 -0.0831970 0.0164600
vn 0.0000000 0.0000000 0.0000000
v 0.0216400 -0.0811649 0.0157500
vn 0.0000000 0.0000000 0.0000000
v -0.0033730 -0.0836380 0.0164590
vn 0.0000000 0.0000000 0.0000000
v 0.0215630 -0.0808770 0.0164620
vn 0.0000000 0.0000000 0.0000000
v 0.0215639 -0.0808820 0.0060430
vn 0.0000000 0.0000000 0.0000000
v 0.0216400 -0.0811649 0.0067500
vn 0.0000000 0.0000000 0.0000000
v 0.0029319 -0.0839490 0.0067500
vn 0.0000000 0.0000000 0.0000000
v -0.0033730 -0.0836420 0.0060460
vn 0.0000000 0.0000000 0.0000000
v -0.0159250 -0.0824770 0.0067500
vn 0.0000000 0.0000000 0.0000000
v 0.0092000 -0.0832010 0.0060440
vn 0.0000000 0.0000000 0.0000000
v -0.0158700 -0.0821929 0.0060469
vn 0.0000000 0.0000000 0.0000000
v -0.0159250 -0.0824770 0.0067500
vn 0.0000000 0.0000000 0.0000000
v -0.0177510 -0.0821029 0.0063020
vn 0.0000000 0.0000000 0.0000000
v -0.0158700 -0.0821929 0.0060469
vn 0.0000000 0.0000000 0.0000000
v -0.0181750 -0.0817169 0.0050859
vn 0.0000000 0.0000000 0.0000000
v -0.0191110 -0.0817970 0.0051269
vn 0.0000000 0.0000000 0.0000000
v -0.0198810 -0.0816130 0.0027500
vn 0.0000000 0.0000000 0.0000000
v -0.0191190 -0.0814930 0.0022500
vn 0.0000000 0.0000000 0.0000000
v -0.0198810 -0.0816130 0.0027500
vn 0.0000000 0.0000000 0.0000000
v -0.0198810 -0.0816130 0.0022500
vn 0.0000000 0.0000000 0.0000000
v -0.0191190 -0.0814930 0.0027500
vn 0.0000000 0.0000000 0.0000000
v -0.0191190 -0.0814930 0.0027500
vn 0.0000000 0.0000000 0.0000000
v -0.0191110 -0.0817970 -0.0123730
vn 0.0000000 0.0000000 0.0000000
v -0.0186960 -0.0818930 -0.0006090
vn 0.0000000 0.0000000 0.0000000
v -0.0191190 -0.0814930 0.0022500
vn 0.0000000 0.0000000 0.0000000
v -0.0198810 -0.0816130 0.0022500
vn 0.0000000 0.0000000 0.0000000
v -0.0186960 -0.0818930 -0.0006090
vn 0.0000000 0.0000000 0.0000000
v -0.0159250 -0.0824770 -0.0107500
vn 0.0000000 0.0000000 0.0000000
v -0.0159250 -0.0824770 -0.0017500
vn 0.0000000 0.0000000 0.0000000
v -0.0181740 -0.0817150 -0.0000840
vn 0.0000000 0.0000000 0.0000000
v -0.0159250 -0.0824770 -0.0017500
vn 0.0000000 0.0000000 0.0000000
v -0.0177510 -0.0821029 -0.0111980
vn 0.0000000 0.0000000 0.0000000
v 0.0029319 -0.0839490 -0.0107500
vn 0.0000000 0.0000000 0.0000000
v 0.0029319 -0.0839490 -0.0017500
vn 0.0000000 0.0000000 0.0000000
v -0.0158700 -0.0821890 -0.0010430
vn 0.0000000 0.0000000 0.0000000
v -0.0159250 -0.0824770 -0.0017500
vn 0.0000000 0.0000000 0.0000000
v 0.0029319 -0.0839490 -0.0017500
vn 0.0000000 0.0000000 0.0000000
v -0.0158700 -0.0821890 -0.0010430
vn 0.0000000 0.0000000 0.0000000
v 0.0216400 -0.0811649 -0.0107500
vn 0.0000000 0.0000000 0.0000000
v 0.0216400 -0.0811649 -0.0017500
vn 0.0000000 0.0000000 0.0000000
v 0.0091990 -0.0831970 -0.0010400
vn 0.0000000 0.0000000 0.0000000
v 0.0216400 -0.0811649 -0.0017500
vn 0.0000000 0.0000000 0.0000000
v -0.0033730 -0.0836380 -0.0010410
vn 0.0000000 0.0000000 0.0000000
v 0.0224010 -0.0809580 -0.0105920
vn 0.0000000 0.0000000 0.0000000
v 0.0230020 -0.0807890 -0.0023180
vn 0.0000000 0.0000000 0.0000000
v 0.0215630 -0.0808770 -0.0010380
vn 0.0000000 0.0000000 0.0000000
v 0.0216400 -0.0811649 -0.0017500
vn 0.0000000 0.0000000 0.0000000
v 0.0215630 -0.0808770 -0.0010380
vn 0.0000000 0.0000000 0.0000000
v 0.0235900 -0.0806200 -0.0087500
vn 0.0000000 0.0000000 0.0000000
v 0.0235900 -0.0806200 -0.0037500
vn 0.0000000 0.0000000 0.0000000
v 0.0230900 -0.0807640 -0.0100880
vn 0.0000000 0.0000000 0.0000000
v 0.0235900 -0.0806200 -0.0087500
vn 0.0000000 0.0000000 0.0000000
v 0.0241890 -0.0801340 -0.0087500
vn 0.0000000 0.0000000 0.0000000
v 0.0235900 -0.0806200 -0.0087500
vn 0.0000000 0.0000000 0.0000000
v 0.0230900 -0.0807640 -0.0100880
vn 0.0000000 0.0000000 0.0000000
v 0.0234200 -0.0803630 -0.0106670
vn 0.0000000 0.0000000 0.0000000
v 0.0224010 -0.0809580 -0.0105920
vn 0.0000000 0.0000000 0.0000000
v 0.0216400 -0.0811649 -0.0107500
vn 0.0000000 0.0000000 0.0000000
v 0.0215639 -0.0808820 -0.0114570
vn 0.0000000 0.0000000 0.0000000
v 0.0216400 -0.0811649 -0.0107500
vn 0.0000000 0.0000000 0.0000000
v 0.0029319 -0.0839490 -0.0107500
vn 0.0000000 0.0000000 0.0000000
v 0.0215639 -0.0808820 -0.0114570
vn 0.0000000 0.0000000 0.0000000
v -0.0033730 -0.0836420 -0.0114540
vn 0.0000000 0.0000000 0.0000000
v -0.0159250 -0.0824770 -0.0107500
vn 0.0000000 0.0000000 0.0000000
v 0.0092000 -0.0832010 -0.0114560
vn 0.0000000 0.0000000 0.0000000
v -0.0158700 -0.0821929 -0.0114530
vn 0.0000000 0.0000000 0.0000000
v -0.0159250 -0.0824770 -0.0107500
vn 0.0000000 0.0000000 0.0000000
v -0.0177510 -0.0821029 -0.0111980
vn 0.0000000 0.0000000 0.0000000
v -0.0158700 -0.0821929 -0.0114530
vn 0.0000000 0.0000000 0.0000000
v -0.0181750 -0.0817169 -0.0124140
vn 0.0000000 0.0000000 0.0000000
v -0.0191110 -0.0817970 -0.0123730
vn 0.0000000 0.0000000 0.0000000
v -0.0198810 -0.0816130 -0.0147500
vn 0.0000000 0.0000000 0.0000000
v -0.0191190 -0.0814930 -0.0152500
vn 0.0000000 0.0000000 0.0000000
v -0.0198810 -0.0816130 -0.0147500
vn 0.0000000 0.0000000 0.0000000
v -0.0198810 -0.0816130 -0.0152500
vn 0.0000000 0.0000000 0.0000000
v -0.0191190 -0.0814930 -0.0147500
vn 0.0000000 0.0000000 0.0000000
v -0.0191190 -0.0814930 -0.0147500
vn 0.0000000 0.0000000 0.0000000
v -0.0191110 -0.0817970 -0.0298730
vn 0.0000000 0.0000000 0.0000000
v -0.0186960 -0.0818930 -0.0181090
vn 0.0000000 0.0000000 0.0000000
v -0.0191190 -0.0814930 -0.0152500
vn 0.0000000 0.0000000 0.0000000
v -0.0198810 -0.0816130 -0.0152500
vn 0.0000000 0.0000000 0.0000000
v -0.0186960 -0.0818930 -0.0181090
vn 0.0000000 0.0000000 0.0000000
v -0.0159250 -0.0824770 -0.0282500
vn 0.0000000 0.0000000 0.0000000
v -0.0159250 -0.0824770 -0.0192500
vn 0.0000000 0.0000000 0.0000000
v -0.0181740 -0.0817150 -0.0175840
vn 0.0000000 0.0000000 0.0000000
v -0.0159250 -0.0824770 -0.0192500
vn 0.0000000 0.0000000 0.0000000
v -0.0177510 -0.0821029 -0.0286980
vn 0.0000000 0.0000000 0.0000000
v 0.0029319 -0.0839490 -0.0282500
vn 0.0000000 0.0000000 0.0000000
v 0.0029319 -0.0839490 -0.0192500
vn 0.0000000 0.0000000 0.0000000
v -0.0158700 -0.0821890 -0.0185430
vn 0.0000000 0.0000000 0.0000000
v -0.0159250 -0.0824770 -0.0192500
vn 0.0000000 0.0000000 0.0000000
v 0.0029319 -0.0839490 -0.0192500
vn 0.0000000 0.0000000 0.0000000
v -0.0158700 -0.0821890 -0.0185430
vn 0.0000000 0.0000000 0.0000000
v 0.0216400 -0.0811649 -0.0282500
vn 0.0000000 0.0000000 0.0000000
v 0.0216400 -0.0811649 -0.0192500
vn 0.0000000 0.0000000 0.0000000
v 0.0091990 -0.0831970 -0.0185400
vn 0.0000000 0.0000000 0.0000000
v 0.0216400 -0.0811649 -0.0192500
vn 0.0000000 0.0000000 0.0000000
v -0.0033730 -0.0836380 -0.0185410
vn 0.0000000 0.0000000 0.0000000
v 0.0224010 -0.0809580 -0.0280920
vn 0.0000000 0.0000000 0.0000000
v 0.0230020 -0.0807890 -0.0198179
vn 0.0000000 0.0000000 0.0000000
v 0.0215630 -0.0808770 -0.0185380
vn 0.0000000 0.0000000 0.0000000
v 0.0216400 -0.0811649 -0.0192500
vn 0.0000000 0.0000000 0.0000000
v 0.0230020 -0.0807890 -0.0198179
vn 0.0000000 0.0000000 0.0000000
v 0.0215630 -0.0808770 -0.0185380
vn 0.0000000 0.0000000 0.0000000
v 0.0235900 -0.0806200 -0.0262500
vn 0.0000000 0.0000000 0.0000000
v 0.0235900 -0.0806200 -0.0212499
vn 0.0000000 0.0000000 0.0000000
v 0.0234210 -0.0803600 -0.0193310
vn 0.0000000 0.0000000 0.0000000
v 0.0235900 -0.0806200 -0.0212499
vn 0.0000000 0.0000000 0.0000000
v 0.0230900 -0.0807640 -0.0275880
vn 0.0000000 0.0000000 0.0000000
v 0.0241890 -0.0801340 -0.0262500
vn 0.0000000 0.0000000 0.0000000
v 0.0235900 -0.0806200 -0.0212499
vn 0.0000000 0.0000000 0.0000000
v 0.0235900 -0.0806200 -0.0262500
vn 0.0000000 0.0000000 0.0000000
v 0.0241890 -0.0801340 -0.0212499
vn 0.0000000 0.0000000 0.0000000
v 0.0241890 -0.0801340 -0.0212499
vn 0.0000000 0.0000000 0.0000000
v 0.0241890 -0.0801340 -0.0262500
vn 0.0000000 0.0000000 0.0000000
v 0.0235900 -0.0806200 -0.0262500
vn 0.0000000 0.0000000 0.0000000
v 0.0230900 -0.0807640 -0.0275880
vn 0.0000000 0.0000000 0.0000000
v 0.0234200 -0.0803630 -0.0281669
vn 0.0000000 0.0000000 0.0000000
v 0.0224010 -0.0809580 -0.0280920
vn 0.0000000 0.0000000 0.0000000
v 0.0216400 -0.0811649 -0.0282500
vn 0.0000000 0.0000000 0.0000000
v 0.0215639 -0.0808820 -0.0289569
vn 0.0000000 0.0000000 0.0000000
v 0.0216400 -0.0811649 -0.0282500
vn 0.0000000 0.0000000 0.0000000
v 0.0029319 -0.0839490 -0.0282500
vn 0.0000000 0.0000000 0.0000000
v 0.0215639 -0.0808820 -0.0289569
vn 0.0000000 0.0000000 0.0000000
v -0.0033730 -0.0836420 -0.0289540
vn 0.0000000 0.0000000 0.0000000
v -0.0159250 -0.0824770 -0.0282500
vn 0.0000000 0.0000000 0.0000000
v 0.0092000 -0.0832010 -0.0289560
vn 0.0000000 0.0000000 0.0000000
v -0.0158700 -0.0821929 -0.0289530
vn 0.0000000 0.0000000 0.0000000
v -0.0159250 -0.0824770 -0.0282500
vn 0.0000000 0.0000000 0.0000000
v -0.0177510 -0.0821029 -0.0286980
vn 0.0000000 0.0000000 0.0000000
v -0.0158700 -0.0821929 -0.0289530
vn 0.0000000 0.0000000 0.0000000
v -0.0181750 -0.0817169 -0.0299140
vn 0.0000000 0.0000000 0.0000000
v -0.0191110 -0.0817970 -0.0298730
vn 0.0000000 0.0000000 0.0000000
v -0.0198810 -0.0816130 -0.0322500
vn 0.0000000 0.0000000 0.0000000
v -0.0191190 -0.0814930 -0.0327500
vn 0.0000000 0.0000000 0.0000000
v -0.0198810 -0.0816130 -0.0322500
vn 0.0000000 0.0000000 0.0000000
v -0.0198810 -0.0816130 -0.0327500
vn 0.0000000 0.0000000 0.0000000
v -0.0191190 -0.0814930 -0.0322500
vn 0.0000000 0.0000000 0.0000000
v -0.0191190 -0.0814930 -0.0322500
vn 0.0000000 0.0000000 0.0000000
v -0.0015340 -0.0839860 -0.0923000
vn 0.0000000 0.0000000 0.0000000
v -0.0186960 -0.0818930 -0.0356089
vn 0.0000000 0.0000000 0.0000000
v -0.0191190 -0.0814930 -0.0327500
vn 0.0000000 0.0000000 0.0000000
v -0.0198810 -0.0816130 -0.0327500
vn 0.0000000 0.0000000 0.0000000
v -0.0186960 -0.0818930 -0.0356089
vn 0.0000000 0.0000000 0.0000000
v -0.0159250 -0.0824770 -0.0367500
vn 0.0000000 0.0000000 0.0000000
v -0.0181740 -0.0817150 -0.0350839
vn 0.0000000 0.0000000 0.0000000
v -0.0159250 -0.0824770 -0.0367500
vn 0.0000000 0.0000000 0.0000000
v 0.0029319 -0.0839490 -0.0367500
vn 0.0000000 0.0000000 0.0000000
v -0.0158700 -0.0821890 -0.0360430
vn 0.0000000 0.0000000 0.0000000
v -0.0159250 -0.0824770 -0.0367500
vn 0.0000000 0.0000000 0.0000000
v 0.0029319 -0.0839490 -0.0367500
vn 0.0000000 0.0000000 0.0000000
v -0.0158700 -0.0821890 -0.0360430
vn 0.0000000 0.0000000 0.0000000
v 0.0216400 -0.0811649 -0.0923000
vn 0.0000000 0.0000000 0.0000000
v 0.0216400 -0.0811649 -0.0367500
vn 0.0000000 0.0000000 0.0000000
v 0.0091990 -0.0831970 -0.0360399
vn 0.0000000 0.0000000 0.0000000
v 0.0216400 -0.0811649 -0.0367500
vn 0.0000000 0.0000000 0.0000000
v -0.0033730 -0.0836380 -0.0360410
vn 0.0000000 0.0000000 0.0000000
v 0.0230360 -0.0807789 -0.0916970
vn 0.0000000 0.0000000 0.0000000
v 0.0230020 -0.0807890 -0.0373180
vn 0.0000000 0.0000000 0.0000000
v 0.0215630 -0.0808770 -0.0360380
vn 0.0000000 0.0000000 0.0000000
v 0.0216400 -0.0811649 -0.0367500
vn 0.0000000 0.0000000 0.0000000
v 0.0230020 -0.0807890 -0.0373180
vn 0.0000000 0.0000000 0.0000000
v 0.0215630 -0.0808770 -0.0360380
vn 0.0000000 0.0000000 0.0000000
v 0.0235900 -0.0806200 -0.0903000
vn 0.0000000 0.0000000 0.0000000
v 0.0235900 -0.0806200 -0.0387500
vn 0.0000000 0.0000000 0.0000000
v 0.0234210 -0.0803600 -0.0368310
vn 0.0000000 0.0000000 0.0000000
v 0.0235900 -0.0806200 -0.0387500
vn 0.0000000 0.0000000 0.0000000
v 0.0241890 -0.0801340 -0.0903000
vn 0.0000000 0.0000000 0.0000000
v 0.0235900 -0.0806200 -0.0387500
vn 0.0000000 0.0000000 0.0000000
v 0.0235900 -0.0806200 -0.0903000
vn 0.0000000 0.0000000 0.0000000
v 0.0241890 -0.0801340 -0.0387500
vn 0.0000000 0.0000000 0.0000000
v 0.0241890 -0.0801340 -0.0387500
vn 0.0000000 0.0000000 0.0000000
v 0.0241890 -0.0801340 -0.0903000
vn 0.0000000 0.0000000 0.0000000
v 0.0235900 -0.0806200 -0.0903000
vn 0.0000000 0.0000000 0.0000000
v 0.0230360 -0.0807789 -0.0916970
vn 0.0000000 0.0000000 0.0000000
v 0.0234200 -0.0803630 -0.0922170
vn 0.0000000 0.0000000 0.0000000
v 0.0216400 -0.0811649 -0.0923000
vn 0.0000000 0.0000000 0.0000000
v 0.0216400 -0.0811649 -0.0923000
vn 0.0000000 0.0000000 0.0000000
v -0.0015340 -0.0839860 -0.0923000
vn 0.0000000 0.0000000 0.0000000
v 0.0215750 -0.0780740 -0.0369080
vn 0.0000000 0.0000000 0.0000000
v 0.0221079 -0.0779250 -0.0917860
vn 0.0000000 0.0000000 0.0000000
v 0.0208320 -0.0782750 -0.0923000
vn 0.0000000 0.0000000 0.0000000
v 0.0208320 -0.0782750 -0.0923000
vn 0.0000000 0.0000000 0.0000000
v 0.0221079 -0.0779250 -0.0917860
vn 0.0000000 0.0000000 0.0000000
v 0.0208320 -0.0782750 -0.0367500
vn 0.0000000 0.0000000 0.0000000
v -0.0050850 -0.0808400 -0.0923000
vn 0.0000000 0.0000000 0.0000000
v -0.0050850 -0.0808400 -0.0923000
vn 0.0000000 0.0000000 0.0000000
v 0.0208320 -0.0782750 -0.0923000
vn 0.0000000 0.0000000 0.0000000
v 0.0222490 -0.0778850 -0.0374120
vn 0.0000000 0.0000000 0.0000000
v 0.0225860 -0.0777870 -0.0910780
vn 0.0000000 0.0000000 0.0000000
v 0.0225860 -0.0777870 -0.0910780
vn 0.0000000 0.0000000 0.0000000
v 0.0227359 -0.0777440 -0.0387500
vn 0.0000000 0.0000000 0.0000000
v 0.0227359 -0.0777440 -0.0903000
vn 0.0000000 0.0000000 0.0000000
v 0.0227359 -0.0777440 -0.0903000
vn 0.0000000 0.0000000 0.0000000
v 0.0234970 -0.0778260 -0.0387500
vn 0.0000000 0.0000000 0.0000000
v 0.0227359 -0.0777440 -0.0903000
vn 0.0000000 0.0000000 0.0000000
v 0.0227359 -0.0777440 -0.0387500
vn 0.0000000 0.0000000 0.0000000
v 0.0234970 -0.0778260 -0.0903000
vn 0.0000000 0.0000000 0.0000000
v 0.0234970 -0.0778260 -0.0903000
vn 0.0000000 0.0000000 0.0000000
v 0.0234970 -0.0778260 -0.0387500
vn 0.0000000 0.0000000 0.0000000
v 0.0227359 -0.0777440 -0.0387500
vn 0.0000000 0.0000000 0.0000000
v 0.0222490 -0.0778850 -0.0374120
vn 0.0000000 0.0000000 0.0000000
v 0.0227420 -0.0780490 -0.0368370
vn 0.0000000 0.0000000 0.0000000
v 0.0215750 -0.0780740 -0.0369080
vn 0.0000000 0.0000000 0.0000000
v 0.0208320 -0.0782750 -0.0367500
vn 0.0000000 0.0000000 0.0000000
v 0.0028270 -0.0809510 -0.0367500
vn 0.0000000 0.0000000 0.0000000
v 0.0209080 -0.0785580 -0.0360430
vn 0.0000000 0.0000000 0.0000000
v 0.0208320 -0.0782750 -0.0367500
vn 0.0000000 0.0000000 0.0000000
v 0.0028270 -0.0809510 -0.0367500
vn 0.0000000 0.0000000 0.0000000
v 0.0209080 -0.0785580 -0.0360430
vn 0.0000000 0.0000000 0.0000000
v -0.0153210 -0.0795380 -0.0367500
vn 0.0000000 0.0000000 0.0000000
v -0.0032640 -0.0812260 -0.0360450
vn 0.0000000 0.0000000 0.0000000
v -0.0153210 -0.0795380 -0.0367500
vn 0.0000000 0.0000000 0.0000000
v 0.0089220 -0.0808010 -0.0360440
vn 0.0000000 0.0000000 0.0000000
v -0.0153760 -0.0798230 -0.0360450
vn 0.0000000 0.0000000 0.0000000
v -0.0153210 -0.0795380 -0.0367500
vn 0.0000000 0.0000000 0.0000000
v -0.0170320 -0.0791890 -0.0363390
vn 0.0000000 0.0000000 0.0000000
v -0.0153760 -0.0798230 -0.0360450
vn 0.0000000 0.0000000 0.0000000
v -0.0176360 -0.0793570 -0.0350780
vn 0.0000000 0.0000000 0.0000000
v -0.0183909 -0.0788850 -0.0351820
vn 0.0000000 0.0000000 0.0000000
v -0.0191820 -0.0786960 -0.0327500
vn 0.0000000 0.0000000 0.0000000
v -0.0191820 -0.0786960 -0.0322500
vn 0.0000000 0.0000000 0.0000000
v -0.0185680 -0.0791430 -0.0322500
vn 0.0000000 0.0000000 0.0000000
v -0.0191820 -0.0786960 -0.0327500
vn 0.0000000 0.0000000 0.0000000
v -0.0191820 -0.0786960 -0.0322500
vn 0.0000000 0.0000000 0.0000000
v -0.0185680 -0.0791430 -0.0327500
vn 0.0000000 0.0000000 0.0000000
v -0.0185680 -0.0791430 -0.0327500
vn 0.0000000 0.0000000 0.0000000
v -0.0183909 -0.0788850 -0.0176820
vn 0.0000000 0.0000000 0.0000000
v -0.0187890 -0.0787910 -0.0304860
vn 0.0000000 0.0000000 0.0000000
v -0.0185680 -0.0791430 -0.0322500
vn 0.0000000 0.0000000 0.0000000
v -0.0191820 -0.0786960 -0.0322500
vn 0.0000000 0.0000000 0.0000000
v -0.0187890 -0.0787910 -0.0304860
vn 0.0000000 0.0000000 0.0000000
v -0.0191820 -0.0786960 -0.0152500
vn 0.0000000 0.0000000 0.0000000
v -0.0176780 -0.0790470 -0.0290770
vn 0.0000000 0.0000000 0.0000000
v -0.0176369 -0.0793580 -0.0299250
vn 0.0000000 0.0000000 0.0000000
v -0.0176780 -0.0790470 -0.0290770
vn 0.0000000 0.0000000 0.0000000
v -0.0153210 -0.0795380 -0.0192500
vn 0.0000000 0.0000000 0.0000000
v -0.0153210 -0.0795380 -0.0282500
vn 0.0000000 0.0000000 0.0000000
v -0.0153210 -0.0795380 -0.0282500
vn 0.0000000 0.0000000 0.0000000
v -0.0170320 -0.0791890 -0.0188390
vn 0.0000000 0.0000000 0.0000000
v 0.0028270 -0.0809510 -0.0192500
vn 0.0000000 0.0000000 0.0000000
v 0.0028270 -0.0809510 -0.0282500
vn 0.0000000 0.0000000 0.0000000
v -0.0153770 -0.0798250 -0.0289569
vn 0.0000000 0.0000000 0.0000000
v -0.0153210 -0.0795380 -0.0282500
vn 0.0000000 0.0000000 0.0000000
v 0.0028270 -0.0809510 -0.0282500
vn 0.0000000 0.0000000 0.0000000
v -0.0153770 -0.0798250 -0.0289569
vn 0.0000000 0.0000000 0.0000000
v 0.0208320 -0.0782750 -0.0192500
vn 0.0000000 0.0000000 0.0000000
v 0.0208320 -0.0782750 -0.0282500
vn 0.0000000 0.0000000 0.0000000
v 0.0089220 -0.0808020 -0.0289569
vn 0.0000000 0.0000000 0.0000000
v 0.0208320 -0.0782750 -0.0282500
vn 0.0000000 0.0000000 0.0000000
v -0.0032640 -0.0812270 -0.0289569
vn 0.0000000 0.0000000 0.0000000
v 0.0215750 -0.0780740 -0.0194080
vn 0.0000000 0.0000000 0.0000000
v 0.0221630 -0.0779090 -0.0276810
vn 0.0000000 0.0000000 0.0000000
v 0.0209080 -0.0785580 -0.0289569
vn 0.0000000 0.0000000 0.0000000
v 0.0208320 -0.0782750 -0.0282500
vn 0.0000000 0.0000000 0.0000000
v 0.0221630 -0.0779090 -0.0276810
vn 0.0000000 0.0000000 0.0000000
v 0.0209080 -0.0785580 -0.0289569
vn 0.0000000 0.0000000 0.0000000
v 0.0227359 -0.0777440 -0.0212499
vn 0.0000000 0.0000000 0.0000000
v 0.0227359 -0.0777440 -0.0262500
vn 0.0000000 0.0000000 0.0000000
v 0.0227420 -0.0780490 -0.0281630
vn 0.0000000 0.0000000 0.0000000
v 0.0227359 -0.0777440 -0.0262500
vn 0.0000000 0.0000000 0.0000000
v 0.0222490 -0.0778850 -0.0199120
vn 0.0000000 0.0000000 0.0000000
v 0.0234970 -0.0778260 -0.0212499
vn 0.0000000 0.0000000 0.0000000
v 0.0227359 -0.0777440 -0.0262500
vn 0.0000000 0.0000000 0.0000000
v 0.0227359 -0.0777440 -0.0212499
vn 0.0000000 0.0000000 0.0000000
v 0.0234970 -0.0778260 -0.0262500
vn 0.0000000 0.0000000 0.0000000
v 0.0234970 -0.0778260 -0.0262500
vn 0.0000000 0.0000000 0.0000000
v 0.0234970 -0.0778260 -0.0212499
vn 0.0000000 0.0000000 0.0000000
v 0.0227359 -0.0777440 -0.0212499
vn 0.0000000 0.0000000 0.0000000
v 0.0222490 -0.0778850 -0.0199120
vn 0.0000000 0.0000000 0.0000000
v 0.0227420 -0.0780490 -0.0193370
vn 0.0000000 0.0000000 0.0000000
v 0.0215750 -0.0780740 -0.0194080
vn 0.0000000 0.0000000 0.0000000
v 0.0208320 -0.0782750 -0.0192500
vn 0.0000000 0.0000000 0.0000000
v 0.0209080 -0.0785580 -0.0185430
vn 0.0000000 0.0000000 0.0000000
v 0.0208320 -0.0782750 -0.0192500
vn 0.0000000 0.0000000 0.0000000
v 0.0028270 -0.0809510 -0.0192500
vn 0.0000000 0.0000000 0.0000000
v 0.0209080 -0.0785580 -0.0185430
vn 0.0000000 0.0000000 0.0000000
v -0.0032640 -0.0812260 -0.0185450
vn 0.0000000 0.0000000 0.0000000
v -0.0153210 -0.0795380 -0.0192500
vn 0.0000000 0.0000000 0.0000000
v 0.0089220 -0.0808010 -0.0185439
vn 0.0000000 0.0000000 0.0000000
v -0.0153760 -0.0798230 -0.0185450
vn 0.0000000 0.0000000 0.0000000
v -0.0153210 -0.0795380 -0.0192500
vn 0.0000000 0.0000000 0.0000000
v -0.0170320 -0.0791890 -0.0188390
vn 0.0000000 0.0000000 0.0000000
v -0.0153760 -0.0798230 -0.0185450
vn 0.0000000 0.0000000 0.0000000
v -0.0176360 -0.0793570 -0.0175780
vn 0.0000000 0.0000000 0.0000000
v -0.0183909 -0.0788850 -0.0176820
vn 0.0000000 0.0000000 0.0000000
v -0.0191820 -0.0786960 -0.0152500
vn 0.0000000 0.0000000 0.0000000
v -0.0191820 -0.0786960 -0.0147500
vn 0.0000000 0.0000000 0.0000000
v -0.0185680 -0.0791430 -0.0147500
vn 0.0000000 0.0000000 0.0000000
v -0.0191820 -0.0786960 -0.0152500
vn 0.0000000 0.0000000 0.0000000
v -0.0191820 -0.0786960 -0.0147500
vn 0.0000000 0.0000000 0.0000000
v -0.0185680 -0.0791430 -0.0152500
vn 0.0000000 0.0000000 0.0000000
v -0.0185680 -0.0791430 -0.0152500
vn 0.0000000 0.0000000 0.0000000
v -0.0183909 -0.0788850 -0.0001820
vn 0.0000000 0.0000000 0.0000000
v -0.0187890 -0.0787910 -0.0129860
vn 0.0000000 0.0000000 0.0000000
v -0.0185680 -0.0791430 -0.0147500
vn 0.0000000 0.0000000 0.0000000
v -0.0191820 -0.0786960 -0.0147500
vn 0.0000000 0.0000000 0.0000000
v -0.0187890 -0.0787910 -0.0129860
vn 0.0000000 0.0000000 0.0000000
v -0.0191820 -0.0786960 0.0022500
vn 0.0000000 0.0000000 0.0000000
v -0.0176780 -0.0790470 -0.0115769
vn 0.0000000 0.0000000 0.0000000
v -0.0176369 -0.0793580 -0.0124249
vn 0.0000000 0.0000000 0.0000000
v -0.0176780 -0.0790470 -0.0115769
vn 0.0000000 0.0000000 0.0000000
v -0.0153210 -0.0795380 -0.0017500
vn 0.0000000 0.0000000 0.0000000
v -0.0153210 -0.0795380 -0.0107500
vn 0.0000000 0.0000000 0.0000000
v -0.0153210 -0.0795380 -0.0107500
vn 0.0000000 0.0000000 0.0000000
v -0.0170320 -0.0791890 -0.0013390
vn 0.0000000 0.0000000 0.0000000
v 0.0028270 -0.0809510 -0.0017500
vn 0.0000000 0.0000000 0.0000000
v 0.0028270 -0.0809510 -0.0107500
vn 0.0000000 0.0000000 0.0000000
v -0.0153770 -0.0798250 -0.0114570
vn 0.0000000 0.0000000 0.0000000
v -0.0153210 -0.0795380 -0.0107500
vn 0.0000000 0.0000000 0.0000000
v 0.0028270 -0.0809510 -0.0107500
vn 0.0000000 0.0000000 0.0000000
v -0.0153770 -0.0798250 -0.0114570
vn 0.0000000 0.0000000 0.0000000
v 0.0208320 -0.0782750 -0.0017500
vn 0.0000000 0.0000000 0.0000000
v 0.0208320 -0.0782750 -0.0107500
vn 0.0000000 0.0000000 0.0000000
v 0.0089220 -0.0808020 -0.0114570
vn 0.0000000 0.0000000 0.0000000
v 0.0208320 -0.0782750 -0.0107500
vn 0.0000000 0.0000000 0.0000000
v -0.0032640 -0.0812270 -0.0114570
vn 0.0000000 0.0000000 0.0000000
v 0.0215750 -0.0780740 -0.0019079
vn 0.0000000 0.0000000 0.0000000
v 0.0221630 -0.0779090 -0.0101810
vn 0.0000000 0.0000000 0.0000000
v 0.0209080 -0.0785580 -0.0114570
vn 0.0000000 0.0000000 0.0000000
v 0.0208320 -0.0782750 -0.0107500
vn 0.0000000 0.0000000 0.0000000
v 0.0221630 -0.0779090 -0.0101810
vn 0.0000000 0.0000000 0.0000000
v 0.0209080 -0.0785580 -0.0114570
vn 0.0000000 0.0000000 0.0000000
v 0.0227359 -0.0777440 -0.0037500
vn 0.0000000 0.0000000 0.0000000
v 0.0227359 -0.0777440 -0.0087500
vn 0.0000000 0.0000000 0.0000000
v 0.0227420 -0.0780490 -0.0106630
vn 0.0000000 0.0000000 0.0000000
v 0.0227359 -0.0777440 -0.0087500
vn 0.0000000 0.0000000 0.0000000
v 0.0222490 -0.0778850 -0.0024120
vn 0.0000000 0.0000000 0.0000000
v 0.0234970 -0.0778260 -0.0037500
vn 0.0000000 0.0000000 0.0000000
v 0.0227359 -0.0777440 -0.0087500
vn 0.0000000 0.0000000 0.0000000
v 0.0227359 -0.0777440 -0.0037500
vn 0.0000000 0.0000000 0.0000000
v 0.0234970 -0.0778260 -0.0087500
vn 0.0000000 0.0000000 0.0000000
v 0.0234970 -0.0778260 -0.0087500
vn 0.0000000 0.0000000 0.0000000
v 0.0215750 -0.0780740 -0.0019079
vn 0.0000000 0.0000000 0.0000000
v 0.0208320 -0.0782750 -0.0017500
vn 0.0000000 0.0000000 0.0000000
v 0.0209080 -0.0785580 -0.0010430
vn 0.0000000 0.0000000 0.0000000
v 0.0208320 -0.0782750 -0.0017500
vn 0.0000000 0.0000000 0.0000000
v 0.0028270 -0.0809510 -0.0017500
vn 0.0000000 0.0000000 0.0000000
v 0.0209080 -0.0785580 -0.0010430
vn 0.0000000 0.0000000 0.0000000
v -0.0032640 -0.0812260 -0.0010450
vn 0.0000000 0.0000000 0.0000000
v -0.0153210 -0.0795380 -0.0017500
vn 0.0000000 0.0000000 0.0000000
v 0.0089220 -0.0808010 -0.0010440
vn 0.0000000 0.0000000 0.0000000
v -0.0153760 -0.0798230 -0.0010450
vn 0.0000000 0.0000000 0.0000000
v -0.0153210 -0.0795380 -0.0017500
vn 0.0000000 0.0000000 0.0000000
v -0.0170320 -0.0791890 -0.0013390
vn 0.0000000 0.0000000 0.0000000
v -0.0153760 -0.0798230 -0.0010450
vn 0.0000000 0.0000000 0.0000000
v -0.0176360 -0.0793570 -0.0000780
vn 0.0000000 0.0000000 0.0000000
v -0.0183909 -0.0788850 -0.0001820
vn 0.0000000 0.0000000 0.0000000
v -0.0191820 -0.0786960 0.0022500
vn 0.0000000 0.0000000 0.0000000
v -0.0191820 -0.0786960 0.0027500
vn 0.0000000 0.0000000 0.0000000
v -0.0185680 -0.0791430 0.0027500
vn 0.0000000 0.0000000 0.0000000
v -0.0191820 -0.0786960 0.0022500
vn 0.0000000 0.0000000 0.0000000
v -0.0191820 -0.0786960 0.0027500
vn 0.0000000 0.0000000 0.0000000
v -0.0185680 -0.0791430 0.0022500
vn 0.0000000 0.0000000 0.0000000
v -0.0185680 -0.0791430 0.0022500
vn 0.0000000 0.0000000 0.0000000
v -0.0183909 -0.0788850 0.0173180
vn 0.0000000 0.0000000 0.0000000
v -0.0187890 -0.0787910 0.0045140
vn 0.0000000 0.0000000 0.0000000
v -0.0185680 -0.0791430 0.0027500
vn 0.0000000 0.0000000 0.0000000
v -0.0191820 -0.0786960 0.0027500
vn 0.0000000 0.0000000 0.0000000
v -0.0187890 -0.0787910 0.0045140
vn 0.0000000 0.0000000 0.0000000
v -0.0191820 -0.0786960 0.0197500
vn 0.0000000 0.0000000 0.0000000
v -0.0176780 -0.0790470 0.0059230
vn 0.0000000 0.0000000 0.0000000
v -0.0176369 -0.0793580 0.0050750
vn 0.0000000 0.0000000 0.0000000
v -0.0176780 -0.0790470 0.0059230
vn 0.0000000 0.0000000 0.0000000
v -0.0153210 -0.0795380 0.0157500
vn 0.0000000 0.0000000 0.0000000
v -0.0153210 -0.0795380 0.0067500
vn 0.0000000 0.0000000 0.0000000
v -0.0153210 -0.0795380 0.0067500
vn 0.0000000 0.0000000 0.0000000
v -0.0170320 -0.0791890 0.0161610
vn 0.0000000 0.0000000 0.0000000
v 0.0028270 -0.0809510 0.0157500
vn 0.0000000 0.0000000 0.0000000
v 0.0028270 -0.0809510 0.0067500
vn 0.0000000 0.0000000 0.0000000
v -0.0153770 -0.0798250 0.0060430
vn 0.0000000 0.0000000 0.0000000
v -0.0153210 -0.0795380 0.0067500
vn 0.0000000 0.0000000 0.0000000
v 0.0028270 -0.0809510 0.0067500
vn 0.0000000 0.0000000 0.0000000
v -0.0153770 -0.0798250 0.0060430
vn 0.0000000 0.0000000 0.0000000
v 0.0089220 -0.0808020 0.0060430
vn 0.0000000 0.0000000 0.0000000
v 0.0208320 -0.0782750 0.0067500
vn 0.0000000 0.0000000 0.0000000
v -0.0032640 -0.0812270 0.0060430
vn 0.0000000 0.0000000 0.0000000
v 0.0209080 -0.0785580 0.0060430
vn 0.0000000 0.0000000 0.0000000
v 0.0209080 -0.0785580 0.0164570
vn 0.0000000 0.0000000 0.0000000
v 0.0208320 -0.0782750 0.0157500
vn 0.0000000 0.0000000 0.0000000
v 0.0028270 -0.0809510 0.0157500
vn 0.0000000 0.0000000 0.0000000
v -0.0032640 -0.0812260 0.0164550
vn 0.0000000 0.0000000 0.0000000
v -0.0153210 -0.0795380 0.0157500
vn 0.0000000 0.0000000 0.0000000
v 0.0089220 -0.0808010 0.0164559
vn 0.0000000 0.0000000 0.0000000
v -0.0153760 -0.0798230 0.0164550
vn 0.0000000 0.0000000 0.0000000
v -0.0153210 -0.0795380 0.0157500
vn 0.0000000 0.0000000 0.0000000
v -0.0170320 -0.0791890 0.0161610
vn 0.0000000 0.0000000 0.0000000
v -0.0153760 -0.0798230 0.0164550
vn 0.0000000 0.0000000 0.0000000
v -0.0176360 -0.0793570 0.0174220
vn 0.0000000 0.0000000 0.0000000
v -0.0183909 -0.0788850 0.0173180
vn 0.0000000 0.0000000 0.0000000
v -0.0191820 -0.0786960 0.0197500
vn 0.0000000 0.0000000 0.0000000
v -0.0191820 -0.0786960 0.0202500
vn 0.0000000 0.0000000 0.0000000
v -0.0185680 -0.0791430 0.0202500
vn 0.0000000 0.0000000 0.0000000
v -0.0191820 -0.0786960 0.0197500
vn 0.0000000 0.0000000 0.0000000
v -0.0191820 -0.0786960 0.0202500
vn 0.0000000 0.0000000 0.0000000
v -0.0185680 -0.0791430 0.0197500
vn 0.0000000 0.0000000 0.0000000
v -0.0185680 -0.0791430 0.0197500
vn 0.0000000 0.0000000 0.0000000
v -0.0183909 -0.0788850 0.0348180
vn 0.0000000 0.0000000 0.0000000
v -0.0187890 -0.0787910 0.0220140
vn 0.0000000 0.0000000 0.0000000
v -0.0185680 -0.0791430 0.0202500
vn 0.0000000 0.0000000 0.0000000
v -0.0191820 -0.0786960 0.0202500
vn 0.0000000 0.0000000 0.0000000
v -0.0187890 -0.0787910 0.0220140
vn 0.0000000 0.0000000 0.0000000
v -0.0191820 -0.0786960 0.0372500
vn 0.0000000 0.0000000 0.0000000
v -0.0176780 -0.0790470 0.0234230
vn 0.0000000 0.0000000 0.0000000
v -0.0176369 -0.0793580 0.0225750
vn 0.0000000 0.0000000 0.0000000
v -0.0176780 -0.0790470 0.0234230
vn 0.0000000 0.0000000 0.0000000
v -0.0153210 -0.0795380 0.0332500
vn 0.0000000 0.0000000 0.0000000
v -0.0153210 -0.0795380 0.0242500
vn 0.0000000 0.0000000 0.0000000
v -0.0153210 -0.0795380 0.0242500
vn 0.0000000 0.0000000 0.0000000
v -0.0170320 -0.0791890 0.0336609
vn 0.0000000 0.0000000 0.0000000
v 0.0028270 -0.0809510 0.0332500
vn 0.0000000 0.0000000 0.0000000
v 0.0028270 -0.0809510 0.0242500
vn 0.0000000 0.0000000 0.0000000
v -0.0153770 -0.0798250 0.0235430
vn 0.0000000 0.0000000 0.0000000
v -0.0153210 -0.0795380 0.0242500
vn 0.0000000 0.0000000 0.0000000
v 0.0028270 -0.0809510 0.0242500
vn 0.0000000 0.0000000 0.0000000
v -0.0153770 -0.0798250 0.0235430
vn 0.0000000 0.0000000 0.0000000
v 0.0089220 -0.0808020 0.0235430
vn 0.0000000 0.0000000 0.0000000
v 0.0208320 -0.0782750 0.0242500
vn 0.0000000 0.0000000 0.0000000
v -0.0032640 -0.0812270 0.0235430
vn 0.0000000 0.0000000 0.0000000
v 0.0209080 -0.0785580 0.0235430
vn 0.0000000 0.0000000 0.0000000
v 0.0209080 -0.0785580 0.0339570
vn 0.0000000 0.0000000 0.0000000
v 0.0208320 -0.0782750 0.0332500
vn 0.0000000 0.0000000 0.0000000
v 0.0028270 -0.0809510 0.0332500
vn 0.0000000 0.0000000 0.0000000
v -0.0032640 -0.0812260 0.0339550
vn 0.0000000 0.0000000 0.0000000
v -0.0153210 -0.0795380 0.0332500
vn 0.0000000 0.0000000 0.0000000
v 0.0089220 -0.0808010 0.0339560
vn 0.0000000 0.0000000 0.0000000
v -0.0153760 -0.0798230 0.0339550
vn 0.0000000 0.0000000 0.0000000
v -0.0153210 -0.0795380 0.0332500
vn 0.0000000 0.0000000 0.0000000
v -0.0170320 -0.0791890 0.0336609
vn 0.0000000 0.0000000 0.0000000
v -0.0153760 -0.0798230 0.0339550
vn 0.0000000 0.0000000 0.0000000
v -0.0176360 -0.0793570 0.0349220
vn 0.0000000 0.0000000 0.0000000
v -0.0183909 -0.0788850 0.0348180
vn 0.0000000 0.0000000 0.0000000
v -0.0191820 -0.0786960 0.0372500
vn 0.0000000 0.0000000 0.0000000
v -0.0191820 -0.0786960 0.0377499
vn 0.0000000 0.0000000 0.0000000
v -0.0185680 -0.0791430 0.0377499
vn 0.0000000 0.0000000 0.0000000
v -0.0191820 -0.0786960 0.0372500
vn 0.0000000 0.0000000 0.0000000
v -0.0191820 -0.0786960 0.0377499
vn 0.0000000 0.0000000 0.0000000
v -0.0185680 -0.0791430 0.0372500
vn 0.0000000 0.0000000 0.0000000
v -0.0185680 -0.0791430 0.0372500
vn 0.0000000 0.0000000 0.0000000
v -0.0183909 -0.0788850 0.0523180
vn 0.0000000 0.0000000 0.0000000
v -0.0187890 -0.0787910 0.0395140
vn 0.0000000 0.0000000 0.0000000
v -0.0185680 -0.0791430 0.0377499
vn 0.0000000 0.0000000 0.0000000
v -0.0191820 -0.0786960 0.0377499
vn 0.0000000 0.0000000 0.0000000
v -0.0187890 -0.0787910 0.0395140
vn 0.0000000 0.0000000 0.0000000
v -0.0191820 -0.0786960 0.0547500
vn 0.0000000 0.0000000 0.0000000
v -0.0176780 -0.0790470 0.0409230
vn 0.0000000 0.0000000 0.0000000
v -0.0176369 -0.0793580 0.0400750
vn 0.0000000 0.0000000 0.0000000
v -0.0176780 -0.0790470 0.0409230
vn 0.0000000 0.0000000 0.0000000
v -0.0153210 -0.0795380 0.0507500
vn 0.0000000 0.0000000 0.0000000
v -0.0153210 -0.0795380 0.0417500
vn 0.0000000 0.0000000 0.0000000
v -0.0153210 -0.0795380 0.0417500
vn 0.0000000 0.0000000 0.0000000
v -0.0170320 -0.0791890 0.0511610
vn 0.0000000 0.0000000 0.0000000
v 0.0028270 -0.0809510 0.0507500
vn 0.0000000 0.0000000 0.0000000
v 0.0028270 -0.0809510 0.0417500
vn 0.0000000 0.0000000 0.0000000
v -0.0153770 -0.0798250 0.0410430
vn 0.0000000 0.0000000 0.0000000
v -0.0153210 -0.0795380 0.0417500
vn 0.0000000 0.0000000 0.0000000
v 0.0028270 -0.0809510 0.0417500
vn 0.0000000 0.0000000 0.0000000
v -0.0153770 -0.0798250 0.0410430
vn 0.0000000 0.0000000 0.0000000
v 0.0089220 -0.0808020 0.0410430
vn 0.0000000 0.0000000 0.0000000
v 0.0208320 -0.0782750 0.0417500
vn 0.0000000 0.0000000 0.0000000
v -0.0032640 -0.0812270 0.0410430
vn 0.0000000 0.0000000 0.0000000
v 0.0209080 -0.0785580 0.0410430
vn 0.0000000 0.0000000 0.0000000
v 0.0209080 -0.0785580 0.0514570
vn 0.0000000 0.0000000 0.0000000
v 0.0208320 -0.0782750 0.0507500
vn 0.0000000 0.0000000 0.0000000
v 0.0028270 -0.0809510 0.0507500
vn 0.0000000 0.0000000 0.0000000
v -0.0032640 -0.0812260 0.0514550
vn 0.0000000 0.0000000 0.0000000
v -0.0153210 -0.0795380 0.0507500
vn 0.0000000 0.0000000 0.0000000
v 0.0089220 -0.0808010 0.0514560
vn 0.0000000 0.0000000 0.0000000
v -0.0153760 -0.0798230 0.0514550
vn 0.0000000 0.0000000 0.0000000
v -0.0153210 -0.0795380 0.0507500
vn 0.0000000 0.0000000 0.0000000
v -0.0170320 -0.0791890 0.0511610
vn 0.0000000 0.0000000 0.0000000
v -0.0153760 -0.0798230 0.0514550
vn 0.0000000 0.0000000 0.0000000
v -0.0176360 -0.0793570 0.0524220
vn 0.0000000 0.0000000 0.0000000
v -0.0183909 -0.0788850 0.0523180
vn 0.0000000 0.0000000 0.0000000
v -0.0191820 -0.0786960 0.0547500
vn 0.0000000 0.0000000 0.0000000
v -0.0191820 -0.0786960 0.0552500
vn 0.0000000 0.0000000 0.0000000
v -0.0185680 -0.0791430 0.0552500
vn 0.0000000 0.0000000 0.0000000
v -0.0191820 -0.0786960 0.0547500
vn 0.0000000 0.0000000 0.0000000
v -0.0191820 -0.0786960 0.0552500
vn 0.0000000 0.0000000 0.0000000
v -0.0185680 -0.0791430 0.0547500
vn 0.0000000 0.0000000 0.0000000
v -0.0185680 -0.0791430 0.0547500
vn 0.0000000 0.0000000 0.0000000
v -0.0183909 -0.0788850 0.0698180
vn 0.0000000 0.0000000 0.0000000
v -0.0187890 -0.0787910 0.0570140
vn 0.0000000 0.0000000 0.0000000
v -0.0185680 -0.0791430 0.0552500
vn 0.0000000 0.0000000 0.0000000
v -0.0191820 -0.0786960 0.0552500
vn 0.0000000 0.0000000 0.0000000
v -0.0187890 -0.0787910 0.0570140
vn 0.0000000 0.0000000 0.0000000
v -0.0191820 -0.0786960 0.0722500
vn 0.0000000 0.0000000 0.0000000
v -0.0176780 -0.0790470 0.0584230
vn 0.0000000 0.0000000 0.0000000
v -0.0176369 -0.0793580 0.0575750
vn 0.0000000 0.0000000 0.0000000
v -0.0176780 -0.0790470 0.0584230
vn 0.0000000 0.0000000 0.0000000
v -0.0153210 -0.0795380 0.0682500
vn 0.0000000 0.0000000 0.0000000
v -0.0153210 -0.0795380 0.0592500
vn 0.0000000 0.0000000 0.0000000
v -0.0153210 -0.0795380 0.0592500
vn 0.0000000 0.0000000 0.0000000
v -0.0170320 -0.0791890 0.0686610
vn 0.0000000 0.0000000 0.0000000
v 0.0028270 -0.0809510 0.0682500
vn 0.0000000 0.0000000 0.0000000
v 0.0028270 -0.0809510 0.0592500
vn 0.0000000 0.0000000 0.0000000
v -0.0153770 -0.0798250 0.0585430
vn 0.0000000 0.0000000 0.0000000
v -0.0153210 -0.0795380 0.0592500
vn 0.0000000 0.0000000 0.0000000
v 0.0028270 -0.0809510 0.0592500
vn 0.0000000 0.0000000 0.0000000
v -0.0153770 -0.0798250 0.0585430
vn 0.0000000 0.0000000 0.0000000
v 0.0089220 -0.0808020 0.0585430
vn 0.0000000 0.0000000 0.0000000
v 0.0208320 -0.0782750 0.0592500
vn 0.0000000 0.0000000 0.0000000
v -0.0032640 -0.0812270 0.0585430
vn 0.0000000 0.0000000 0.0000000
v 0.0209080 -0.0785580 0.0585430
vn 0.0000000 0.0000000 0.0000000
v 0.0208320 -0.0782750 0.0682500
vn 0.0000000 0.0000000 0.0000000
v 0.0028270 -0.0809510 0.0682500
vn 0.0000000 0.0000000 0.0000000
v -0.0032640 -0.0812260 0.0689550
vn 0.0000000 0.0000000 0.0000000
v -0.0153210 -0.0795380 0.0682500
vn 0.0000000 0.0000000 0.0000000
v -0.0153760 -0.0798230 0.0689550
vn 0.0000000 0.0000000 0.0000000
v -0.0153210 -0.0795380 0.0682500
vn 0.0000000 0.0000000 0.0000000
v -0.0170320 -0.0791890 0.0686610
vn 0.0000000 0.0000000 0.0000000
v -0.0153760 -0.0798230 0.0689550
vn 0.0000000 0.0000000 0.0000000
v -0.0176360 -0.0793570 0.0699220
vn 0.0000000 0.0000000 0.0000000
v -0.0183909 -0.0788850 0.0698180
vn 0.0000000 0.0000000 0.0000000
v -0.0191820 -0.0786960 0.0722500
vn 0.0000000 0.0000000 0.0000000
v -0.0191820 -0.0786960 0.0727500
vn 0.0000000 0.0000000 0.0000000
v -0.0185680 -0.0791430 0.0727500
vn 0.0000000 0.0000000 0.0000000
v -0.0191820 -0.0786960 0.0722500
vn 0.0000000 0.0000000 0.0000000
v -0.0191820 -0.0786960 0.0727500
vn 0.0000000 0.0000000 0.0000000
v -0.0185680 -0.0791430 0.0722500
vn 0.0000000 0.0000000 0.0000000
v -0.0185680 -0.0791430 0.0722500
vn 0.0000000 0.0000000 0.0000000
v -0.0183909 -0.0788850 0.0873180
vn 0.0000000 0.0000000 0.0000000
v -0.0187890 -0.0787910 0.0745140
vn 0.0000000 0.0000000 0.0000000
v -0.0185680 -0.0791430 0.0727500
vn 0.0000000 0.0000000 0.0000000
v -0.0191820 -0.0786960 0.0727500
vn 0.0000000 0.0000000 0.0000000
v -0.0187890 -0.0787910 0.0745140
vn 0.0000000 0.0000000 0.0000000
v -0.0191820 -0.0786960 0.0897500
vn 0.0000000 0.0000000 0.0000000
v -0.0176780 -0.0790470 0.0759230
vn 0.0000000 0.0000000 0.0000000
v -0.0176369 -0.0793580 0.0750750
vn 0.0000000 0.0000000 0.0000000
v -0.0176780 -0.0790470 0.0759230
vn 0.0000000 0.0000000 0.0000000
v -0.0153210 -0.0795380 0.0857500
vn 0.0000000 0.0000000 0.0000000
v -0.0153210 -0.0795380 0.0767500
vn 0.0000000 0.0000000 0.0000000
v -0.0153210 -0.0795380 0.0767500
vn 0.0000000 0.0000000 0.0000000
v -0.0170320 -0.0791890 0.0861610
vn 0.0000000 0.0000000 0.0000000
v 0.0028270 -0.0809510 0.0857500
vn 0.0000000 0.0000000 0.0000000
v 0.0028270 -0.0809510 0.0767500
vn 0.0000000 0.0000000 0.0000000
v -0.0153770 -0.0798250 0.0760430
vn 0.0000000 0.0000000 0.0000000
v -0.0153210 -0.0795380 0.0767500
vn 0.0000000 0.0000000 0.0000000
v 0.0028270 -0.0809510 0.0767500
vn 0.0000000 0.0000000 0.0000000
v -0.0153770 -0.0798250 0.0760430
vn 0.0000000 0.0000000 0.0000000
v -0.0032640 -0.0812270 0.0760430
vn 0.0000000 0.0000000 0.0000000
v 0.0208320 -0.0782750 0.0857500
vn 0.0000000 0.0000000 0.0000000
v 0.0028270 -0.0809510 0.0857500
vn 0.0000000 0.0000000 0.0000000
v -0.0032640 -0.0812260 0.0864550
vn 0.0000000 0.0000000 0.0000000
v -0.0153210 -0.0795380 0.0857500
vn 0.0000000 0.0000000 0.0000000
v -0.0153760 -0.0798230 0.0864550
vn 0.0000000 0.0000000 0.0000000
v -0.0153210 -0.0795380 0.0857500
vn 0.0000000 0.0000000 0.0000000
v -0.0170320 -0.0791890 0.0861610
vn 0.0000000 0.0000000 0.0000000
v -0.0153760 -0.0798230 0.0864550
vn 0.0000000 0.0000000 0.0000000
v -0.0176360 -0.0793570 0.0874220
vn 0.0000000 0.0000000 0.0000000
v -0.0183909 -0.0788850 0.0873180
vn 0.0000000 0.0000000 0.0000000
v -0.0191820 -0.0786960 0.0897500
vn 0.0000000 0.0000000 0.0000000
v -0.0185650 -0.0791480 0.0903000
vn 0.0000000 0.0000000 0.0000000
v -0.0191820 -0.0786960 0.0897500
vn 0.0000000 0.0000000 0.0000000
v -0.0191820 -0.0786960 0.0903000
vn 0.0000000 0.0000000 0.0000000
v -0.0185680 -0.0791430 0.0897500
vn 0.0000000 0.0000000 0.0000000
v -0.0185680 -0.0791430 0.0897500
vn 0.0000000 0.0000000 0.0000000
v -0.0185650 -0.0791480 0.0903000
vn 0.0000000 0.0000000 0.0000000
v -0.0191820 -0.0786960 0.0903000
vn 0.0000000 0.0000000 0.0000000
v -0.0197270 -0.0785610 0.0916960
vn 0.0000000 0.0000000 0.0000000
v -0.0193289 -0.0789630 0.0922130
vn 0.0000000 0.0000000 0.0000000
v -0.0210960 -0.0782050 0.0923000
vn 0.0000000 0.0000000 0.0000000
v -0.0211730 -0.0784870 0.0930070
vn 0.0000000 0.0000000 0.0000000
v -0.0210960 -0.0782050 0.0923000
vn 0.0000000 0.0000000 0.0000000
v -0.0425430 -0.0689280 0.0923000
vn 0.0000000 0.0000000 0.0000000
v -0.0211730 -0.0784870 0.0930070
vn 0.0000000 0.0000000 0.0000000
v -0.0559900 -0.0589369 0.0930070
vn 0.0000000 0.0000000 0.0000000
v -0.0604500 -0.0539150 0.0923000
vn 0.0000000 0.0000000 0.0000000
v -0.0398000 -0.0708830 0.0930070
vn 0.0000000 0.0000000 0.0000000
v -0.0687500 -0.0433810 0.0930070
vn 0.0000000 0.0000000 0.0000000
v -0.0733250 -0.0344149 0.0923000
vn 0.0000000 0.0000000 0.0000000
v -0.0772990 -0.0251670 0.0930070
vn 0.0000000 0.0000000 0.0000000
v -0.0800980 -0.0120510 0.0923000
vn 0.0000000 0.0000000 0.0000000
v -0.0811130 -0.0054120 0.0930070
vn 0.0000000 0.0000000 0.0000000
v -0.0802060 0.0113160 0.0923000
vn 0.0000000 0.0000000 0.0000000
v -0.0799570 0.0146750 0.0930070
vn 0.0000000 0.0000000 0.0000000
v -0.0736380 0.0337410 0.0923000
vn 0.0000000 0.0000000 0.0000000
v -0.0734790 0.0359710 0.0930070
vn 0.0000000 0.0000000 0.0000000
v -0.0736380 0.0337410 0.0923000
vn 0.0000000 0.0000000 0.0000000
v -0.0732820 0.0348340 0.0923000
vn 0.0000000 0.0000000 0.0000000
v -0.0739040 0.0338629 0.0930070
vn 0.0000000 0.0000000 0.0000000
v -0.0739040 0.0338629 0.0930070
vn 0.0000000 0.0000000 0.0000000
v -0.0213570 -0.0791700 0.0933000
vn 0.0000000 0.0000000 0.0000000
v -0.0427540 -0.0711420 0.0933000
vn 0.0000000 0.0000000 0.0000000
v -0.0215819 -0.0801450 0.0933000
vn 0.0000000 0.0000000 0.0000000
v -0.0215819 -0.0801450 0.0933000
vn 0.0000000 0.0000000 0.0000000
v -0.0427540 -0.0711420 0.0933000
vn 0.0000000 0.0000000 0.0000000
v -0.0196360 -0.0806330 0.0925310
vn 0.0000000 0.0000000 0.0000000
v -0.0213570 -0.0791700 0.0933000
vn 0.0000000 0.0000000 0.0000000
v -0.0215819 -0.0801450 0.0933000
vn 0.0000000 0.0000000 0.0000000
v -0.0196360 -0.0806330 0.0925310
vn 0.0000000 0.0000000 0.0000000
v -0.0215819 -0.0801450 0.0933000
vn 0.0000000 0.0000000 0.0000000
v -0.0430590 -0.0697820 0.0933000
vn 0.0000000 0.0000000 0.0000000
v -0.0607049 -0.0566030 0.0933000
vn 0.0000000 0.0000000 0.0000000
v -0.0607049 -0.0566030 0.0933000
vn 0.0000000 0.0000000 0.0000000
v -0.0611949 -0.0545810 0.0933000
vn 0.0000000 0.0000000 0.0000000
v -0.0739440 -0.0376990 0.0933000
vn 0.0000000 0.0000000 0.0000000
v -0.0739440 -0.0376990 0.0933000
vn 0.0000000 0.0000000 0.0000000
v -0.0742310 -0.0348320 0.0933000
vn 0.0000000 0.0000000 0.0000000
v -0.0814680 -0.0158650 0.0933000
vn 0.0000000 0.0000000 0.0000000
v -0.0814680 -0.0158650 0.0933000
vn 0.0000000 0.0000000 0.0000000
v -0.0810900 -0.0121840 0.0933000
vn 0.0000000 0.0000000 0.0000000
v -0.0827060 0.0069709 0.0933000
vn 0.0000000 0.0000000 0.0000000
v -0.0827060 0.0069709 0.0933000
vn 0.0000000 0.0000000 0.0000000
v -0.0811890 0.0114810 0.0933000
vn 0.0000000 0.0000000 0.0000000
v -0.0807840 0.0190250 0.0933000
vn 0.0000000 0.0000000 0.0000000
v -0.0807840 0.0190250 0.0933000
vn 0.0000000 0.0000000 0.0000000
v -0.0745470 0.0341570 0.0933000
vn 0.0000000 0.0000000 0.0000000
v -0.0769060 0.0312170 0.0933000
vn 0.0000000 0.0000000 0.0000000
v -0.0769060 0.0312170 0.0933000
vn 0.0000000 0.0000000 0.0000000
v -0.0764510 0.0331989 0.0933000
vn 0.0000000 0.0000000 0.0000000
v -0.0767890 0.0321889 0.0932650
vn 0.0000000 0.0000000 0.0000000
v -0.0769060 0.0312170 0.0933000
vn 0.0000000 0.0000000 0.0000000
v -0.0764510 0.0331989 0.0933000
vn 0.0000000 0.0000000 0.0000000
v -0.0767890 0.0321889 0.0932650
vn 0.0000000 0.0000000 0.0000000
v -0.0762710 0.0348530 0.0933000
vn 0.0000000 0.0000000 0.0000000
v -0.0766560 0.0331989 0.0931440
vn 0.0000000 0.0000000 0.0000000
v -0.0762710 0.0348530 0.0933000
vn 0.0000000 0.0000000 0.0000000
v -0.0741849 0.0359490 0.0933000
vn 0.0000000 0.0000000 0.0000000
v -0.0765250 0.0401040 0.0933000
vn 0.0000000 0.0000000 0.0000000
v -0.0762840 0.0350090 0.0931550
vn 0.0000000 0.0000000 0.0000000
v -0.0762710 0.0348530 0.0933000
vn 0.0000000 0.0000000 0.0000000
v -0.0742630 0.0350320 0.0933000
vn 0.0000000 0.0000000 0.0000000
v -0.0765690 0.0338110 0.0930120
vn 0.0000000 0.0000000 0.0000000
v -0.0762840 0.0350090 0.0931550
vn 0.0000000 0.0000000 0.0000000
v -0.0743959 0.0431640 0.0933000
vn 0.0000000 0.0000000 0.0000000
v -0.0764420 0.0453600 0.0933000
vn 0.0000000 0.0000000 0.0000000
v -0.0764720 0.0446809 0.0898800
vn 0.0000000 0.0000000 0.0000000
v -0.0764420 0.0453600 0.0933000
vn 0.0000000 0.0000000 0.0000000
v -0.0762940 0.0351450 0.0929960
vn 0.0000000 0.0000000 0.0000000
v -0.0763090 0.0353350 0.0926580
vn 0.0000000 0.0000000 0.0000000
v -0.0745770 0.0503810 0.0933000
vn 0.0000000 0.0000000 0.0000000
v -0.0766200 0.0459980 0.0933000
vn 0.0000000 0.0000000 0.0000000
v -0.0764850 0.0443320 0.0847870
vn 0.0000000 0.0000000 0.0000000
v -0.0764420 0.0453600 0.0933000
vn 0.0000000 0.0000000 0.0000000
v -0.0766200 0.0459980 0.0933000
vn 0.0000000 0.0000000 0.0000000
v -0.0764720 0.0446809 0.0898800
vn 0.0000000 0.0000000 0.0000000
v -0.0771230 0.0463890 0.0933000
vn 0.0000000 0.0000000 0.0000000
v -0.0769600 0.0452190 0.0847870
vn 0.0000000 0.0000000 0.0000000
v -0.0771230 0.0463890 0.0933000
vn 0.0000000 0.0000000 0.0000000
v -0.0758920 0.0483780 0.0933000
vn 0.0000000 0.0000000 0.0000000
v -0.0744769 0.0507660 0.0933090
vn 0.0000000 0.0000000 0.0000000
v -0.0771230 0.0463890 0.0933000
vn 0.0000000 0.0000000 0.0000000
v -0.0758920 0.0483780 0.0933000
vn 0.0000000 0.0000000 0.0000000
v -0.0773410 0.0464430 0.0933230
vn 0.0000000 0.0000000 0.0000000
v -0.0773410 0.0464430 0.0933230
vn 0.0000000 0.0000000 0.0000000
v -0.0745770 0.0503810 0.0933000
vn 0.0000000 0.0000000 0.0000000
v -0.0734790 0.0359710 0.0930070
vn 0.0000000 0.0000000 0.0000000
v -0.0745770 0.0503810 0.0933000
vn 0.0000000 0.0000000 0.0000000
v -0.0743959 0.0431640 0.0933000
vn 0.0000000 0.0000000 0.0000000
v -0.0738700 0.0503970 0.0930070
vn 0.0000000 0.0000000 0.0000000
v -0.0744769 0.0507660 0.0933090
vn 0.0000000 0.0000000 0.0000000
v -0.0745770 0.0503810 0.0933000
vn 0.0000000 0.0000000 0.0000000
v -0.0738700 0.0503970 0.0930070
vn 0.0000000 0.0000000 0.0000000
v -0.0741849 0.0359490 0.0933000
vn 0.0000000 0.0000000 0.0000000
v -0.0741849 0.0359490 0.0933000
vn 0.0000000 0.0000000 0.0000000
v -0.0742630 0.0350320 0.0933000
vn 0.0000000 0.0000000 0.0000000
v -0.0745470 0.0341570 0.0933000
vn 0.0000000 0.0000000 0.0000000
v -0.0745470 0.0341570 0.0933000
vn 0.0000000 0.0000000 0.0000000
v -0.0811890 0.0114810 0.0933000
vn 0.0000000 0.0000000 0.0000000
v -0.0810900 -0.0121840 0.0933000
vn 0.0000000 0.0000000 0.0000000
v -0.0742310 -0.0348320 0.0933000
vn 0.0000000 0.0000000 0.0000000
v -0.0611949 -0.0545810 0.0933000
vn 0.0000000 0.0000000 0.0000000
v -0.0430590 -0.0697820 0.0933000
vn 0.0000000 0.0000000 0.0000000
v -0.0213570 -0.0791700 0.0933000
vn 0.0000000 0.0000000 0.0000000
v -0.0192730 -0.0796920 0.0923950
vn 0.0000000 0.0000000 0.0000000
v -0.0213570 -0.0791700 0.0933000
vn 0.0000000 0.0000000 0.0000000
v -0.0192730 -0.0796920 0.0923950
vn 0.0000000 0.0000000 0.0000000
v -0.0187920 -0.0864820 0.1194020
vn 0.0000000 0.0000000 0.0000000
v -0.0528780 0.2530900 0.1130000
vn 0.0000000 0.0000000 0.0000000
v -0.0433480 -0.0771570 0.1194020
vn 0.0000000 0.0000000 0.0000000
v -0.0640850 -0.0610350 0.1194020
vn 0.0000000 0.0000000 0.0000000
v -0.0791780 -0.0395369 0.1194020
vn 0.0000000 0.0000000 0.0000000
v -0.0872950 -0.0145560 0.1194020
vn 0.0000000 0.0000000 0.0000000
v -0.0877220 0.0117080 0.1194020
vn 0.0000000 0.0000000 0.0000000
v 0.0074190 -0.0881880 0.1194020
vn 0.0000000 0.0000000 0.0000000
v 0.0073479 -0.0873440 0.1193300
vn 0.0000000 0.0000000 0.0000000
v 0.0074190 -0.0881880 0.1194020
vn 0.0000000 0.0000000 0.0000000
v -0.0187920 -0.0864820 0.1194020
vn 0.0000000 0.0000000 0.0000000
v -0.0433480 -0.0771570 0.1194020
vn 0.0000000 0.0000000 0.0000000
v -0.0501300 0.2475940 0.1130400
vn 0.0000000 0.0000000 0.0000000
v -0.0524369 0.2475590 0.1130000
vn 0.0000000 0.0000000 0.0000000
v -0.0503630 0.2478160 0.1130000
vn 0.0000000 0.0000000 0.0000000
v -0.0640850 -0.0610350 0.1194020
vn 0.0000000 0.0000000 0.0000000
v -0.0791780 -0.0395369 0.1194020
vn 0.0000000 0.0000000 0.0000000
v -0.0872950 -0.0145560 0.1194020
vn 0.0000000 0.0000000 0.0000000
v -0.0877220 0.0117080 0.1194020
vn 0.0000000 0.0000000 0.0000000
v -0.0524369 0.2475590 0.1130000
vn 0.0000000 0.0000000 0.0000000
v 0.0072980 -0.0867500 0.1199370
vn 0.0000000 0.0000000 0.0000000
v 0.0059050 -0.0868560 0.1199370
vn 0.0000000 0.0000000 0.0000000
v -0.0543000 0.2470400 0.1130000
vn 0.0000000 0.0000000 0.0000000
v -0.0543000 0.2470400 0.1130000
vn 0.0000000 0.0000000 0.0000000
v -0.0779410 0.0466080 0.0937190
vn 0.0000000 0.0000000 0.0000000
v -0.0780000 0.0468720 0.0943000
vn 0.0000000 0.0000000 0.0000000
v -0.0766130 0.0491060 0.0943000
vn 0.0000000 0.0000000 0.0000000
v -0.0780000 0.0468720 0.0943000
vn 0.0000000 0.0000000 0.0000000
v -0.0779410 0.0466080 0.0937190
vn 0.0000000 0.0000000 0.0000000
v -0.0741250 0.0527869 0.1061650
vn 0.0000000 0.0000000 0.0000000
v -0.0766130 0.0491060 0.0943000
vn 0.0000000 0.0000000 0.0000000
v -0.0775520 0.0464579 0.0933850
vn 0.0000000 0.0000000 0.0000000
v -0.0749040 0.0513120 0.0936920
vn 0.0000000 0.0000000 0.0000000
v -0.0775520 0.0464579 0.0933850
vn 0.0000000 0.0000000 0.0000000
v -0.0751050 0.0513830 0.0943000
vn 0.0000000 0.0000000 0.0000000
v -0.0550480 0.2477990 0.1085040
vn 0.0000000 0.0000000 0.0000000
v -0.0550480 0.2551400 0.1085040
vn 0.0000000 0.0000000 0.0000000
v -0.0549999 0.2551400 0.1087590
vn 0.0000000 0.0000000 0.0000000
v -0.0775870 0.0463549 0.0930149
vn 0.0000000 0.0000000 0.0000000
v -0.0775520 0.0464579 0.0933850
vn 0.0000000 0.0000000 0.0000000
v -0.0775870 0.0463549 0.0930149
vn 0.0000000 0.0000000 0.0000000
v -0.0743830 0.0511290 0.0933350
vn 0.0000000 0.0000000 0.0000000
v -0.0543000 0.2470400 0.1130000
vn 0.0000000 0.0000000 0.0000000
v -0.0775870 0.0463549 0.0930149
vn 0.0000000 0.0000000 0.0000000
v -0.0779650 0.0452440 0.0847870
vn 0.0000000 0.0000000 0.0000000
v -0.0778270 0.0456420 0.0897240
vn 0.0000000 0.0000000 0.0000000
v -0.0778270 0.0456420 0.0897240
vn 0.0000000 0.0000000 0.0000000
v -0.0666320 0.0619780 0.1180000
vn 0.0000000 0.0000000 0.0000000
v -0.0708980 0.0570480 0.1120970
vn 0.0000000 0.0000000 0.0000000
v -0.0524160 0.2554400 0.1130000
vn 0.0000000 0.0000000 0.0000000
v -0.0665330 0.0620739 0.1181140
vn 0.0000000 0.0000000 0.0000000
v -0.0762940 0.0351450 0.0929960
vn 0.0000000 0.0000000 0.0000000
v -0.0763220 0.0349060 0.0928140
vn 0.0000000 0.0000000 0.0000000
v -0.0762940 0.0351450 0.0929960
vn 0.0000000 0.0000000 0.0000000
v -0.0763090 0.0353350 0.0926580
vn 0.0000000 0.0000000 0.0000000
v -0.0764380 0.0346810 0.0926480
vn 0.0000000 0.0000000 0.0000000
v -0.0763220 0.0349060 0.0928140
vn 0.0000000 0.0000000 0.0000000
v -0.0763140 0.0354010 0.0923000
vn 0.0000000 0.0000000 0.0000000
v -0.0764380 0.0346810 0.0926480
vn 0.0000000 0.0000000 0.0000000
v -0.0731860 0.0359800 0.0923000
vn 0.0000000 0.0000000 0.0000000
v -0.0733970 0.0431920 0.0923000
vn 0.0000000 0.0000000 0.0000000
v -0.0731860 0.0359800 0.0923000
vn 0.0000000 0.0000000 0.0000000
v -0.0735780 0.0504039 0.0923000
vn 0.0000000 0.0000000 0.0000000
v -0.0735960 0.0512260 0.0923580
vn 0.0000000 0.0000000 0.0000000
v -0.0735780 0.0504039 0.0923000
vn 0.0000000 0.0000000 0.0000000
v -0.0735870 0.0508280 0.0923150
vn 0.0000000 0.0000000 0.0000000
v -0.0742410 0.0554800 0.0934060
vn 0.0000000 0.0000000 0.0000000
v -0.0735960 0.0512260 0.0923580
vn 0.0000000 0.0000000 0.0000000
v -0.0736890 0.0555710 0.0925130
vn 0.0000000 0.0000000 0.0000000
v -0.0743830 0.0511290 0.0933350
vn 0.0000000 0.0000000 0.0000000
v -0.0738160 0.0511680 0.0929840
vn 0.0000000 0.0000000 0.0000000
v -0.0738160 0.0511680 0.0929840
vn 0.0000000 0.0000000 0.0000000
v -0.0741540 0.0586880 0.0934980
vn 0.0000000 0.0000000 0.0000000
v -0.0737500 0.0587680 0.0926960
vn 0.0000000 0.0000000 0.0000000
v -0.0740900 0.0610440 0.0935880
vn 0.0000000 0.0000000 0.0000000
v -0.0737910 0.0611179 0.0928770
vn 0.0000000 0.0000000 0.0000000
v -0.0740410 0.0628380 0.0936750
vn 0.0000000 0.0000000 0.0000000
v -0.0738200 0.0629100 0.0930500
vn 0.0000000 0.0000000 0.0000000
v -0.0738410 0.0642910 0.0932140
vn 0.0000000 0.0000000 0.0000000
v -0.0740030 0.0642210 0.0937570
vn 0.0000000 0.0000000 0.0000000
v -0.0738570 0.0653900 0.0933720
vn 0.0000000 0.0000000 0.0000000
v -0.0739730 0.0653199 0.0938360
vn 0.0000000 0.0000000 0.0000000
v -0.0738700 0.0663299 0.0935390
vn 0.0000000 0.0000000 0.0000000
v -0.0739480 0.0662610 0.0939200
vn 0.0000000 0.0000000 0.0000000
v -0.0738810 0.0671230 0.0937210
vn 0.0000000 0.0000000 0.0000000
v -0.0739260 0.0670530 0.0940110
vn 0.0000000 0.0000000 0.0000000
v -0.0779650 0.0452440 0.0847870
vn 0.0000000 0.0000000 0.0000000
v -0.0524160 0.2554400 0.1130000
vn 0.0000000 0.0000000 0.0000000
v -0.0749040 0.0513120 0.0936920
vn 0.0000000 0.0000000 0.0000000
v 0.0235259 -0.0795849 -0.0107580
vn 0.0000000 0.0000000 0.0000000
v 0.0239730 -0.0784110 -0.0087500
vn 0.0000000 0.0000000 0.0000000
v 0.0242650 -0.0793680 -0.0087500
vn 0.0000000 0.0000000 0.0000000
v 0.0235259 -0.0795849 -0.0107580
vn 0.0000000 0.0000000 0.0000000
v 0.0242650 -0.0793680 -0.0087500
vn 0.0000000 0.0000000 0.0000000
v 0.0239730 -0.0784110 -0.0037500
vn 0.0000000 0.0000000 0.0000000
v 0.0239730 -0.0784110 -0.0087500
vn 0.0000000 0.0000000 0.0000000
v 0.0231050 -0.0786660 -0.0108960
vn 0.0000000 0.0000000 0.0000000
v 0.0239730 -0.0784110 -0.0087500
vn 0.0000000 0.0000000 0.0000000
v 0.0231050 -0.0786660 -0.0108960
vn 0.0000000 0.0000000 0.0000000
v 0.0239730 -0.0784110 -0.0212499
vn 0.0000000 0.0000000 0.0000000
v 0.0242650 -0.0793680 -0.0212499
vn 0.0000000 0.0000000 0.0000000
v 0.0242650 -0.0793680 -0.0262500
vn 0.0000000 0.0000000 0.0000000
v 0.0242650 -0.0793680 -0.0262500
vn 0.0000000 0.0000000 0.0000000
v 0.0242650 -0.0793680 -0.0212499
vn 0.0000000 0.0000000 0.0000000
v 0.0239730 -0.0784110 -0.0262500
vn 0.0000000 0.0000000 0.0000000
v 0.0235259 -0.0795849 -0.0282580
vn 0.0000000 0.0000000 0.0000000
v 0.0239730 -0.0784110 -0.0262500
vn 0.0000000 0.0000000 0.0000000
v 0.0242650 -0.0793680 -0.0262500
vn 0.0000000 0.0000000 0.0000000
v 0.0235259 -0.0795849 -0.0282580
vn 0.0000000 0.0000000 0.0000000
v 0.0242650 -0.0793680 -0.0262500
vn 0.0000000 0.0000000 0.0000000
v 0.0232340 -0.0786289 -0.0192430
vn 0.0000000 0.0000000 0.0000000
v 0.0242650 -0.0793680 -0.0212499
vn 0.0000000 0.0000000 0.0000000
v 0.0239730 -0.0784110 -0.0212499
vn 0.0000000 0.0000000 0.0000000
v 0.0233959 -0.0796230 -0.0191010
vn 0.0000000 0.0000000 0.0000000
v 0.0242650 -0.0793680 -0.0212499
vn 0.0000000 0.0000000 0.0000000
v 0.0233959 -0.0796230 -0.0191010
vn 0.0000000 0.0000000 0.0000000
v 0.0239730 -0.0784110 -0.0212499
vn 0.0000000 0.0000000 0.0000000
v 0.0239730 -0.0784110 -0.0262500
vn 0.0000000 0.0000000 0.0000000
v 0.0232340 -0.0786289 -0.0192430
vn 0.0000000 0.0000000 0.0000000
v 0.0239730 -0.0784110 -0.0212499
vn 0.0000000 0.0000000 0.0000000
v 0.0231050 -0.0786660 -0.0283960
vn 0.0000000 0.0000000 0.0000000
v 0.0239730 -0.0784110 -0.0262500
vn 0.0000000 0.0000000 0.0000000
v 0.0231050 -0.0786660 -0.0283960
vn 0.0000000 0.0000000 0.0000000
v 0.0239730 -0.0784110 -0.0387500
vn 0.0000000 0.0000000 0.0000000
v 0.0242650 -0.0793680 -0.0387500
vn 0.0000000 0.0000000 0.0000000
v 0.0242650 -0.0793680 -0.0903000
vn 0.0000000 0.0000000 0.0000000
v 0.0242650 -0.0793680 -0.0903000
vn 0.0000000 0.0000000 0.0000000
v 0.0242650 -0.0793680 -0.0387500
vn 0.0000000 0.0000000 0.0000000
v 0.0239730 -0.0784110 -0.0903000
vn 0.0000000 0.0000000 0.0000000
v 0.0239730 -0.0784110 -0.0903000
vn 0.0000000 0.0000000 0.0000000
v 0.0242650 -0.0793680 -0.0903000
vn 0.0000000 0.0000000 0.0000000
v 0.0242650 -0.0793680 -0.0903000
vn 0.0000000 0.0000000 0.0000000
v 0.0232340 -0.0786289 -0.0367430
vn 0.0000000 0.0000000 0.0000000
v 0.0242650 -0.0793680 -0.0387500
vn 0.0000000 0.0000000 0.0000000
v 0.0239730 -0.0784110 -0.0387500
vn 0.0000000 0.0000000 0.0000000
v 0.0233959 -0.0796230 -0.0366009
vn 0.0000000 0.0000000 0.0000000
v 0.0242650 -0.0793680 -0.0387500
vn 0.0000000 0.0000000 0.0000000
v 0.0233959 -0.0796230 -0.0366009
vn 0.0000000 0.0000000 0.0000000
v 0.0239730 -0.0784110 -0.0387500
vn 0.0000000 0.0000000 0.0000000
v 0.0239730 -0.0784110 -0.0903000
vn 0.0000000 0.0000000 0.0000000
v 0.0232340 -0.0786289 -0.0367430
vn 0.0000000 0.0000000 0.0000000
v 0.0239730 -0.0784110 -0.0387500
vn 0.0000000 0.0000000 0.0000000
v 0.0237460 -0.0784780 -0.0914680
vn 0.0000000 0.0000000 0.0000000
v 0.0239730 -0.0784110 -0.0903000
vn 0.0000000 0.0000000 0.0000000
v 0.0237460 -0.0784780 -0.0914680
vn 0.0000000 0.0000000 0.0000000
v 0.0210900 -0.0792420 0.0867500
vn 0.0000000 0.0000000 0.0000000
v 0.0028810 -0.0829460 0.0867500
vn 0.0000000 0.0000000 0.0000000
v 0.0213820 -0.0801990 0.0867500
vn 0.0000000 0.0000000 0.0000000
v 0.0213820 -0.0801990 0.0867500
vn 0.0000000 0.0000000 0.0000000
v 0.0028810 -0.0829460 0.0867500
vn 0.0000000 0.0000000 0.0000000
v -0.0155110 -0.0805200 0.0867500
vn 0.0000000 0.0000000 0.0000000
v -0.0157360 -0.0814950 0.0867500
vn 0.0000000 0.0000000 0.0000000
v -0.0157360 -0.0814950 0.0867500
vn 0.0000000 0.0000000 0.0000000
v 0.0028459 -0.0819470 0.0867500
vn 0.0000000 0.0000000 0.0000000
v -0.0168120 -0.0802660 0.0870580
vn 0.0000000 0.0000000 0.0000000
v -0.0157360 -0.0814950 0.0867500
vn 0.0000000 0.0000000 0.0000000
v -0.0155110 -0.0805200 0.0867500
vn 0.0000000 0.0000000 0.0000000
v -0.0177920 -0.0810750 0.0876060
vn 0.0000000 0.0000000 0.0000000
v -0.0157360 -0.0814950 0.0867500
vn 0.0000000 0.0000000 0.0000000
v -0.0177920 -0.0810750 0.0876060
vn 0.0000000 0.0000000 0.0000000
v -0.0155110 -0.0805200 0.0867500
vn 0.0000000 0.0000000 0.0000000
v 0.0028459 -0.0819470 0.0867500
vn 0.0000000 0.0000000 0.0000000
v -0.0168120 -0.0802660 0.0870580
vn 0.0000000 0.0000000 0.0000000
v -0.0155110 -0.0805200 0.0867500
vn 0.0000000 0.0000000 0.0000000
v -0.0184449 -0.0798920 0.0897500
vn 0.0000000 0.0000000 0.0000000
v -0.0186700 -0.0808670 0.0903000
vn 0.0000000 0.0000000 0.0000000
v -0.0186700 -0.0808670 0.0897500
vn 0.0000000 0.0000000 0.0000000
v -0.0186700 -0.0808670 0.0897500
vn 0.0000000 0.0000000 0.0000000
v -0.0186700 -0.0808670 0.0903000
vn 0.0000000 0.0000000 0.0000000
v -0.0184449 -0.0798920 0.0897500
vn 0.0000000 0.0000000 0.0000000
v -0.0186700 -0.0808670 0.0897500
vn 0.0000000 0.0000000 0.0000000
v -0.0186700 -0.0808670 0.0897500
vn 0.0000000 0.0000000 0.0000000
v -0.0184449 -0.0798920 0.0903000
vn 0.0000000 0.0000000 0.0000000
v -0.0186700 -0.0808670 0.0903000
vn 0.0000000 0.0000000 0.0000000
v -0.0184449 -0.0798920 0.0903000
vn 0.0000000 0.0000000 0.0000000
v -0.0189000 -0.0808110 0.0914700
vn 0.0000000 0.0000000 0.0000000
v -0.0186700 -0.0808670 0.0903000
vn 0.0000000 0.0000000 0.0000000
v -0.0189000 -0.0808110 0.0914700
vn 0.0000000 0.0000000 0.0000000
v -0.0184449 -0.0798920 0.0903000
vn 0.0000000 0.0000000 0.0000000
v -0.0184449 -0.0798920 0.0897500
vn 0.0000000 0.0000000 0.0000000
v -0.0184449 -0.0798920 0.0903000
vn 0.0000000 0.0000000 0.0000000
v -0.0178440 -0.0800370 0.0879260
vn 0.0000000 0.0000000 0.0000000
v -0.0184449 -0.0798920 0.0897500
vn 0.0000000 0.0000000 0.0000000
v -0.0178440 -0.0800370 0.0879260
vn 0.0000000 0.0000000 0.0000000
v 0.0210900 -0.0792420 0.0692500
vn 0.0000000 0.0000000 0.0000000
v 0.0028810 -0.0829460 0.0692500
vn 0.0000000 0.0000000 0.0000000
v 0.0213820 -0.0801990 0.0692500
vn 0.0000000 0.0000000 0.0000000
v 0.0213820 -0.0801990 0.0692500
vn 0.0000000 0.0000000 0.0000000
v 0.0028810 -0.0829460 0.0692500
vn 0.0000000 0.0000000 0.0000000
v -0.0155110 -0.0805200 0.0692500
vn 0.0000000 0.0000000 0.0000000
v -0.0157360 -0.0814950 0.0692500
vn 0.0000000 0.0000000 0.0000000
v -0.0157360 -0.0814950 0.0692500
vn 0.0000000 0.0000000 0.0000000
v 0.0028459 -0.0819470 0.0692500
vn 0.0000000 0.0000000 0.0000000
v -0.0168120 -0.0802660 0.0695580
vn 0.0000000 0.0000000 0.0000000
v -0.0157360 -0.0814950 0.0692500
vn 0.0000000 0.0000000 0.0000000
v -0.0155110 -0.0805200 0.0692500
vn 0.0000000 0.0000000 0.0000000
v -0.0177920 -0.0810750 0.0701060
vn 0.0000000 0.0000000 0.0000000
v -0.0157360 -0.0814950 0.0692500
vn 0.0000000 0.0000000 0.0000000
v -0.0177920 -0.0810750 0.0701060
vn 0.0000000 0.0000000 0.0000000
v -0.0155110 -0.0805200 0.0692500
vn 0.0000000 0.0000000 0.0000000
v 0.0028459 -0.0819470 0.0692500
vn 0.0000000 0.0000000 0.0000000
v -0.0168120 -0.0802660 0.0695580
vn 0.0000000 0.0000000 0.0000000
v -0.0155110 -0.0805200 0.0692500
vn 0.0000000 0.0000000 0.0000000
v 0.0028459 -0.0819470 0.0757500
vn 0.0000000 0.0000000 0.0000000
v 0.0028810 -0.0829460 0.0757500
vn 0.0000000 0.0000000 0.0000000
v -0.0157360 -0.0814950 0.0757500
vn 0.0000000 0.0000000 0.0000000
v -0.0157360 -0.0814950 0.0757500
vn 0.0000000 0.0000000 0.0000000
v 0.0028810 -0.0829460 0.0757500
vn 0.0000000 0.0000000 0.0000000
v -0.0155110 -0.0805200 0.0757500
vn 0.0000000 0.0000000 0.0000000
v -0.0170910 -0.0812290 0.0754130
vn 0.0000000 0.0000000 0.0000000
v -0.0155110 -0.0805200 0.0757500
vn 0.0000000 0.0000000 0.0000000
v -0.0157360 -0.0814950 0.0757500
vn 0.0000000 0.0000000 0.0000000
v -0.0170910 -0.0812290 0.0754130
vn 0.0000000 0.0000000 0.0000000
v -0.0157360 -0.0814950 0.0757500
vn 0.0000000 0.0000000 0.0000000
v 0.0210900 -0.0792420 0.0757500
vn 0.0000000 0.0000000 0.0000000
v 0.0213820 -0.0801990 0.0757500
vn 0.0000000 0.0000000 0.0000000
v 0.0210900 -0.0792420 0.0757500
vn 0.0000000 0.0000000 0.0000000
v 0.0028459 -0.0819470 0.0757500
vn 0.0000000 0.0000000 0.0000000
v -0.0155110 -0.0805200 0.0757500
vn 0.0000000 0.0000000 0.0000000
v -0.0173030 -0.0801600 0.0751290
vn 0.0000000 0.0000000 0.0000000
v -0.0155110 -0.0805200 0.0757500
vn 0.0000000 0.0000000 0.0000000
v -0.0173030 -0.0801600 0.0751290
vn 0.0000000 0.0000000 0.0000000
v -0.0184449 -0.0798920 0.0722500
vn 0.0000000 0.0000000 0.0000000
v -0.0186700 -0.0808670 0.0727500
vn 0.0000000 0.0000000 0.0000000
v -0.0186700 -0.0808670 0.0722500
vn 0.0000000 0.0000000 0.0000000
v -0.0186700 -0.0808670 0.0722500
vn 0.0000000 0.0000000 0.0000000
v -0.0186700 -0.0808670 0.0727500
vn 0.0000000 0.0000000 0.0000000
v -0.0184449 -0.0798920 0.0722500
vn 0.0000000 0.0000000 0.0000000
v -0.0186700 -0.0808670 0.0722500
vn 0.0000000 0.0000000 0.0000000
v -0.0186700 -0.0808670 0.0722500
vn 0.0000000 0.0000000 0.0000000
v -0.0184449 -0.0798920 0.0727500
vn 0.0000000 0.0000000 0.0000000
v -0.0181460 -0.0799650 0.0740729
vn 0.0000000 0.0000000 0.0000000
v -0.0186700 -0.0808670 0.0727500
vn 0.0000000 0.0000000 0.0000000
v -0.0184449 -0.0798920 0.0727500
vn 0.0000000 0.0000000 0.0000000
v -0.0180990 -0.0810050 0.0745330
vn 0.0000000 0.0000000 0.0000000
v -0.0186700 -0.0808670 0.0727500
vn 0.0000000 0.0000000 0.0000000
v -0.0180990 -0.0810050 0.0745330
vn 0.0000000 0.0000000 0.0000000
v -0.0184449 -0.0798920 0.0727500
vn 0.0000000 0.0000000 0.0000000
v -0.0184449 -0.0798920 0.0722500
vn 0.0000000 0.0000000 0.0000000
v -0.0181460 -0.0799650 0.0740729
vn 0.0000000 0.0000000 0.0000000
v -0.0184449 -0.0798920 0.0727500
vn 0.0000000 0.0000000 0.0000000
v -0.0178440 -0.0800370 0.0704260
vn 0.0000000 0.0000000 0.0000000
v -0.0184449 -0.0798920 0.0722500
vn 0.0000000 0.0000000 0.0000000
v -0.0178440 -0.0800370 0.0704260
vn 0.0000000 0.0000000 0.0000000
v 0.0210900 -0.0792420 0.0517500
vn 0.0000000 0.0000000 0.0000000
v 0.0028810 -0.0829460 0.0517500
vn 0.0000000 0.0000000 0.0000000
v 0.0213820 -0.0801990 0.0517500
vn 0.0000000 0.0000000 0.0000000
v 0.0213820 -0.0801990 0.0517500
vn 0.0000000 0.0000000 0.0000000
v 0.0028810 -0.0829460 0.0517500
vn 0.0000000 0.0000000 0.0000000
v -0.0155110 -0.0805200 0.0517500
vn 0.0000000 0.0000000 0.0000000
v -0.0157360 -0.0814950 0.0517500
vn 0.0000000 0.0000000 0.0000000
v -0.0157360 -0.0814950 0.0517500
vn 0.0000000 0.0000000 0.0000000
v 0.0028459 -0.0819470 0.0517500
vn 0.0000000 0.0000000 0.0000000
v -0.0168120 -0.0802660 0.0520580
vn 0.0000000 0.0000000 0.0000000
v -0.0157360 -0.0814950 0.0517500
vn 0.0000000 0.0000000 0.0000000
v -0.0155110 -0.0805200 0.0517500
vn 0.0000000 0.0000000 0.0000000
v -0.0177920 -0.0810750 0.0526060
vn 0.0000000 0.0000000 0.0000000
v -0.0157360 -0.0814950 0.0517500
vn 0.0000000 0.0000000 0.0000000
v -0.0177920 -0.0810750 0.0526060
vn 0.0000000 0.0000000 0.0000000
v -0.0155110 -0.0805200 0.0517500
vn 0.0000000 0.0000000 0.0000000
v 0.0028459 -0.0819470 0.0517500
vn 0.0000000 0.0000000 0.0000000
v -0.0168120 -0.0802660 0.0520580
vn 0.0000000 0.0000000 0.0000000
v -0.0155110 -0.0805200 0.0517500
vn 0.0000000 0.0000000 0.0000000
v 0.0210900 -0.0792420 0.0517500
vn 0.0000000 0.0000000 0.0000000
v 0.0028459 -0.0819470 0.0582500
vn 0.0000000 0.0000000 0.0000000
v 0.0028810 -0.0829460 0.0582500
vn 0.0000000 0.0000000 0.0000000
v -0.0157360 -0.0814950 0.0582500
vn 0.0000000 0.0000000 0.0000000
v -0.0157360 -0.0814950 0.0582500
vn 0.0000000 0.0000000 0.0000000
v 0.0028810 -0.0829460 0.0582500
vn 0.0000000 0.0000000 0.0000000
v -0.0155110 -0.0805200 0.0582500
vn 0.0000000 0.0000000 0.0000000
v -0.0170910 -0.0812290 0.0579130
vn 0.0000000 0.0000000 0.0000000
v -0.0155110 -0.0805200 0.0582500
vn 0.0000000 0.0000000 0.0000000
v -0.0157360 -0.0814950 0.0582500
vn 0.0000000 0.0000000 0.0000000
v -0.0170910 -0.0812290 0.0579130
vn 0.0000000 0.0000000 0.0000000
v -0.0157360 -0.0814950 0.0582500
vn 0.0000000 0.0000000 0.0000000
v 0.0210900 -0.0792420 0.0582500
vn 0.0000000 0.0000000 0.0000000
v 0.0213820 -0.0801990 0.0582500
vn 0.0000000 0.0000000 0.0000000
v 0.0213820 -0.0801990 0.0582500
vn 0.0000000 0.0000000 0.0000000
v 0.0210900 -0.0792420 0.0582500
vn 0.0000000 0.0000000 0.0000000
v 0.0028459 -0.0819470 0.0582500
vn 0.0000000 0.0000000 0.0000000
v -0.0155110 -0.0805200 0.0582500
vn 0.0000000 0.0000000 0.0000000
v -0.0173030 -0.0801600 0.0576290
vn 0.0000000 0.0000000 0.0000000
v -0.0155110 -0.0805200 0.0582500
vn 0.0000000 0.0000000 0.0000000
v -0.0173030 -0.0801600 0.0576290
vn 0.0000000 0.0000000 0.0000000
v -0.0184449 -0.0798920 0.0547500
vn 0.0000000 0.0000000 0.0000000
v -0.0186700 -0.0808670 0.0552500
vn 0.0000000 0.0000000 0.0000000
v -0.0186700 -0.0808670 0.0547500
vn 0.0000000 0.0000000 0.0000000
v -0.0186700 -0.0808670 0.0547500
vn 0.0000000 0.0000000 0.0000000
v -0.0186700 -0.0808670 0.0552500
vn 0.0000000 0.0000000 0.0000000
v -0.0184449 -0.0798920 0.0547500
vn 0.0000000 0.0000000 0.0000000
v -0.0186700 -0.0808670 0.0547500
vn 0.0000000 0.0000000 0.0000000
v -0.0186700 -0.0808670 0.0547500
vn 0.0000000 0.0000000 0.0000000
v -0.0184449 -0.0798920 0.0552500
vn 0.0000000 0.0000000 0.0000000
v -0.0181460 -0.0799650 0.0565730
vn 0.0000000 0.0000000 0.0000000
v -0.0186700 -0.0808670 0.0552500
vn 0.0000000 0.0000000 0.0000000
v -0.0184449 -0.0798920 0.0552500
vn 0.0000000 0.0000000 0.0000000
v -0.0180990 -0.0810050 0.0570330
vn 0.0000000 0.0000000 0.0000000
v -0.0186700 -0.0808670 0.0552500
vn 0.0000000 0.0000000 0.0000000
v -0.0180990 -0.0810050 0.0570330
vn 0.0000000 0.0000000 0.0000000
v -0.0184449 -0.0798920 0.0552500
vn 0.0000000 0.0000000 0.0000000
v -0.0184449 -0.0798920 0.0547500
vn 0.0000000 0.0000000 0.0000000
v -0.0181460 -0.0799650 0.0565730
vn 0.0000000 0.0000000 0.0000000
v -0.0184449 -0.0798920 0.0552500
vn 0.0000000 0.0000000 0.0000000
v -0.0178440 -0.0800370 0.0529260
vn 0.0000000 0.0000000 0.0000000
v -0.0184449 -0.0798920 0.0547500
vn 0.0000000 0.0000000 0.0000000
v -0.0178440 -0.0800370 0.0529260
vn 0.0000000 0.0000000 0.0000000
v 0.0210900 -0.0792420 0.0342500
vn 0.0000000 0.0000000 0.0000000
v 0.0028810 -0.0829460 0.0342500
vn 0.0000000 0.0000000 0.0000000
v 0.0213820 -0.0801990 0.0342500
vn 0.0000000 0.0000000 0.0000000
v 0.0213820 -0.0801990 0.0342500
vn 0.0000000 0.0000000 0.0000000
v 0.0028810 -0.0829460 0.0342500
vn 0.0000000 0.0000000 0.0000000
v -0.0155110 -0.0805200 0.0342500
vn 0.0000000 0.0000000 0.0000000
v -0.0157360 -0.0814950 0.0342500
vn 0.0000000 0.0000000 0.0000000
v -0.0157360 -0.0814950 0.0342500
vn 0.0000000 0.0000000 0.0000000
v 0.0028459 -0.0819470 0.0342500
vn 0.0000000 0.0000000 0.0000000
v -0.0168120 -0.0802660 0.0345580
vn 0.0000000 0.0000000 0.0000000
v -0.0157360 -0.0814950 0.0342500
vn 0.0000000 0.0000000 0.0000000
v -0.0155110 -0.0805200 0.0342500
vn 0.0000000 0.0000000 0.0000000
v -0.0177920 -0.0810750 0.0351060
vn 0.0000000 0.0000000 0.0000000
v -0.0157360 -0.0814950 0.0342500
vn 0.0000000 0.0000000 0.0000000
v -0.0177920 -0.0810750 0.0351060
vn 0.0000000 0.0000000 0.0000000
v -0.0155110 -0.0805200 0.0342500
vn 0.0000000 0.0000000 0.0000000
v 0.0028459 -0.0819470 0.0342500
vn 0.0000000 0.0000000 0.0000000
v -0.0168120 -0.0802660 0.0345580
vn 0.0000000 0.0000000 0.0000000
v -0.0155110 -0.0805200 0.0342500
vn 0.0000000 0.0000000 0.0000000
v 0.0210900 -0.0792420 0.0342500
vn 0.0000000 0.0000000 0.0000000
v 0.0028459 -0.0819470 0.0407500
vn 0.0000000 0.0000000 0.0000000
v 0.0028810 -0.0829460 0.0407500
vn 0.0000000 0.0000000 0.0000000
v -0.0157360 -0.0814950 0.0407500
vn 0.0000000 0.0000000 0.0000000
v -0.0157360 -0.0814950 0.0407500
vn 0.0000000 0.0000000 0.0000000
v 0.0028810 -0.0829460 0.0407500
vn 0.0000000 0.0000000 0.0000000
v -0.0155110 -0.0805200 0.0407500
vn 0.0000000 0.0000000 0.0000000
v -0.0170910 -0.0812290 0.0404130
vn 0.0000000 0.0000000 0.0000000
v -0.0155110 -0.0805200 0.0407500
vn 0.0000000 0.0000000 0.0000000
v -0.0157360 -0.0814950 0.0407500
vn 0.0000000 0.0000000 0.0000000
v -0.0170910 -0.0812290 0.0404130
vn 0.0000000 0.0000000 0.0000000
v -0.0157360 -0.0814950 0.0407500
vn 0.0000000 0.0000000 0.0000000
v 0.0210900 -0.0792420 0.0407500
vn 0.0000000 0.0000000 0.0000000
v 0.0213820 -0.0801990 0.0407500
vn 0.0000000 0.0000000 0.0000000
v 0.0213820 -0.0801990 0.0407500
vn 0.0000000 0.0000000 0.0000000
v 0.0210900 -0.0792420 0.0407500
vn 0.0000000 0.0000000 0.0000000
v 0.0028459 -0.0819470 0.0407500
vn 0.0000000 0.0000000 0.0000000
v -0.0155110 -0.0805200 0.0407500
vn 0.0000000 0.0000000 0.0000000
v -0.0173030 -0.0801600 0.0401289
vn 0.0000000 0.0000000 0.0000000
v -0.0155110 -0.0805200 0.0407500
vn 0.0000000 0.0000000 0.0000000
v -0.0173030 -0.0801600 0.0401289
vn 0.0000000 0.0000000 0.0000000
v -0.0184449 -0.0798920 0.0372500
vn 0.0000000 0.0000000 0.0000000
v -0.0186700 -0.0808670 0.0377499
vn 0.0000000 0.0000000 0.0000000
v -0.0186700 -0.0808670 0.0372500
vn 0.0000000 0.0000000 0.0000000
v -0.0186700 -0.0808670 0.0372500
vn 0.0000000 0.0000000 0.0000000
v -0.0186700 -0.0808670 0.0377499
vn 0.0000000 0.0000000 0.0000000
v -0.0184449 -0.0798920 0.0372500
vn 0.0000000 0.0000000 0.0000000
v -0.0186700 -0.0808670 0.0372500
vn 0.0000000 0.0000000 0.0000000
v -0.0186700 -0.0808670 0.0372500
vn 0.0000000 0.0000000 0.0000000
v -0.0184449 -0.0798920 0.0377499
vn 0.0000000 0.0000000 0.0000000
v -0.0181460 -0.0799650 0.0390730
vn 0.0000000 0.0000000 0.0000000
v -0.0186700 -0.0808670 0.0377499
vn 0.0000000 0.0000000 0.0000000
v -0.0184449 -0.0798920 0.0377499
vn 0.0000000 0.0000000 0.0000000
v -0.0180990 -0.0810050 0.0395329
vn 0.0000000 0.0000000 0.0000000
v -0.0186700 -0.0808670 0.0377499
vn 0.0000000 0.0000000 0.0000000
v -0.0180990 -0.0810050 0.0395329
vn 0.0000000 0.0000000 0.0000000
v -0.0184449 -0.0798920 0.0377499
vn 0.0000000 0.0000000 0.0000000
v -0.0184449 -0.0798920 0.0372500
vn 0.0000000 0.0000000 0.0000000
v -0.0181460 -0.0799650 0.0390730
vn 0.0000000 0.0000000 0.0000000
v -0.0184449 -0.0798920 0.0377499
vn 0.0000000 0.0000000 0.0000000
v -0.0178440 -0.0800370 0.0354260
vn 0.0000000 0.0000000 0.0000000
v -0.0184449 -0.0798920 0.0372500
vn 0.0000000 0.0000000 0.0000000
v -0.0178440 -0.0800370 0.0354260
vn 0.0000000 0.0000000 0.0000000
v 0.0210900 -0.0792420 0.0167500
vn 0.0000000 0.0000000 0.0000000
v 0.0028810 -0.0829460 0.0167500
vn 0.0000000 0.0000000 0.0000000
v 0.0213820 -0.0801990 0.0167500
vn 0.0000000 0.0000000 0.0000000
v 0.0213820 -0.0801990 0.0167500
vn 0.0000000 0.0000000 0.0000000
v 0.0028810 -0.0829460 0.0167500
vn 0.0000000 0.0000000 0.0000000
v -0.0155110 -0.0805200 0.0167500
vn 0.0000000 0.0000000 0.0000000
v -0.0157360 -0.0814950 0.0167500
vn 0.0000000 0.0000000 0.0000000
v -0.0157360 -0.0814950 0.0167500
vn 0.0000000 0.0000000 0.0000000
v 0.0028459 -0.0819470 0.0167500
vn 0.0000000 0.0000000 0.0000000
v -0.0168120 -0.0802660 0.0170579
vn 0.0000000 0.0000000 0.0000000
v -0.0157360 -0.0814950 0.0167500
vn 0.0000000 0.0000000 0.0000000
v -0.0155110 -0.0805200 0.0167500
vn 0.0000000 0.0000000 0.0000000
v -0.0177920 -0.0810750 0.0176060
vn 0.0000000 0.0000000 0.0000000
v -0.0157360 -0.0814950 0.0167500
vn 0.0000000 0.0000000 0.0000000
v -0.0177920 -0.0810750 0.0176060
vn 0.0000000 0.0000000 0.0000000
v -0.0155110 -0.0805200 0.0167500
vn 0.0000000 0.0000000 0.0000000
v 0.0028459 -0.0819470 0.0167500
vn 0.0000000 0.0000000 0.0000000
v -0.0168120 -0.0802660 0.0170579
vn 0.0000000 0.0000000 0.0000000
v -0.0155110 -0.0805200 0.0167500
vn 0.0000000 0.0000000 0.0000000
v 0.0210900 -0.0792420 0.0167500
vn 0.0000000 0.0000000 0.0000000
v 0.0028459 -0.0819470 0.0232500
vn 0.0000000 0.0000000 0.0000000
v 0.0028810 -0.0829460 0.0232500
vn 0.0000000 0.0000000 0.0000000
v -0.0157360 -0.0814950 0.0232500
vn 0.0000000 0.0000000 0.0000000
v -0.0157360 -0.0814950 0.0232500
vn 0.0000000 0.0000000 0.0000000
v 0.0028810 -0.0829460 0.0232500
vn 0.0000000 0.0000000 0.0000000
v -0.0155110 -0.0805200 0.0232500
vn 0.0000000 0.0000000 0.0000000
v -0.0170910 -0.0812290 0.0229130
vn 0.0000000 0.0000000 0.0000000
v -0.0155110 -0.0805200 0.0232500
vn 0.0000000 0.0000000 0.0000000
v -0.0157360 -0.0814950 0.0232500
vn 0.0000000 0.0000000 0.0000000
v -0.0170910 -0.0812290 0.0229130
vn 0.0000000 0.0000000 0.0000000
v -0.0157360 -0.0814950 0.0232500
vn 0.0000000 0.0000000 0.0000000
v 0.0210900 -0.0792420 0.0232500
vn 0.0000000 0.0000000 0.0000000
v 0.0213820 -0.0801990 0.0232500
vn 0.0000000 0.0000000 0.0000000
v 0.0213820 -0.0801990 0.0232500
vn 0.0000000 0.0000000 0.0000000
v 0.0210900 -0.0792420 0.0232500
vn 0.0000000 0.0000000 0.0000000
v 0.0028459 -0.0819470 0.0232500
vn 0.0000000 0.0000000 0.0000000
v -0.0155110 -0.0805200 0.0232500
vn 0.0000000 0.0000000 0.0000000
v -0.0173030 -0.0801600 0.0226290
vn 0.0000000 0.0000000 0.0000000
v -0.0155110 -0.0805200 0.0232500
vn 0.0000000 0.0000000 0.0000000
v -0.0173030 -0.0801600 0.0226290
vn 0.0000000 0.0000000 0.0000000
v -0.0184449 -0.0798920 0.0197500
vn 0.0000000 0.0000000 0.0000000
v -0.0186700 -0.0808670 0.0202500
vn 0.0000000 0.0000000 0.0000000
v -0.0186700 -0.0808670 0.0197500
vn 0.0000000 0.0000000 0.0000000
v -0.0186700 -0.0808670 0.0197500
vn 0.0000000 0.0000000 0.0000000
v -0.0186700 -0.0808670 0.0202500
vn 0.0000000 0.0000000 0.0000000
v -0.0184449 -0.0798920 0.0197500
vn 0.0000000 0.0000000 0.0000000
v -0.0186700 -0.0808670 0.0197500
vn 0.0000000 0.0000000 0.0000000
v -0.0186700 -0.0808670 0.0197500
vn 0.0000000 0.0000000 0.0000000
v -0.0184449 -0.0798920 0.0202500
vn 0.0000000 0.0000000 0.0000000
v -0.0181460 -0.0799650 0.0215729
vn 0.0000000 0.0000000 0.0000000
v -0.0186700 -0.0808670 0.0202500
vn 0.0000000 0.0000000 0.0000000
v -0.0184449 -0.0798920 0.0202500
vn 0.0000000 0.0000000 0.0000000
v -0.0180990 -0.0810050 0.0220330
vn 0.0000000 0.0000000 0.0000000
v -0.0186700 -0.0808670 0.0202500
vn 0.0000000 0.0000000 0.0000000
v -0.0180990 -0.0810050 0.0220330
vn 0.0000000 0.0000000 0.0000000
v -0.0184449 -0.0798920 0.0202500
vn 0.0000000 0.0000000 0.0000000
v -0.0184449 -0.0798920 0.0197500
vn 0.0000000 0.0000000 0.0000000
v -0.0181460 -0.0799650 0.0215729
vn 0.0000000 0.0000000 0.0000000
v -0.0184449 -0.0798920 0.0202500
vn 0.0000000 0.0000000 0.0000000
v -0.0178440 -0.0800370 0.0179260
vn 0.0000000 0.0000000 0.0000000
v -0.0184449 -0.0798920 0.0197500
vn 0.0000000 0.0000000 0.0000000
v -0.0178440 -0.0800370 0.0179260
vn 0.0000000 0.0000000 0.0000000
v 0.0210900 -0.0792420 -0.0007500
vn 0.0000000 0.0000000 0.0000000
v 0.0028810 -0.0829460 -0.0007500
vn 0.0000000 0.0000000 0.0000000
v 0.0213820 -0.0801990 -0.0007500
vn 0.0000000 0.0000000 0.0000000
v 0.0213820 -0.0801990 -0.0007500
vn 0.0000000 0.0000000 0.0000000
v 0.0028810 -0.0829460 -0.0007500
vn 0.0000000 0.0000000 0.0000000
v 0.0210900 -0.0792420 -0.0007500
vn 0.0000000 0.0000000 0.0000000
v 0.0213820 -0.0801990 -0.0007500
vn 0.0000000 0.0000000 0.0000000
v 0.0213820 -0.0801990 -0.0007500
vn 0.0000000 0.0000000 0.0000000
v -0.0155110 -0.0805200 -0.0007500
vn 0.0000000 0.0000000 0.0000000
v -0.0157360 -0.0814950 -0.0007500
vn 0.0000000 0.0000000 0.0000000
v -0.0157360 -0.0814950 -0.0007500
vn 0.0000000 0.0000000 0.0000000
v 0.0028459 -0.0819470 -0.0007500
vn 0.0000000 0.0000000 0.0000000
v -0.0168120 -0.0802660 -0.0004420
vn 0.0000000 0.0000000 0.0000000
v -0.0157360 -0.0814950 -0.0007500
vn 0.0000000 0.0000000 0.0000000
v -0.0155110 -0.0805200 -0.0007500
vn 0.0000000 0.0000000 0.0000000
v -0.0177920 -0.0810750 0.0001060
vn 0.0000000 0.0000000 0.0000000
v -0.0157360 -0.0814950 -0.0007500
vn 0.0000000 0.0000000 0.0000000
v -0.0177920 -0.0810750 0.0001060
vn 0.0000000 0.0000000 0.0000000
v -0.0155110 -0.0805200 -0.0007500
vn 0.0000000 0.0000000 0.0000000
v 0.0028459 -0.0819470 -0.0007500
vn 0.0000000 0.0000000 0.0000000
v -0.0168120 -0.0802660 -0.0004420
vn 0.0000000 0.0000000 0.0000000
v -0.0155110 -0.0805200 -0.0007500
vn 0.0000000 0.0000000 0.0000000
v 0.0210900 -0.0792420 -0.0007500
vn 0.0000000 0.0000000 0.0000000
v 0.0210900 -0.0792420 -0.0007500
vn 0.0000000 0.0000000 0.0000000
v 0.0028459 -0.0819470 0.0057500
vn 0.0000000 0.0000000 0.0000000
v 0.0028810 -0.0829460 0.0057500
vn 0.0000000 0.0000000 0.0000000
v -0.0157360 -0.0814950 0.0057500
vn 0.0000000 0.0000000 0.0000000
v -0.0157360 -0.0814950 0.0057500
vn 0.0000000 0.0000000 0.0000000
v 0.0028810 -0.0829460 0.0057500
vn 0.0000000 0.0000000 0.0000000
v -0.0155110 -0.0805200 0.0057500
vn 0.0000000 0.0000000 0.0000000
v -0.0170910 -0.0812290 0.0054130
vn 0.0000000 0.0000000 0.0000000
v -0.0155110 -0.0805200 0.0057500
vn 0.0000000 0.0000000 0.0000000
v -0.0157360 -0.0814950 0.0057500
vn 0.0000000 0.0000000 0.0000000
v -0.0170910 -0.0812290 0.0054130
vn 0.0000000 0.0000000 0.0000000
v -0.0157360 -0.0814950 0.0057500
vn 0.0000000 0.0000000 0.0000000
v 0.0210900 -0.0792420 0.0057500
vn 0.0000000 0.0000000 0.0000000
v 0.0213820 -0.0801990 0.0057500
vn 0.0000000 0.0000000 0.0000000
v 0.0213820 -0.0801990 0.0057500
vn 0.0000000 0.0000000 0.0000000
v 0.0210900 -0.0792420 0.0057500
vn 0.0000000 0.0000000 0.0000000
v 0.0028459 -0.0819470 0.0057500
vn 0.0000000 0.0000000 0.0000000
v -0.0155110 -0.0805200 0.0057500
vn 0.0000000 0.0000000 0.0000000
v -0.0173030 -0.0801600 0.0051290
vn 0.0000000 0.0000000 0.0000000
v -0.0155110 -0.0805200 0.0057500
vn 0.0000000 0.0000000 0.0000000
v -0.0173030 -0.0801600 0.0051290
vn 0.0000000 0.0000000 0.0000000
v -0.0184449 -0.0798920 0.0022500
vn 0.0000000 0.0000000 0.0000000
v -0.0186700 -0.0808670 0.0027500
vn 0.0000000 0.0000000 0.0000000
v -0.0186700 -0.0808670 0.0022500
vn 0.0000000 0.0000000 0.0000000
v -0.0186700 -0.0808670 0.0022500
vn 0.0000000 0.0000000 0.0000000
v -0.0186700 -0.0808670 0.0027500
vn 0.0000000 0.0000000 0.0000000
v -0.0184449 -0.0798920 0.0022500
vn 0.0000000 0.0000000 0.0000000
v -0.0186700 -0.0808670 0.0022500
vn 0.0000000 0.0000000 0.0000000
v -0.0186700 -0.0808670 0.0022500
vn 0.0000000 0.0000000 0.0000000
v -0.0184449 -0.0798920 0.0027500
vn 0.0000000 0.0000000 0.0000000
v -0.0181460 -0.0799650 0.0040730
vn 0.0000000 0.0000000 0.0000000
v -0.0186700 -0.0808670 0.0027500
vn 0.0000000 0.0000000 0.0000000
v -0.0184449 -0.0798920 0.0027500
vn 0.0000000 0.0000000 0.0000000
v -0.0180990 -0.0810050 0.0045330
vn 0.0000000 0.0000000 0.0000000
v -0.0186700 -0.0808670 0.0027500
vn 0.0000000 0.0000000 0.0000000
v -0.0180990 -0.0810050 0.0045330
vn 0.0000000 0.0000000 0.0000000
v -0.0184449 -0.0798920 0.0027500
vn 0.0000000 0.0000000 0.0000000
v -0.0184449 -0.0798920 0.0022500
vn 0.0000000 0.0000000 0.0000000
v -0.0181460 -0.0799650 0.0040730
vn 0.0000000 0.0000000 0.0000000
v -0.0184449 -0.0798920 0.0027500
vn 0.0000000 0.0000000 0.0000000
v -0.0178440 -0.0800370 0.0004260
vn 0.0000000 0.0000000 0.0000000
v -0.0184449 -0.0798920 0.0022500
vn 0.0000000 0.0000000 0.0000000
v -0.0178440 -0.0800370 0.0004260
vn 0.0000000 0.0000000 0.0000000
v 0.0210900 -0.0792420 -0.0182500
vn 0.0000000 0.0000000 0.0000000
v 0.0028810 -0.0829460 -0.0182500
vn 0.0000000 0.0000000 0.0000000
v 0.0213820 -0.0801990 -0.0182500
vn 0.0000000 0.0000000 0.0000000
v 0.0213820 -0.0801990 -0.0182500
vn 0.0000000 0.0000000 0.0000000
v 0.0028810 -0.0829460 -0.0182500
vn 0.0000000 0.0000000 0.0000000
v 0.0210900 -0.0792420 -0.0182500
vn 0.0000000 0.0000000 0.0000000
v 0.0213820 -0.0801990 -0.0182500
vn 0.0000000 0.0000000 0.0000000
v 0.0213820 -0.0801990 -0.0182500
vn 0.0000000 0.0000000 0.0000000
v -0.0155110 -0.0805200 -0.0182500
vn 0.0000000 0.0000000 0.0000000
v -0.0157360 -0.0814950 -0.0182500
vn 0.0000000 0.0000000 0.0000000
v -0.0157360 -0.0814950 -0.0182500
vn 0.0000000 0.0000000 0.0000000
v 0.0028459 -0.0819470 -0.0182500
vn 0.0000000 0.0000000 0.0000000
v -0.0168120 -0.0802660 -0.0179419
vn 0.0000000 0.0000000 0.0000000
v -0.0157360 -0.0814950 -0.0182500
vn 0.0000000 0.0000000 0.0000000
v -0.0155110 -0.0805200 -0.0182500
vn 0.0000000 0.0000000 0.0000000
v -0.0177920 -0.0810750 -0.0173940
vn 0.0000000 0.0000000 0.0000000
v -0.0157360 -0.0814950 -0.0182500
vn 0.0000000 0.0000000 0.0000000
v -0.0177920 -0.0810750 -0.0173940
vn 0.0000000 0.0000000 0.0000000
v -0.0155110 -0.0805200 -0.0182500
vn 0.0000000 0.0000000 0.0000000
v 0.0028459 -0.0819470 -0.0182500
vn 0.0000000 0.0000000 0.0000000
v -0.0168120 -0.0802660 -0.0179419
vn 0.0000000 0.0000000 0.0000000
v -0.0155110 -0.0805200 -0.0182500
vn 0.0000000 0.0000000 0.0000000
v 0.0210900 -0.0792420 -0.0182500
vn 0.0000000 0.0000000 0.0000000
v 0.0222140 -0.0789240 -0.0184870
vn 0.0000000 0.0000000 0.0000000
v 0.0210900 -0.0792420 -0.0182500
vn 0.0000000 0.0000000 0.0000000
v 0.0222140 -0.0789240 -0.0184870
vn 0.0000000 0.0000000 0.0000000
v 0.0028459 -0.0819470 -0.0117500
vn 0.0000000 0.0000000 0.0000000
v 0.0028810 -0.0829460 -0.0117500
vn 0.0000000 0.0000000 0.0000000
v -0.0157360 -0.0814950 -0.0117500
vn 0.0000000 0.0000000 0.0000000
v -0.0157360 -0.0814950 -0.0117500
vn 0.0000000 0.0000000 0.0000000
v 0.0028810 -0.0829460 -0.0117500
vn 0.0000000 0.0000000 0.0000000
v -0.0155110 -0.0805200 -0.0117500
vn 0.0000000 0.0000000 0.0000000
v -0.0170910 -0.0812290 -0.0120870
vn 0.0000000 0.0000000 0.0000000
v -0.0155110 -0.0805200 -0.0117500
vn 0.0000000 0.0000000 0.0000000
v -0.0157360 -0.0814950 -0.0117500
vn 0.0000000 0.0000000 0.0000000
v -0.0170910 -0.0812290 -0.0120870
vn 0.0000000 0.0000000 0.0000000
v -0.0157360 -0.0814950 -0.0117500
vn 0.0000000 0.0000000 0.0000000
v 0.0210900 -0.0792420 -0.0117500
vn 0.0000000 0.0000000 0.0000000
v 0.0213820 -0.0801990 -0.0117500
vn 0.0000000 0.0000000 0.0000000
v 0.0213820 -0.0801990 -0.0117500
vn 0.0000000 0.0000000 0.0000000
v 0.0213820 -0.0801990 -0.0117500
vn 0.0000000 0.0000000 0.0000000
v 0.0210900 -0.0792420 -0.0117500
vn 0.0000000 0.0000000 0.0000000
v 0.0225070 -0.0798800 -0.0115130
vn 0.0000000 0.0000000 0.0000000
v 0.0213820 -0.0801990 -0.0117500
vn 0.0000000 0.0000000 0.0000000
v 0.0225070 -0.0798800 -0.0115130
vn 0.0000000 0.0000000 0.0000000
v 0.0210900 -0.0792420 -0.0117500
vn 0.0000000 0.0000000 0.0000000
v 0.0028459 -0.0819470 -0.0117500
vn 0.0000000 0.0000000 0.0000000
v 0.0210900 -0.0792420 -0.0117500
vn 0.0000000 0.0000000 0.0000000
v -0.0155110 -0.0805200 -0.0117500
vn 0.0000000 0.0000000 0.0000000
v -0.0173030 -0.0801600 -0.0123710
vn 0.0000000 0.0000000 0.0000000
v -0.0155110 -0.0805200 -0.0117500
vn 0.0000000 0.0000000 0.0000000
v -0.0173030 -0.0801600 -0.0123710
vn 0.0000000 0.0000000 0.0000000
v -0.0184449 -0.0798920 -0.0152500
vn 0.0000000 0.0000000 0.0000000
v -0.0186700 -0.0808670 -0.0147500
vn 0.0000000 0.0000000 0.0000000
v -0.0186700 -0.0808670 -0.0152500
vn 0.0000000 0.0000000 0.0000000
v -0.0186700 -0.0808670 -0.0152500
vn 0.0000000 0.0000000 0.0000000
v -0.0186700 -0.0808670 -0.0147500
vn 0.0000000 0.0000000 0.0000000
v -0.0184449 -0.0798920 -0.0152500
vn 0.0000000 0.0000000 0.0000000
v -0.0186700 -0.0808670 -0.0152500
vn 0.0000000 0.0000000 0.0000000
v -0.0186700 -0.0808670 -0.0152500
vn 0.0000000 0.0000000 0.0000000
v -0.0184449 -0.0798920 -0.0147500
vn 0.0000000 0.0000000 0.0000000
v -0.0181460 -0.0799650 -0.0134270
vn 0.0000000 0.0000000 0.0000000
v -0.0186700 -0.0808670 -0.0147500
vn 0.0000000 0.0000000 0.0000000
v -0.0184449 -0.0798920 -0.0147500
vn 0.0000000 0.0000000 0.0000000
v -0.0180990 -0.0810050 -0.0129670
vn 0.0000000 0.0000000 0.0000000
v -0.0186700 -0.0808670 -0.0147500
vn 0.0000000 0.0000000 0.0000000
v -0.0180990 -0.0810050 -0.0129670
vn 0.0000000 0.0000000 0.0000000
v -0.0184449 -0.0798920 -0.0147500
vn 0.0000000 0.0000000 0.0000000
v -0.0184449 -0.0798920 -0.0152500
vn 0.0000000 0.0000000 0.0000000
v -0.0181460 -0.0799650 -0.0134270
vn 0.0000000 0.0000000 0.0000000
v -0.0184449 -0.0798920 -0.0147500
vn 0.0000000 0.0000000 0.0000000
v -0.0178440 -0.0800370 -0.0170740
vn 0.0000000 0.0000000 0.0000000
v -0.0184449 -0.0798920 -0.0152500
vn 0.0000000 0.0000000 0.0000000
v -0.0178440 -0.0800370 -0.0170740
vn 0.0000000 0.0000000 0.0000000
v 0.0210900 -0.0792420 -0.0357500
vn 0.0000000 0.0000000 0.0000000
v 0.0028810 -0.0829460 -0.0357500
vn 0.0000000 0.0000000 0.0000000
v 0.0213820 -0.0801990 -0.0357500
vn 0.0000000 0.0000000 0.0000000
v 0.0213820 -0.0801990 -0.0357500
vn 0.0000000 0.0000000 0.0000000
v 0.0028810 -0.0829460 -0.0357500
vn 0.0000000 0.0000000 0.0000000
v 0.0210900 -0.0792420 -0.0357500
vn 0.0000000 0.0000000 0.0000000
v 0.0213820 -0.0801990 -0.0357500
vn 0.0000000 0.0000000 0.0000000
v 0.0213820 -0.0801990 -0.0357500
vn 0.0000000 0.0000000 0.0000000
v -0.0155110 -0.0805200 -0.0357500
vn 0.0000000 0.0000000 0.0000000
v -0.0157360 -0.0814950 -0.0357500
vn 0.0000000 0.0000000 0.0000000
v -0.0157360 -0.0814950 -0.0357500
vn 0.0000000 0.0000000 0.0000000
v 0.0028459 -0.0819470 -0.0357500
vn 0.0000000 0.0000000 0.0000000
v -0.0168120 -0.0802660 -0.0354420
vn 0.0000000 0.0000000 0.0000000
v -0.0157360 -0.0814950 -0.0357500
vn 0.0000000 0.0000000 0.0000000
v -0.0155110 -0.0805200 -0.0357500
vn 0.0000000 0.0000000 0.0000000
v -0.0177920 -0.0810750 -0.0348940
vn 0.0000000 0.0000000 0.0000000
v -0.0157360 -0.0814950 -0.0357500
vn 0.0000000 0.0000000 0.0000000
v -0.0177920 -0.0810750 -0.0348940
vn 0.0000000 0.0000000 0.0000000
v -0.0155110 -0.0805200 -0.0357500
vn 0.0000000 0.0000000 0.0000000
v 0.0028459 -0.0819470 -0.0357500
vn 0.0000000 0.0000000 0.0000000
v -0.0168120 -0.0802660 -0.0354420
vn 0.0000000 0.0000000 0.0000000
v -0.0155110 -0.0805200 -0.0357500
vn 0.0000000 0.0000000 0.0000000
v 0.0210900 -0.0792420 -0.0357500
vn 0.0000000 0.0000000 0.0000000
v 0.0222140 -0.0789240 -0.0359869
vn 0.0000000 0.0000000 0.0000000
v 0.0210900 -0.0792420 -0.0357500
vn 0.0000000 0.0000000 0.0000000
v 0.0222140 -0.0789240 -0.0359869
vn 0.0000000 0.0000000 0.0000000
v 0.0028459 -0.0819470 -0.0292500
vn 0.0000000 0.0000000 0.0000000
v 0.0028810 -0.0829460 -0.0292500
vn 0.0000000 0.0000000 0.0000000
v -0.0157360 -0.0814950 -0.0292500
vn 0.0000000 0.0000000 0.0000000
v -0.0157360 -0.0814950 -0.0292500
vn 0.0000000 0.0000000 0.0000000
v 0.0028810 -0.0829460 -0.0292500
vn 0.0000000 0.0000000 0.0000000
v -0.0155110 -0.0805200 -0.0292500
vn 0.0000000 0.0000000 0.0000000
v -0.0170910 -0.0812290 -0.0295870
vn 0.0000000 0.0000000 0.0000000
v -0.0155110 -0.0805200 -0.0292500
vn 0.0000000 0.0000000 0.0000000
v -0.0157360 -0.0814950 -0.0292500
vn 0.0000000 0.0000000 0.0000000
v -0.0170910 -0.0812290 -0.0295870
vn 0.0000000 0.0000000 0.0000000
v -0.0157360 -0.0814950 -0.0292500
vn 0.0000000 0.0000000 0.0000000
v 0.0210900 -0.0792420 -0.0292500
vn 0.0000000 0.0000000 0.0000000
v 0.0213820 -0.0801990 -0.0292500
vn 0.0000000 0.0000000 0.0000000
v 0.0213820 -0.0801990 -0.0292500
vn 0.0000000 0.0000000 0.0000000
v 0.0213820 -0.0801990 -0.0292500
vn 0.0000000 0.0000000 0.0000000
v 0.0210900 -0.0792420 -0.0292500
vn 0.0000000 0.0000000 0.0000000
v 0.0225070 -0.0798800 -0.0290130
vn 0.0000000 0.0000000 0.0000000
v 0.0213820 -0.0801990 -0.0292500
vn 0.0000000 0.0000000 0.0000000
v 0.0225070 -0.0798800 -0.0290130
vn 0.0000000 0.0000000 0.0000000
v 0.0210900 -0.0792420 -0.0292500
vn 0.0000000 0.0000000 0.0000000
v 0.0028459 -0.0819470 -0.0292500
vn 0.0000000 0.0000000 0.0000000
v 0.0210900 -0.0792420 -0.0292500
vn 0.0000000 0.0000000 0.0000000
v -0.0155110 -0.0805200 -0.0292500
vn 0.0000000 0.0000000 0.0000000
v -0.0173030 -0.0801600 -0.0298710
vn 0.0000000 0.0000000 0.0000000
v -0.0155110 -0.0805200 -0.0292500
vn 0.0000000 0.0000000 0.0000000
v -0.0173030 -0.0801600 -0.0298710
vn 0.0000000 0.0000000 0.0000000
v -0.0184449 -0.0798920 -0.0327500
vn 0.0000000 0.0000000 0.0000000
v -0.0186700 -0.0808670 -0.0322500
vn 0.0000000 0.0000000 0.0000000
v -0.0186700 -0.0808670 -0.0327500
vn 0.0000000 0.0000000 0.0000000
v -0.0186700 -0.0808670 -0.0327500
vn 0.0000000 0.0000000 0.0000000
v -0.0186700 -0.0808670 -0.0322500
vn 0.0000000 0.0000000 0.0000000
v -0.0184449 -0.0798920 -0.0327500
vn 0.0000000 0.0000000 0.0000000
v -0.0186700 -0.0808670 -0.0327500
vn 0.0000000 0.0000000 0.0000000
v -0.0186700 -0.0808670 -0.0327500
vn 0.0000000 0.0000000 0.0000000
v -0.0184449 -0.0798920 -0.0322500
vn 0.0000000 0.0000000 0.0000000
v -0.0181460 -0.0799650 -0.0309270
vn 0.0000000 0.0000000 0.0000000
v -0.0186700 -0.0808670 -0.0322500
vn 0.0000000 0.0000000 0.0000000
v -0.0184449 -0.0798920 -0.0322500
vn 0.0000000 0.0000000 0.0000000
v -0.0180990 -0.0810050 -0.0304670
vn 0.0000000 0.0000000 0.0000000
v -0.0186700 -0.0808670 -0.0322500
vn 0.0000000 0.0000000 0.0000000
v -0.0180990 -0.0810050 -0.0304670
vn 0.0000000 0.0000000 0.0000000
v -0.0184449 -0.0798920 -0.0322500
vn 0.0000000 0.0000000 0.0000000
v -0.0184449 -0.0798920 -0.0327500
vn 0.0000000 0.0000000 0.0000000
v -0.0181460 -0.0799650 -0.0309270
vn 0.0000000 0.0000000 0.0000000
v -0.0184449 -0.0798920 -0.0322500
vn 0.0000000 0.0000000 0.0000000
v -0.0178440 -0.0800370 -0.0345740
vn 0.0000000 0.0000000 0.0000000
v -0.0184449 -0.0798920 -0.0327500
vn 0.0000000 0.0000000 0.0000000
v -0.0178440 -0.0800370 -0.0345740
vn 0.0000000 0.0000000 0.0000000
v -0.0552050 0.2559350 0.1092000
vn 0.0000000 0.0000000 0.0000000
v -0.0549999 0.2554400 0.1092000
vn 0.0000000 0.0000000 0.0000000
v -0.0549999 0.2553640 0.1089070
vn 0.0000000 0.0000000 0.0000000
v -0.0552050 0.2559350 0.1092000
vn 0.0000000 0.0000000 0.0000000
v -0.0549999 0.2554400 0.1106460
vn 0.0000000 0.0000000 0.0000000
v -0.0549999 0.2554400 0.1092000
vn 0.0000000 0.0000000 0.0000000
v -0.0549999 0.2553640 0.1089070
vn 0.0000000 0.0000000 0.0000000
v -0.0549999 0.2554400 0.1092000
vn 0.0000000 0.0000000 0.0000000
v -0.0549999 0.2553580 0.1109400
vn 0.0000000 0.0000000 0.0000000
v -0.0549999 0.2554400 0.1106460
vn 0.0000000 0.0000000 0.0000000
v -0.0549999 0.2551400 0.1087590
vn 0.0000000 0.0000000 0.0000000
v -0.0549999 0.2551400 0.1110730
vn 0.0000000 0.0000000 0.0000000
v -0.0554340 0.2551400 0.1117200
vn 0.0000000 0.0000000 0.0000000
v -0.0549999 0.2530900 0.1110730
vn 0.0000000 0.0000000 0.0000000
v -0.0549999 0.2551400 0.1110730
vn 0.0000000 0.0000000 0.0000000
v -0.0549999 0.2530900 0.1110730
vn 0.0000000 0.0000000 0.0000000
v -0.0549999 0.2524160 0.1115030
vn 0.0000000 0.0000000 0.0000000
v -0.0656150 0.0616010 0.1190000
vn 0.0000000 0.0000000 0.0000000
v -0.0656150 0.0616010 0.1190000
vn 0.0000000 0.0000000 0.0000000
v -0.0740410 0.0628380 0.0936750
vn 0.0000000 0.0000000 0.0000000
v -0.0743830 0.0511290 0.0933350
vn 0.0000000 0.0000000 0.0000000
v -0.0740900 0.0610440 0.0935880
vn 0.0000000 0.0000000 0.0000000
v -0.0741540 0.0586880 0.0934980
vn 0.0000000 0.0000000 0.0000000
v -0.0742410 0.0554800 0.0934060
vn 0.0000000 0.0000000 0.0000000
v -0.0743830 0.0511290 0.0933350
vn 0.0000000 0.0000000 0.0000000
v -0.0739260 0.0670530 0.0940110
vn 0.0000000 0.0000000 0.0000000
v -0.0739480 0.0662610 0.0939200
vn 0.0000000 0.0000000 0.0000000
v -0.0739730 0.0653199 0.0938360
vn 0.0000000 0.0000000 0.0000000
v -0.0740030 0.0642210 0.0937570
vn 0.0000000 0.0000000 0.0000000
v -0.0552090 0.2526890 0.1123120
vn 0.0000000 0.0000000 0.0000000
v -0.0549999 0.2521930 0.1123000
vn 0.0000000 0.0000000 0.0000000
v -0.0554340 0.2530900 0.1117200
vn 0.0000000 0.0000000 0.0000000
v -0.0549999 0.2530900 0.1110730
vn 0.0000000 0.0000000 0.0000000
v -0.0549999 0.2524160 0.1115030
vn 0.0000000 0.0000000 0.0000000
v -0.0551850 0.2473270 0.1087250
vn 0.0000000 0.0000000 0.0000000
v -0.0549999 0.2470520 0.1123000
vn 0.0000000 0.0000000 0.0000000
v -0.0551280 0.2466740 0.1121590
vn 0.0000000 0.0000000 0.0000000
v -0.0551280 0.2466740 0.1121590
vn 0.0000000 0.0000000 0.0000000
v -0.0549999 0.2470520 0.1123000
vn 0.0000000 0.0000000 0.0000000
v -0.0547820 0.2468140 0.1128080
vn 0.0000000 0.0000000 0.0000000
v -0.0554340 0.2530900 0.1117200
vn 0.0000000 0.0000000 0.0000000
v -0.0549999 0.2470520 0.1123000
vn 0.0000000 0.0000000 0.0000000
v -0.0549999 0.2521930 0.1123000
vn 0.0000000 0.0000000 0.0000000
v -0.0553459 0.2558610 0.1112740
vn 0.0000000 0.0000000 0.0000000
v -0.0549999 0.2551400 0.1110730
vn 0.0000000 0.0000000 0.0000000
v -0.0549999 0.2553580 0.1109400
vn 0.0000000 0.0000000 0.0000000
v -0.0549999 0.2475310 0.1106500
vn 0.0000000 0.0000000 0.0000000
v -0.0549999 0.2521930 0.1123000
vn 0.0000000 0.0000000 0.0000000
v -0.0549999 0.2470520 0.1123000
vn 0.0000000 0.0000000 0.0000000
v -0.0549999 0.2475310 0.1106500
vn 0.0000000 0.0000000 0.0000000
v -0.0554340 0.2551400 0.1117200
vn 0.0000000 0.0000000 0.0000000
v -0.0550480 0.2477990 0.1085040
vn 0.0000000 0.0000000 0.0000000
v -0.0549999 0.2477990 0.1087590
vn 0.0000000 0.0000000 0.0000000
v -0.0551850 0.2473270 0.1087250
vn 0.0000000 0.0000000 0.0000000
v -0.0549999 0.2477990 0.1087590
vn 0.0000000 0.0000000 0.0000000
v -0.0552050 0.2559350 0.1106460
vn 0.0000000 0.0000000 0.0000000
v -0.0549999 0.2554400 0.1106460
vn 0.0000000 0.0000000 0.0000000
v -0.0549999 0.2477990 0.1087590
vn 0.0000000 0.0000000 0.0000000
v -0.0549999 0.2477990 0.1087590
vn 0.0000000 0.0000000 0.0000000
v -0.0552050 0.2559350 0.1106460
vn 0.0000000 0.0000000 0.0000000
v -0.0766560 0.0331989 0.0931440
vn 0.0000000 0.0000000 0.0000000
v -0.0363790 -0.0130920 0.1319990
vn 0.0000000 0.0000000 0.0000000
v -0.0363790 -0.0130920 0.1301000
vn 0.0000000 0.0000000 0.0000000
v -0.0378110 -0.0175000 0.1301000
vn 0.0000000 0.0000000 0.0000000
v -0.0375180 -0.0175000 0.1293930
vn 0.0000000 0.0000000 0.0000000
v -0.0378110 -0.0175000 0.1301000
vn 0.0000000 0.0000000 0.0000000
v -0.0363790 -0.0130920 0.1301000
vn 0.0000000 0.0000000 0.0000000
v -0.0378110 -0.0175000 0.1319990
vn 0.0000000 0.0000000 0.0000000
v -0.0363780 -0.0219090 0.1301000
vn 0.0000000 0.0000000 0.0000000
v -0.0378110 -0.0175000 0.1319990
vn 0.0000000 0.0000000 0.0000000
v -0.0378110 -0.0175000 0.1301000
vn 0.0000000 0.0000000 0.0000000
v -0.0361420 -0.0217360 0.1293930
vn 0.0000000 0.0000000 0.0000000
v -0.0363780 -0.0219090 0.1301000
vn 0.0000000 0.0000000 0.0000000
v -0.0378110 -0.0175000 0.1301000
vn 0.0000000 0.0000000 0.0000000
v -0.0375180 -0.0175000 0.1293930
vn 0.0000000 0.0000000 0.0000000
v -0.0326289 -0.0103670 0.1301000
vn 0.0000000 0.0000000 0.0000000
v -0.0361420 -0.0132640 0.1293930
vn 0.0000000 0.0000000 0.0000000
v -0.0326289 -0.0103670 0.1301000
vn 0.0000000 0.0000000 0.0000000
v -0.0326289 -0.0103670 0.1319990
vn 0.0000000 0.0000000 0.0000000
v -0.0279930 -0.0103670 0.1301000
vn 0.0000000 0.0000000 0.0000000
v -0.0325380 -0.0106460 0.1293930
vn 0.0000000 0.0000000 0.0000000
v -0.0279930 -0.0103670 0.1301000
vn 0.0000000 0.0000000 0.0000000
v -0.0279930 -0.0103670 0.1319990
vn 0.0000000 0.0000000 0.0000000
v -0.0242430 -0.0130910 0.1301000
vn 0.0000000 0.0000000 0.0000000
v -0.0280840 -0.0106460 0.1293930
vn 0.0000000 0.0000000 0.0000000
v -0.0242430 -0.0130910 0.1301000
vn 0.0000000 0.0000000 0.0000000
v -0.0228110 -0.0175000 0.1319990
vn 0.0000000 0.0000000 0.0000000
v -0.0228110 -0.0175000 0.1301000
vn 0.0000000 0.0000000 0.0000000
v -0.0244800 -0.0132640 0.1293930
vn 0.0000000 0.0000000 0.0000000
v -0.0228110 -0.0175000 0.1301000
vn 0.0000000 0.0000000 0.0000000
v -0.0242430 -0.0130920 0.1319990
vn 0.0000000 0.0000000 0.0000000
v -0.0242430 -0.0219080 0.1319990
vn 0.0000000 0.0000000 0.0000000
v -0.0228110 -0.0175000 0.1301000
vn 0.0000000 0.0000000 0.0000000
v -0.0228110 -0.0175000 0.1319990
vn 0.0000000 0.0000000 0.0000000
v -0.0242430 -0.0219080 0.1301000
vn 0.0000000 0.0000000 0.0000000
v -0.0231040 -0.0175000 0.1293930
vn 0.0000000 0.0000000 0.0000000
v -0.0228110 -0.0175000 0.1301000
vn 0.0000000 0.0000000 0.0000000
v -0.0242430 -0.0219080 0.1301000
vn 0.0000000 0.0000000 0.0000000
v -0.0231040 -0.0175000 0.1293930
vn 0.0000000 0.0000000 0.0000000
v -0.0228110 -0.0175000 0.1319990
vn 0.0000000 0.0000000 0.0000000
v -0.0242430 -0.0130920 0.1319990
vn 0.0000000 0.0000000 0.0000000
v -0.0242430 -0.0219080 0.1319990
vn 0.0000000 0.0000000 0.0000000
v -0.0228110 -0.0175000 0.1319990
vn 0.0000000 0.0000000 0.0000000
v -0.0279930 -0.0103670 0.1319990
vn 0.0000000 0.0000000 0.0000000
v -0.0326289 -0.0103670 0.1319990
vn 0.0000000 0.0000000 0.0000000
v -0.0363790 -0.0130920 0.1319990
vn 0.0000000 0.0000000 0.0000000
v -0.0378110 -0.0175000 0.1319990
vn 0.0000000 0.0000000 0.0000000
v -0.0363790 -0.0219080 0.1319990
vn 0.0000000 0.0000000 0.0000000
v -0.0378110 -0.0175000 0.1319990
vn 0.0000000 0.0000000 0.0000000
v -0.0363790 -0.0219080 0.1319990
vn 0.0000000 0.0000000 0.0000000
v -0.0279930 -0.0246330 0.1301000
vn 0.0000000 0.0000000 0.0000000
v -0.0244800 -0.0217360 0.1293930
vn 0.0000000 0.0000000 0.0000000
v -0.0279930 -0.0246330 0.1301000
vn 0.0000000 0.0000000 0.0000000
v -0.0279930 -0.0246330 0.1319990
vn 0.0000000 0.0000000 0.0000000
v -0.0326280 -0.0246330 0.1301000
vn 0.0000000 0.0000000 0.0000000
v -0.0280840 -0.0243540 0.1293930
vn 0.0000000 0.0000000 0.0000000
v -0.0326280 -0.0246330 0.1301000
vn 0.0000000 0.0000000 0.0000000
v -0.0326289 -0.0246330 0.1319990
vn 0.0000000 0.0000000 0.0000000
v -0.0325380 -0.0243540 0.1293930
vn 0.0000000 0.0000000 0.0000000
v -0.0326289 -0.0246330 0.1319990
vn 0.0000000 0.0000000 0.0000000
v -0.0279930 -0.0246330 0.1319990
vn 0.0000000 0.0000000 0.0000000
v -0.0363790 0.0219080 0.1319990
vn 0.0000000 0.0000000 0.0000000
v -0.0363790 0.0219080 0.1301000
vn 0.0000000 0.0000000 0.0000000
v -0.0378110 0.0175000 0.1301000
vn 0.0000000 0.0000000 0.0000000
v -0.0375180 0.0175000 0.1293930
vn 0.0000000 0.0000000 0.0000000
v -0.0378110 0.0175000 0.1301000
vn 0.0000000 0.0000000 0.0000000
v -0.0363790 0.0219080 0.1301000
vn 0.0000000 0.0000000 0.0000000
v -0.0378110 0.0175000 0.1319990
vn 0.0000000 0.0000000 0.0000000
v -0.0363780 0.0130910 0.1301000
vn 0.0000000 0.0000000 0.0000000
v -0.0378110 0.0175000 0.1319990
vn 0.0000000 0.0000000 0.0000000
v -0.0378110 0.0175000 0.1301000
vn 0.0000000 0.0000000 0.0000000
v -0.0361420 0.0132640 0.1293930
vn 0.0000000 0.0000000 0.0000000
v -0.0363780 0.0130910 0.1301000
vn 0.0000000 0.0000000 0.0000000
v -0.0378110 0.0175000 0.1301000
vn 0.0000000 0.0000000 0.0000000
v -0.0375180 0.0175000 0.1293930
vn 0.0000000 0.0000000 0.0000000
v -0.0326289 0.0246330 0.1301000
vn 0.0000000 0.0000000 0.0000000
v -0.0361420 0.0217360 0.1293930
vn 0.0000000 0.0000000 0.0000000
v -0.0326289 0.0246330 0.1301000
vn 0.0000000 0.0000000 0.0000000
v -0.0326289 0.0246330 0.1319990
vn 0.0000000 0.0000000 0.0000000
v -0.0279930 0.0246330 0.1301000
vn 0.0000000 0.0000000 0.0000000
v -0.0325380 0.0243540 0.1293930
vn 0.0000000 0.0000000 0.0000000
v -0.0279930 0.0246330 0.1301000
vn 0.0000000 0.0000000 0.0000000
v -0.0279930 0.0246330 0.1319990
vn 0.0000000 0.0000000 0.0000000
v -0.0242430 0.0219090 0.1301000
vn 0.0000000 0.0000000 0.0000000
v -0.0280840 0.0243540 0.1293930
vn 0.0000000 0.0000000 0.0000000
v -0.0242430 0.0219090 0.1301000
vn 0.0000000 0.0000000 0.0000000
v -0.0228110 0.0175000 0.1319990
vn 0.0000000 0.0000000 0.0000000
v -0.0228110 0.0175000 0.1301000
vn 0.0000000 0.0000000 0.0000000
v -0.0244800 0.0217360 0.1293930
vn 0.0000000 0.0000000 0.0000000
v -0.0228110 0.0175000 0.1301000
vn 0.0000000 0.0000000 0.0000000
v -0.0242430 0.0219080 0.1319990
vn 0.0000000 0.0000000 0.0000000
v -0.0242430 0.0130920 0.1319990
vn 0.0000000 0.0000000 0.0000000
v -0.0228110 0.0175000 0.1301000
vn 0.0000000 0.0000000 0.0000000
v -0.0228110 0.0175000 0.1319990
vn 0.0000000 0.0000000 0.0000000
v -0.0242430 0.0130920 0.1301000
vn 0.0000000 0.0000000 0.0000000
v -0.0231040 0.0175000 0.1293930
vn 0.0000000 0.0000000 0.0000000
v -0.0228110 0.0175000 0.1301000
vn 0.0000000 0.0000000 0.0000000
v -0.0242430 0.0130920 0.1301000
vn 0.0000000 0.0000000 0.0000000
v -0.0231040 0.0175000 0.1293930
vn 0.0000000 0.0000000 0.0000000
v -0.0228110 0.0175000 0.1319990
vn 0.0000000 0.0000000 0.0000000
v -0.0242430 0.0219080 0.1319990
vn 0.0000000 0.0000000 0.0000000
v -0.0242430 0.0130920 0.1319990
vn 0.0000000 0.0000000 0.0000000
v -0.0228110 0.0175000 0.1319990
vn 0.0000000 0.0000000 0.0000000
v -0.0279930 0.0246330 0.1319990
vn 0.0000000 0.0000000 0.0000000
v -0.0326289 0.0246330 0.1319990
vn 0.0000000 0.0000000 0.0000000
v -0.0363790 0.0219080 0.1319990
vn 0.0000000 0.0000000 0.0000000
v -0.0378110 0.0175000 0.1319990
vn 0.0000000 0.0000000 0.0000000
v -0.0363790 0.0130920 0.1319990
vn 0.0000000 0.0000000 0.0000000
v -0.0378110 0.0175000 0.1319990
vn 0.0000000 0.0000000 0.0000000
v -0.0363790 0.0130920 0.1319990
vn 0.0000000 0.0000000 0.0000000
v -0.0279930 0.0103670 0.1301000
vn 0.0000000 0.0000000 0.0000000
v -0.0244800 0.0132640 0.1293930
vn 0.0000000 0.0000000 0.0000000
v -0.0279930 0.0103670 0.1301000
vn 0.0000000 0.0000000 0.0000000
v -0.0279930 0.0103670 0.1319990
vn 0.0000000 0.0000000 0.0000000
v -0.0326280 0.0103670 0.1301000
vn 0.0000000 0.0000000 0.0000000
v -0.0280840 0.0106460 0.1293930
vn 0.0000000 0.0000000 0.0000000
v -0.0326280 0.0103670 0.1301000
vn 0.0000000 0.0000000 0.0000000
v -0.0326289 0.0103670 0.1319990
vn 0.0000000 0.0000000 0.0000000
v -0.0325380 0.0106460 0.1293930
vn 0.0000000 0.0000000 0.0000000
v -0.0326289 0.0103670 0.1319990
vn 0.0000000 0.0000000 0.0000000
v -0.0279930 0.0103670 0.1319990
vn 0.0000000 0.0000000 0.0000000
v -0.0291850 0.0194460 0.1371000
vn 0.0000000 0.0000000 0.0000000
v -0.0280610 0.0175000 0.1291000
vn 0.0000000 0.0000000 0.0000000
v -0.0280610 0.0175000 0.1371000
vn 0.0000000 0.0000000 0.0000000
v -0.0291850 0.0155540 0.1291000
vn 0.0000000 0.0000000 0.0000000
v -0.0280610 0.0175000 0.1371000
vn 0.0000000 0.0000000 0.0000000
v -0.0280610 0.0175000 0.1291000
vn 0.0000000 0.0000000 0.0000000
v -0.0274880 0.0203310 0.1371000
vn 0.0000000 0.0000000 0.0000000
v -0.0291850 0.0194460 0.1371000
vn 0.0000000 0.0000000 0.0000000
v -0.0280610 0.0175000 0.1371000
vn 0.0000000 0.0000000 0.0000000
v -0.0291850 0.0155540 0.1371000
vn 0.0000000 0.0000000 0.0000000
v -0.0263110 0.0175000 0.1371000
vn 0.0000000 0.0000000 0.0000000
v -0.0291850 0.0155540 0.1371000
vn 0.0000000 0.0000000 0.0000000
v -0.0291850 0.0194460 0.1291000
vn 0.0000000 0.0000000 0.0000000
v -0.0238110 0.0175000 0.1291000
vn 0.0000000 0.0000000 0.0000000
v -0.0280610 0.0175000 0.1291000
vn 0.0000000 0.0000000 0.0000000
v -0.0291850 0.0194460 0.1291000
vn 0.0000000 0.0000000 0.0000000
v -0.0242930 0.0150460 0.1291000
vn 0.0000000 0.0000000 0.0000000
v -0.0291850 0.0155540 0.1291000
vn 0.0000000 0.0000000 0.0000000
v -0.0314370 0.0194460 0.1371000
vn 0.0000000 0.0000000 0.0000000
v -0.0314370 0.0194460 0.1291000
vn 0.0000000 0.0000000 0.0000000
v -0.0363290 0.0199540 0.1291000
vn 0.0000000 0.0000000 0.0000000
v -0.0314370 0.0194460 0.1291000
vn 0.0000000 0.0000000 0.0000000
v -0.0242960 0.0199600 0.1291000
vn 0.0000000 0.0000000 0.0000000
v -0.0325610 0.0175000 0.1371000
vn 0.0000000 0.0000000 0.0000000
v -0.0325610 0.0175000 0.1291000
vn 0.0000000 0.0000000 0.0000000
v -0.0325610 0.0175000 0.1291000
vn 0.0000000 0.0000000 0.0000000
v -0.0314370 0.0155540 0.1371000
vn 0.0000000 0.0000000 0.0000000
v -0.0325610 0.0175000 0.1291000
vn 0.0000000 0.0000000 0.0000000
v -0.0325610 0.0175000 0.1371000
vn 0.0000000 0.0000000 0.0000000
v -0.0314370 0.0155540 0.1291000
vn 0.0000000 0.0000000 0.0000000
v -0.0368110 0.0175000 0.1291000
vn 0.0000000 0.0000000 0.0000000
v -0.0314370 0.0155540 0.1291000
vn 0.0000000 0.0000000 0.0000000
v -0.0343110 0.0175000 0.1371000
vn 0.0000000 0.0000000 0.0000000
v -0.0325610 0.0175000 0.1371000
vn 0.0000000 0.0000000 0.0000000
v -0.0314370 0.0194460 0.1371000
vn 0.0000000 0.0000000 0.0000000
v -0.0331340 0.0146690 0.1371000
vn 0.0000000 0.0000000 0.0000000
v -0.0314370 0.0155540 0.1371000
vn 0.0000000 0.0000000 0.0000000
v -0.0331340 0.0203310 0.1371000
vn 0.0000000 0.0000000 0.0000000
v -0.0363260 0.0150400 0.1291000
vn 0.0000000 0.0000000 0.0000000
v -0.0274880 0.0146690 0.1371000
vn 0.0000000 0.0000000 0.0000000
v -0.0291850 -0.0155540 0.1371000
vn 0.0000000 0.0000000 0.0000000
v -0.0280610 -0.0175000 0.1291000
vn 0.0000000 0.0000000 0.0000000
v -0.0280610 -0.0175000 0.1371000
vn 0.0000000 0.0000000 0.0000000
v -0.0291850 -0.0194460 0.1291000
vn 0.0000000 0.0000000 0.0000000
v -0.0280610 -0.0175000 0.1371000
vn 0.0000000 0.0000000 0.0000000
v -0.0280610 -0.0175000 0.1291000
vn 0.0000000 0.0000000 0.0000000
v -0.0274880 -0.0146690 0.1371000
vn 0.0000000 0.0000000 0.0000000
v -0.0291850 -0.0155540 0.1371000
vn 0.0000000 0.0000000 0.0000000
v -0.0280610 -0.0175000 0.1371000
vn 0.0000000 0.0000000 0.0000000
v -0.0291850 -0.0194460 0.1371000
vn 0.0000000 0.0000000 0.0000000
v -0.0263110 -0.0175000 0.1371000
vn 0.0000000 0.0000000 0.0000000
v -0.0291850 -0.0194460 0.1371000
vn 0.0000000 0.0000000 0.0000000
v -0.0291850 -0.0155540 0.1291000
vn 0.0000000 0.0000000 0.0000000
v -0.0238110 -0.0175000 0.1291000
vn 0.0000000 0.0000000 0.0000000
v -0.0280610 -0.0175000 0.1291000
vn 0.0000000 0.0000000 0.0000000
v -0.0291850 -0.0155540 0.1291000
vn 0.0000000 0.0000000 0.0000000
v -0.0242930 -0.0199540 0.1291000
vn 0.0000000 0.0000000 0.0000000
v -0.0291850 -0.0194460 0.1291000
vn 0.0000000 0.0000000 0.0000000
v -0.0314370 -0.0155540 0.1371000
vn 0.0000000 0.0000000 0.0000000
v -0.0314370 -0.0155540 0.1291000
vn 0.0000000 0.0000000 0.0000000
v -0.0363290 -0.0150460 0.1291000
vn 0.0000000 0.0000000 0.0000000
v -0.0314370 -0.0155540 0.1291000
vn 0.0000000 0.0000000 0.0000000
v -0.0242960 -0.0150400 0.1291000
vn 0.0000000 0.0000000 0.0000000
v -0.0325610 -0.0175000 0.1371000
vn 0.0000000 0.0000000 0.0000000
v -0.0325610 -0.0175000 0.1291000
vn 0.0000000 0.0000000 0.0000000
v -0.0325610 -0.0175000 0.1291000
vn 0.0000000 0.0000000 0.0000000
v -0.0314370 -0.0194460 0.1371000
vn 0.0000000 0.0000000 0.0000000
v -0.0325610 -0.0175000 0.1291000
vn 0.0000000 0.0000000 0.0000000
v -0.0325610 -0.0175000 0.1371000
vn 0.0000000 0.0000000 0.0000000
v -0.0314370 -0.0194460 0.1291000
vn 0.0000000 0.0000000 0.0000000
v -0.0368110 -0.0175000 0.1291000
vn 0.0000000 0.0000000 0.0000000
v -0.0314370 -0.0194460 0.1291000
vn 0.0000000 0.0000000 0.0000000
v -0.0343110 -0.0175000 0.1371000
vn 0.0000000 0.0000000 0.0000000
v -0.0325610 -0.0175000 0.1371000
vn 0.0000000 0.0000000 0.0000000
v -0.0314370 -0.0155540 0.1371000
vn 0.0000000 0.0000000 0.0000000
v -0.0331340 -0.0203310 0.1371000
vn 0.0000000 0.0000000 0.0000000
v -0.0314370 -0.0194460 0.1371000
vn 0.0000000 0.0000000 0.0000000
v -0.0331340 -0.0146690 0.1371000
vn 0.0000000 0.0000000 0.0000000
v -0.0363260 -0.0199600 0.1291000
vn 0.0000000 0.0000000 0.0000000
v -0.0274880 -0.0203310 0.1371000
vn 0.0000000 0.0000000 0.0000000
v -0.0331340 0.0203310 0.1371000
vn 0.0000000 0.0000000 0.0000000
v -0.0331390 0.0203280 0.1389990
vn 0.0000000 0.0000000 0.0000000
v -0.0343110 0.0175000 0.1389990
vn 0.0000000 0.0000000 0.0000000
v -0.0343110 0.0175000 0.1389990
vn 0.0000000 0.0000000 0.0000000
v -0.0331390 0.0203280 0.1389990
vn 0.0000000 0.0000000 0.0000000
v -0.0343110 0.0175000 0.1371000
vn 0.0000000 0.0000000 0.0000000
v -0.0331390 0.0146720 0.1389990
vn 0.0000000 0.0000000 0.0000000
v -0.0343110 0.0175000 0.1371000
vn 0.0000000 0.0000000 0.0000000
v -0.0343110 0.0175000 0.1389990
vn 0.0000000 0.0000000 0.0000000
v -0.0331390 0.0146720 0.1389990
vn 0.0000000 0.0000000 0.0000000
v -0.0343110 0.0175000 0.1389990
vn 0.0000000 0.0000000 0.0000000
v -0.0303110 0.0215000 0.1389990
vn 0.0000000 0.0000000 0.0000000
v -0.0303110 0.0215000 0.1389990
vn 0.0000000 0.0000000 0.0000000
v -0.0274880 0.0203310 0.1371000
vn 0.0000000 0.0000000 0.0000000
v -0.0274820 0.0203280 0.1389990
vn 0.0000000 0.0000000 0.0000000
v -0.0274820 0.0203280 0.1389990
vn 0.0000000 0.0000000 0.0000000
v -0.0303110 0.0214960 0.1371000
vn 0.0000000 0.0000000 0.0000000
v -0.0263110 0.0175000 0.1371000
vn 0.0000000 0.0000000 0.0000000
v -0.0263110 0.0175000 0.1389990
vn 0.0000000 0.0000000 0.0000000
v -0.0263110 0.0175000 0.1389990
vn 0.0000000 0.0000000 0.0000000
v -0.0274880 0.0146690 0.1371000
vn 0.0000000 0.0000000 0.0000000
v -0.0263110 0.0175000 0.1389990
vn 0.0000000 0.0000000 0.0000000
v -0.0263110 0.0175000 0.1371000
vn 0.0000000 0.0000000 0.0000000
v -0.0274820 0.0146720 0.1389990
vn 0.0000000 0.0000000 0.0000000
v -0.0263110 0.0175000 0.1389990
vn 0.0000000 0.0000000 0.0000000
v -0.0274820 0.0146720 0.1389990
vn 0.0000000 0.0000000 0.0000000
v -0.0303110 0.0214960 0.1371000
vn 0.0000000 0.0000000 0.0000000
v -0.0331340 0.0146690 0.1371000
vn 0.0000000 0.0000000 0.0000000
v -0.0303110 0.0135000 0.1389990
vn 0.0000000 0.0000000 0.0000000
v -0.0303110 0.0135000 0.1389990
vn 0.0000000 0.0000000 0.0000000
v -0.0303110 0.0135040 0.1371000
vn 0.0000000 0.0000000 0.0000000
v -0.0303110 0.0135040 0.1371000
vn 0.0000000 0.0000000 0.0000000
v -0.0331340 -0.0146690 0.1371000
vn 0.0000000 0.0000000 0.0000000
v -0.0331390 -0.0146720 0.1389990
vn 0.0000000 0.0000000 0.0000000
v -0.0343110 -0.0175000 0.1389990
vn 0.0000000 0.0000000 0.0000000
v -0.0343110 -0.0175000 0.1389990
vn 0.0000000 0.0000000 0.0000000
v -0.0331390 -0.0146720 0.1389990
vn 0.0000000 0.0000000 0.0000000
v -0.0343110 -0.0175000 0.1371000
vn 0.0000000 0.0000000 0.0000000
v -0.0331390 -0.0203280 0.1389990
vn 0.0000000 0.0000000 0.0000000
v -0.0343110 -0.0175000 0.1371000
vn 0.0000000 0.0000000 0.0000000
v -0.0343110 -0.0175000 0.1389990
vn 0.0000000 0.0000000 0.0000000
v -0.0331390 -0.0203280 0.1389990
vn 0.0000000 0.0000000 0.0000000
v -0.0343110 -0.0175000 0.1389990
vn 0.0000000 0.0000000 0.0000000
v -0.0303110 -0.0135000 0.1389990
vn 0.0000000 0.0000000 0.0000000
v -0.0303110 -0.0135000 0.1389990
vn 0.0000000 0.0000000 0.0000000
v -0.0274880 -0.0146690 0.1371000
vn 0.0000000 0.0000000 0.0000000
v -0.0274820 -0.0146720 0.1389990
vn 0.0000000 0.0000000 0.0000000
v -0.0274820 -0.0146720 0.1389990
vn 0.0000000 0.0000000 0.0000000
v -0.0303110 -0.0135040 0.1371000
vn 0.0000000 0.0000000 0.0000000
v -0.0263110 -0.0175000 0.1371000
vn 0.0000000 0.0000000 0.0000000
v -0.0263110 -0.0175000 0.1389990
vn 0.0000000 0.0000000 0.0000000
v -0.0263110 -0.0175000 0.1389990
vn 0.0000000 0.0000000 0.0000000
v -0.0274880 -0.0203310 0.1371000
vn 0.0000000 0.0000000 0.0000000
v -0.0263110 -0.0175000 0.1389990
vn 0.0000000 0.0000000 0.0000000
v -0.0263110 -0.0175000 0.1371000
vn 0.0000000 0.0000000 0.0000000
v -0.0274820 -0.0203280 0.1389990
vn 0.0000000 0.0000000 0.0000000
v -0.0263110 -0.0175000 0.1389990
vn 0.0000000 0.0000000 0.0000000
v -0.0274820 -0.0203280 0.1389990
vn 0.0000000 0.0000000 0.0000000
v -0.0303110 -0.0135040 0.1371000
vn 0.0000000 0.0000000 0.0000000
v -0.0331340 -0.0203310 0.1371000
vn 0.0000000 0.0000000 0.0000000
v -0.0303110 -0.0215000 0.1389990
vn 0.0000000 0.0000000 0.0000000
v -0.0303110 -0.0215000 0.1389990
vn 0.0000000 0.0000000 0.0000000
v -0.0303110 -0.0214960 0.1371000
vn 0.0000000 0.0000000 0.0000000
v -0.0303110 -0.0214960 0.1371000
vn 0.0000000 0.0000000 0.0000000
v -0.0533370 0.2524190 0.1130000
vn 0.0000000 0.0000000 0.0000000
v -0.0242930 -0.0199540 0.1291000
vn 0.0000000 0.0000000 0.0000000
v -0.0238110 -0.0175000 0.1291000
vn 0.0000000 0.0000000 0.0000000
v -0.0242960 -0.0150400 0.1291000
vn 0.0000000 0.0000000 0.0000000
v -0.0238110 -0.0175000 0.1291000
vn 0.0000000 0.0000000 0.0000000
v -0.0256990 -0.0220790 0.1291000
vn 0.0000000 0.0000000 0.0000000
v -0.0256990 -0.0220790 0.1291000
vn 0.0000000 0.0000000 0.0000000
v -0.0349180 -0.0220840 0.1291000
vn 0.0000000 0.0000000 0.0000000
v -0.0278100 -0.0234970 0.1291000
vn 0.0000000 0.0000000 0.0000000
v -0.0278100 -0.0234970 0.1291000
vn 0.0000000 0.0000000 0.0000000
v -0.0328050 -0.0235000 0.1291000
vn 0.0000000 0.0000000 0.0000000
v -0.0303070 -0.0239980 0.1291000
vn 0.0000000 0.0000000 0.0000000
v -0.0303070 -0.0239980 0.1291000
vn 0.0000000 0.0000000 0.0000000
v -0.0328050 -0.0235000 0.1291000
vn 0.0000000 0.0000000 0.0000000
v -0.0349180 -0.0220840 0.1291000
vn 0.0000000 0.0000000 0.0000000
v -0.0363260 -0.0199600 0.1291000
vn 0.0000000 0.0000000 0.0000000
v -0.0368110 -0.0175000 0.1291000
vn 0.0000000 0.0000000 0.0000000
v -0.0368110 -0.0175000 0.1291000
vn 0.0000000 0.0000000 0.0000000
v -0.0363290 -0.0150460 0.1291000
vn 0.0000000 0.0000000 0.0000000
v -0.0349229 -0.0129210 0.1291000
vn 0.0000000 0.0000000 0.0000000
v -0.0349229 -0.0129210 0.1291000
vn 0.0000000 0.0000000 0.0000000
v -0.0257040 -0.0129160 0.1291000
vn 0.0000000 0.0000000 0.0000000
v -0.0328120 -0.0115030 0.1291000
vn 0.0000000 0.0000000 0.0000000
v -0.0328120 -0.0115030 0.1291000
vn 0.0000000 0.0000000 0.0000000
v -0.0278169 -0.0115000 0.1291000
vn 0.0000000 0.0000000 0.0000000
v -0.0303150 -0.0110020 0.1291000
vn 0.0000000 0.0000000 0.0000000
v -0.0303150 -0.0110020 0.1291000
vn 0.0000000 0.0000000 0.0000000
v -0.0278169 -0.0115000 0.1291000
vn 0.0000000 0.0000000 0.0000000
v -0.0257040 -0.0129160 0.1291000
vn 0.0000000 0.0000000 0.0000000
v -0.0242930 0.0150460 0.1291000
vn 0.0000000 0.0000000 0.0000000
v -0.0238110 0.0175000 0.1291000
vn 0.0000000 0.0000000 0.0000000
v -0.0242960 0.0199600 0.1291000
vn 0.0000000 0.0000000 0.0000000
v -0.0238110 0.0175000 0.1291000
vn 0.0000000 0.0000000 0.0000000
v -0.0256990 0.0129210 0.1291000
vn 0.0000000 0.0000000 0.0000000
v -0.0256990 0.0129210 0.1291000
vn 0.0000000 0.0000000 0.0000000
v -0.0349180 0.0129160 0.1291000
vn 0.0000000 0.0000000 0.0000000
v -0.0278100 0.0115030 0.1291000
vn 0.0000000 0.0000000 0.0000000
v -0.0278100 0.0115030 0.1291000
vn 0.0000000 0.0000000 0.0000000
v -0.0328050 0.0115000 0.1291000
vn 0.0000000 0.0000000 0.0000000
v -0.0303070 0.0110020 0.1291000
vn 0.0000000 0.0000000 0.0000000
v -0.0303070 0.0110020 0.1291000
vn 0.0000000 0.0000000 0.0000000
v -0.0328050 0.0115000 0.1291000
vn 0.0000000 0.0000000 0.0000000
v -0.0349180 0.0129160 0.1291000
vn 0.0000000 0.0000000 0.0000000
v -0.0363260 0.0150400 0.1291000
vn 0.0000000 0.0000000 0.0000000
v -0.0368110 0.0175000 0.1291000
vn 0.0000000 0.0000000 0.0000000
v -0.0368110 0.0175000 0.1291000
vn 0.0000000 0.0000000 0.0000000
v -0.0363290 0.0199540 0.1291000
vn 0.0000000 0.0000000 0.0000000
v -0.0349229 0.0220790 0.1291000
vn 0.0000000 0.0000000 0.0000000
v -0.0349229 0.0220790 0.1291000
vn 0.0000000 0.0000000 0.0000000
v -0.0257040 0.0220840 0.1291000
vn 0.0000000 0.0000000 0.0000000
v -0.0328120 0.0234970 0.1291000
vn 0.0000000 0.0000000 0.0000000
v -0.0328120 0.0234970 0.1291000
vn 0.0000000 0.0000000 0.0000000
v -0.0278169 0.0235000 0.1291000
vn 0.0000000 0.0000000 0.0000000
v -0.0303150 0.0239980 0.1291000
vn 0.0000000 0.0000000 0.0000000
v -0.0303150 0.0239980 0.1291000
vn 0.0000000 0.0000000 0.0000000
v -0.0278169 0.0235000 0.1291000
vn 0.0000000 0.0000000 0.0000000
v -0.0257040 0.0220840 0.1291000
vn 0.0000000 0.0000000 0.0000000
v -0.0530580 0.2558550 0.1140710
vn 0.0000000 0.0000000 0.0000000
v -0.0700830 0.2558470 0.0510000
vn 0.0000000 0.0000000 0.0000000
v -0.0706680 0.2551400 0.0517070
vn 0.0000000 0.0000000 0.0000000
v -0.0702560 0.2558470 0.0516460
vn 0.0000000 0.0000000 0.0000000
v -0.0707290 0.2558470 0.0521200
vn 0.0000000 0.0000000 0.0000000
v -0.0729750 0.2558470 0.0521200
vn 0.0000000 0.0000000 0.0000000
v -0.0723280 0.2558470 0.0522930
vn 0.0000000 0.0000000 0.0000000
v -0.0730350 0.2551400 0.0517070
vn 0.0000000 0.0000000 0.0000000
v -0.0734480 0.2558470 0.0516460
vn 0.0000000 0.0000000 0.0000000
v -0.0707199 0.2558470 0.0769840
vn 0.0000000 0.0000000 0.0000000
v -0.0713550 0.2558470 0.0768109
vn 0.0000000 0.0000000 0.0000000
v -0.0706630 0.2551400 0.0773930
vn 0.0000000 0.0000000 0.0000000
v -0.0702529 0.2558470 0.0774460
vn 0.0000000 0.0000000 0.0000000
v -0.0734450 0.2558470 0.0774610
vn 0.0000000 0.0000000 0.0000000
v -0.0730290 0.2551400 0.0773930
vn 0.0000000 0.0000000 0.0000000
v -0.0729660 0.2558470 0.0769769
vn 0.0000000 0.0000000 0.0000000
v -0.0736110 0.2558470 0.0781220
vn 0.0000000 0.0000000 0.0000000
v -0.0560419 0.2558660 0.1112780
vn 0.0000000 0.0000000 0.0000000
v -0.0662560 0.2558470 0.0960310
vn 0.0000000 0.0000000 0.0000000
v -0.0643330 0.2551400 0.1006760
vn 0.0000000 0.0000000 0.0000000
v -0.0560419 0.2558660 0.1112780
vn 0.0000000 0.0000000 0.0000000
v -0.0561970 0.2551400 0.1115660
vn 0.0000000 0.0000000 0.0000000
v -0.0561970 0.2551400 0.1115660
vn 0.0000000 0.0000000 0.0000000
v -0.0690060 0.2551400 0.0886140
vn 0.0000000 0.0000000 0.0000000
v -0.0703660 0.2551400 0.0780840
vn 0.0000000 0.0000000 0.0000000
v -0.0700730 0.2558470 0.0780780
vn 0.0000000 0.0000000 0.0000000
v -0.0700730 0.2558470 0.0780780
vn 0.0000000 0.0000000 0.0000000
v -0.0703660 0.2551400 0.0780840
vn 0.0000000 0.0000000 0.0000000
v -0.0690060 0.2551400 0.0886140
vn 0.0000000 0.0000000 0.0000000
v -0.0703660 0.2551400 0.0780840
vn 0.0000000 0.0000000 0.0000000
v -0.0691370 0.2530900 0.0880560
vn 0.0000000 0.0000000 0.0000000
v -0.0643330 0.2551400 0.1006760
vn 0.0000000 0.0000000 0.0000000
v -0.0652929 0.2530900 0.0988360
vn 0.0000000 0.0000000 0.0000000
v -0.0703660 0.2530900 0.0780840
vn 0.0000000 0.0000000 0.0000000
v -0.0706630 0.2530900 0.0773930
vn 0.0000000 0.0000000 0.0000000
v -0.0703660 0.2530900 0.0780840
vn 0.0000000 0.0000000 0.0000000
v -0.0706630 0.2551400 0.0773930
vn 0.0000000 0.0000000 0.0000000
v -0.0561970 0.2530900 0.1115660
vn 0.0000000 0.0000000 0.0000000
v -0.0561970 0.2530900 0.1115660
vn 0.0000000 0.0000000 0.0000000
v -0.0560270 0.2529400 0.1118310
vn 0.0000000 0.0000000 0.0000000
v 0.0291300 0.1176860 -0.1291000
vn 0.0000000 0.0000000 0.0000000
v 0.0296200 0.1177970 -0.1296000
vn 0.0000000 0.0000000 0.0000000
v 0.0291690 0.1124340 -0.1291000
vn 0.0000000 0.0000000 0.0000000
v 0.0296320 0.1122420 -0.1296000
vn 0.0000000 0.0000000 0.0000000
v 0.0261050 0.1081550 -0.1291000
vn 0.0000000 0.0000000 0.0000000
v 0.0263820 0.1077380 -0.1296000
vn 0.0000000 0.0000000 0.0000000
v -0.0561970 0.2551400 0.1115660
vn 0.0000000 0.0000000 0.0000000
v -0.0561970 0.2551400 0.1115660
vn 0.0000000 0.0000000 0.0000000
v -0.0561970 0.2530900 0.1115660
vn 0.0000000 0.0000000 0.0000000
v -0.0533350 0.2530900 0.1142310
vn 0.0000000 0.0000000 0.0000000
v -0.0533350 0.2530900 0.1142310
vn 0.0000000 0.0000000 0.0000000
v -0.0386770 0.2558470 0.1226010
vn 0.0000000 0.0000000 0.0000000
v -0.0222710 0.2551400 0.1260600
vn 0.0000000 0.0000000 0.0000000
v -0.0222649 0.2558470 0.1257680
vn 0.0000000 0.0000000 0.0000000
v -0.0416220 0.2530900 0.1216940
vn 0.0000000 0.0000000 0.0000000
v -0.0314000 0.2530900 0.1250300
vn 0.0000000 0.0000000 0.0000000
v -0.0320790 0.2551400 0.1248830
vn 0.0000000 0.0000000 0.0000000
v -0.0222710 0.2530900 0.1260600
vn 0.0000000 0.0000000 0.0000000
v 0.0263820 0.1077380 -0.1296000
vn 0.0000000 0.0000000 0.0000000
v 0.0296200 0.1177970 -0.1296000
vn 0.0000000 0.0000000 0.0000000
v 0.0296200 0.1177970 -0.1311000
vn 0.0000000 0.0000000 0.0000000
v 0.0293410 0.1177060 -0.1318070
vn 0.0000000 0.0000000 0.0000000
v 0.0296200 0.1177970 -0.1311000
vn 0.0000000 0.0000000 0.0000000
v 0.0296320 0.1122420 -0.1296000
vn 0.0000000 0.0000000 0.0000000
v 0.0296320 0.1122420 -0.1311000
vn 0.0000000 0.0000000 0.0000000
v 0.0293530 0.1123320 -0.1318070
vn 0.0000000 0.0000000 0.0000000
v 0.0296320 0.1122420 -0.1311000
vn 0.0000000 0.0000000 0.0000000
v -0.0320790 0.2551400 0.1248830
vn 0.0000000 0.0000000 0.0000000
v -0.0222710 0.2551400 0.1260600
vn 0.0000000 0.0000000 0.0000000
v -0.0530580 0.2558550 0.1140710
vn 0.0000000 0.0000000 0.0000000
v -0.0420149 0.2551400 0.1215150
vn 0.0000000 0.0000000 0.0000000
v -0.0420149 0.2551400 0.1215150
vn 0.0000000 0.0000000 0.0000000
v -0.0533350 0.2551400 0.1142310
vn 0.0000000 0.0000000 0.0000000
v 0.0286770 0.1125370 -0.1321000
vn 0.0000000 0.0000000 0.0000000
v 0.0286680 0.1174900 -0.1321000
vn 0.0000000 0.0000000 0.0000000
v -0.0533350 0.2551400 0.1142310
vn 0.0000000 0.0000000 0.0000000
v -0.0533350 0.2551400 0.1142310
vn 0.0000000 0.0000000 0.0000000
v -0.0694320 0.2558470 0.0975830
vn 0.0000000 0.0000000 0.0000000
v -0.0733180 0.2551400 0.0781160
vn 0.0000000 0.0000000 0.0000000
v -0.0736110 0.2558470 0.0781220
vn 0.0000000 0.0000000 0.0000000
v -0.0730290 0.2530900 0.0773930
vn 0.0000000 0.0000000 0.0000000
v -0.0730290 0.2551400 0.0773930
vn 0.0000000 0.0000000 0.0000000
v -0.0733180 0.2551400 0.0781160
vn 0.0000000 0.0000000 0.0000000
v -0.0733180 0.2551400 0.0781160
vn 0.0000000 0.0000000 0.0000000
v -0.0720990 0.2530900 0.0883230
vn 0.0000000 0.0000000 0.0000000
v -0.0730539 0.2530900 0.0824140
vn 0.0000000 0.0000000 0.0000000
v -0.0722780 0.2551400 0.0874780
vn 0.0000000 0.0000000 0.0000000
v -0.0733180 0.2530900 0.0781160
vn 0.0000000 0.0000000 0.0000000
v -0.0722780 0.2551400 0.0874780
vn 0.0000000 0.0000000 0.0000000
v -0.0533350 0.2551400 0.1142310
vn 0.0000000 0.0000000 0.0000000
v -0.0635410 0.2530900 0.1074340
vn 0.0000000 0.0000000 0.0000000
v -0.0695680 0.2530900 0.0964920
vn 0.0000000 0.0000000 0.0000000
v -0.0692210 0.2551400 0.0973320
vn 0.0000000 0.0000000 0.0000000
v -0.0692210 0.2551400 0.0973320
vn 0.0000000 0.0000000 0.0000000
v -0.0503630 0.2551400 0.1130000
vn 0.0000000 0.0000000 0.0000000
v -0.0582720 0.2558470 0.1140710
vn 0.0000000 0.0000000 0.0000000
v -0.0629920 0.2551400 0.1081820
vn 0.0000000 0.0000000 0.0000000
v -0.0733180 0.2530900 0.0781160
vn 0.0000000 0.0000000 0.0000000
v -0.0733180 0.2551400 0.0781160
vn 0.0000000 0.0000000 0.0000000
v -0.0629920 0.2551400 0.1081820
vn 0.0000000 0.0000000 0.0000000
v -0.0417490 0.2558470 0.1251950
vn 0.0000000 0.0000000 0.0000000
v -0.0519060 0.2551400 0.1191160
vn 0.0000000 0.0000000 0.0000000
v -0.0519060 0.2551400 0.1191160
vn 0.0000000 0.0000000 0.0000000
v -0.0391710 0.2530900 0.1258970
vn 0.0000000 0.0000000 0.0000000
v -0.0365429 0.2551400 0.1267800
vn 0.0000000 0.0000000 0.0000000
v -0.0222740 0.2558470 0.1293610
vn 0.0000000 0.0000000 0.0000000
v -0.0365429 0.2551400 0.1267800
vn 0.0000000 0.0000000 0.0000000
v -0.0513330 0.2530900 0.1195260
vn 0.0000000 0.0000000 0.0000000
v -0.0222680 0.2551400 0.1290680
vn 0.0000000 0.0000000 0.0000000
v -0.0713570 0.2551400 0.0771040
vn 0.0000000 0.0000000 0.0000000
v -0.0753300 0.2561400 0.0770880
vn 0.0000000 0.0000000 0.0000000
v -0.0703760 0.2561400 0.0640000
vn 0.0000000 0.0000000 0.0000000
v -0.0733760 0.2561400 0.0640000
vn 0.0000000 0.0000000 0.0000000
v -0.0703760 0.2485400 0.0640000
vn 0.0000000 0.0000000 0.0000000
v -0.0733760 0.2561400 0.0640000
vn 0.0000000 0.0000000 0.0000000
v -0.0703760 0.2561400 0.0640000
vn 0.0000000 0.0000000 0.0000000
v -0.0733760 0.2561400 0.0560000
vn 0.0000000 0.0000000 0.0000000
v -0.0733760 0.2485400 0.0560000
vn 0.0000000 0.0000000 0.0000000
v -0.0733760 0.2561400 0.0560000
vn 0.0000000 0.0000000 0.0000000
v -0.0733760 0.2561400 0.0640000
vn 0.0000000 0.0000000 0.0000000
v -0.0733760 0.2485400 0.0640000
vn 0.0000000 0.0000000 0.0000000
v -0.0733760 0.2485400 0.0640000
vn 0.0000000 0.0000000 0.0000000
v -0.0693760 0.2561400 0.0510000
vn 0.0000000 0.0000000 0.0000000
v -0.0703760 0.2561400 0.0560000
vn 0.0000000 0.0000000 0.0000000
v -0.0703760 0.2548900 0.0600000
vn 0.0000000 0.0000000 0.0000000
v -0.0703760 0.2561400 0.0640000
vn 0.0000000 0.0000000 0.0000000
v -0.0703760 0.2561400 0.0560000
vn 0.0000000 0.0000000 0.0000000
v -0.0699560 0.2561400 0.0766850
vn 0.0000000 0.0000000 0.0000000
v -0.0713490 0.2561400 0.0761040
vn 0.0000000 0.0000000 0.0000000
v -0.0723020 0.2561400 0.0760960
vn 0.0000000 0.0000000 0.0000000
v -0.0703760 0.2537660 0.0619460
vn 0.0000000 0.0000000 0.0000000
v -0.0703760 0.2485400 0.0640000
vn 0.0000000 0.0000000 0.0000000
v -0.0699650 0.2561400 0.0524180
vn 0.0000000 0.0000000 0.0000000
v -0.0733760 0.2485400 0.0560000
vn 0.0000000 0.0000000 0.0000000
v -0.0703760 0.2561400 0.0560000
vn 0.0000000 0.0000000 0.0000000
v -0.0733760 0.2561400 0.0560000
vn 0.0000000 0.0000000 0.0000000
v -0.0703760 0.2485400 0.0560000
vn 0.0000000 0.0000000 0.0000000
v -0.0703760 0.2515140 0.0580540
vn 0.0000000 0.0000000 0.0000000
v -0.0703760 0.2485400 0.0560000
vn 0.0000000 0.0000000 0.0000000
v -0.0703760 0.2537660 0.0580540
vn 0.0000000 0.0000000 0.0000000
v -0.0723280 0.2561400 0.0530000
vn 0.0000000 0.0000000 0.0000000
v -0.0737460 0.2561400 0.0524099
vn 0.0000000 0.0000000 0.0000000
v -0.0713750 0.2561400 0.0530000
vn 0.0000000 0.0000000 0.0000000
v -0.0699650 0.2561400 0.0524180
vn 0.0000000 0.0000000 0.0000000
v -0.0693760 0.2561400 0.0510000
vn 0.0000000 0.0000000 0.0000000
v -0.0683760 0.2561400 0.0771120
vn 0.0000000 0.0000000 0.0000000
v -0.0743280 0.2561400 0.0510000
vn 0.0000000 0.0000000 0.0000000
v -0.0736210 0.2558470 0.0510000
vn 0.0000000 0.0000000 0.0000000
v -0.0743280 0.2561400 0.0510000
vn 0.0000000 0.0000000 0.0000000
v -0.0737460 0.2561400 0.0524099
vn 0.0000000 0.0000000 0.0000000
v -0.0723280 0.2561400 0.0530000
vn 0.0000000 0.0000000 0.0000000
v -0.0713750 0.2558470 0.0522930
vn 0.0000000 0.0000000 0.0000000
v -0.0723280 0.2561400 0.0530000
vn 0.0000000 0.0000000 0.0000000
v -0.0713750 0.2561400 0.0530000
vn 0.0000000 0.0000000 0.0000000
v -0.0723280 0.2558470 0.0522930
vn 0.0000000 0.0000000 0.0000000
v -0.0713750 0.2558470 0.0522930
vn 0.0000000 0.0000000 0.0000000
v -0.0713750 0.2561400 0.0530000
vn 0.0000000 0.0000000 0.0000000
v -0.0713570 0.2551400 0.0771040
vn 0.0000000 0.0000000 0.0000000
v -0.0693660 0.2561400 0.0780640
vn 0.0000000 0.0000000 0.0000000
v -0.0673100 0.2561400 0.0870580
vn 0.0000000 0.0000000 0.0000000
v -0.0676680 0.2558470 0.0771120
vn 0.0000000 0.0000000 0.0000000
v -0.0683760 0.2561400 0.0771120
vn 0.0000000 0.0000000 0.0000000
v -0.0673100 0.2561400 0.0870580
vn 0.0000000 0.0000000 0.0000000
v -0.0680540 0.2561400 0.0882929
vn 0.0000000 0.0000000 0.0000000
v -0.0632160 0.2561400 0.0985089
vn 0.0000000 0.0000000 0.0000000
v -0.0644760 0.2558470 0.0939990
vn 0.0000000 0.0000000 0.0000000
v -0.0632160 0.2561400 0.0985089
vn 0.0000000 0.0000000 0.0000000
v -0.0635640 0.2561400 0.0999920
vn 0.0000000 0.0000000 0.0000000
v -0.0557000 0.2561400 0.1092000
vn 0.0000000 0.0000000 0.0000000
v -0.0553410 0.2558540 0.1085580
vn 0.0000000 0.0000000 0.0000000
v -0.0557000 0.2561400 0.1092000
vn 0.0000000 0.0000000 0.0000000
v -0.0723100 0.2530900 0.0770960
vn 0.0000000 0.0000000 0.0000000
v -0.0713570 0.2530900 0.0771040
vn 0.0000000 0.0000000 0.0000000
v -0.0713570 0.2551400 0.0771040
vn 0.0000000 0.0000000 0.0000000
v -0.0557000 0.2561400 0.1106460
vn 0.0000000 0.0000000 0.0000000
v -0.0557000 0.2561400 0.1092000
vn 0.0000000 0.0000000 0.0000000
v -0.0557000 0.2561400 0.1106460
vn 0.0000000 0.0000000 0.0000000
v -0.0553410 0.2558540 0.1085580
vn 0.0000000 0.0000000 0.0000000
v -0.0557000 0.2561400 0.1092000
vn 0.0000000 0.0000000 0.0000000
v -0.0557000 0.2561400 0.1106460
vn 0.0000000 0.0000000 0.0000000
v -0.0635640 0.2561400 0.0999920
vn 0.0000000 0.0000000 0.0000000
v -0.0723100 0.2551400 0.0770960
vn 0.0000000 0.0000000 0.0000000
v -0.0723070 0.2558470 0.0768030
vn 0.0000000 0.0000000 0.0000000
v -0.0557000 0.2561400 0.1106460
vn 0.0000000 0.0000000 0.0000000
v -0.0680540 0.2561400 0.0882929
vn 0.0000000 0.0000000 0.0000000
v -0.0693660 0.2561400 0.0780640
vn 0.0000000 0.0000000 0.0000000
v -0.0693660 0.2561400 0.0780640
vn 0.0000000 0.0000000 0.0000000
v -0.0699560 0.2561400 0.0766850
vn 0.0000000 0.0000000 0.0000000
v -0.0713490 0.2561400 0.0761040
vn 0.0000000 0.0000000 0.0000000
v -0.0723070 0.2558470 0.0768030
vn 0.0000000 0.0000000 0.0000000
v -0.0713490 0.2561400 0.0761040
vn 0.0000000 0.0000000 0.0000000
v -0.0723020 0.2561400 0.0760960
vn 0.0000000 0.0000000 0.0000000
v -0.0713550 0.2558470 0.0768109
vn 0.0000000 0.0000000 0.0000000
v -0.0737370 0.2561400 0.0766860
vn 0.0000000 0.0000000 0.0000000
v -0.0723020 0.2561400 0.0760960
vn 0.0000000 0.0000000 0.0000000
v -0.0737370 0.2561400 0.0766860
vn 0.0000000 0.0000000 0.0000000
v -0.0743180 0.2561400 0.0781360
vn 0.0000000 0.0000000 0.0000000
v -0.0743180 0.2561400 0.0781360
vn 0.0000000 0.0000000 0.0000000
v -0.0735210 0.2561400 0.0909770
vn 0.0000000 0.0000000 0.0000000
v -0.0732580 0.2561400 0.0876779
vn 0.0000000 0.0000000 0.0000000
v -0.0743180 0.2561400 0.0781360
vn 0.0000000 0.0000000 0.0000000
v -0.0732580 0.2561400 0.0876779
vn 0.0000000 0.0000000 0.0000000
v -0.0701400 0.2561400 0.0977210
vn 0.0000000 0.0000000 0.0000000
v -0.0701400 0.2561400 0.0977210
vn 0.0000000 0.0000000 0.0000000
v -0.0663389 0.2561400 0.1068770
vn 0.0000000 0.0000000 0.0000000
v -0.0637930 0.2561400 0.1087820
vn 0.0000000 0.0000000 0.0000000
v -0.0637930 0.2561400 0.1087820
vn 0.0000000 0.0000000 0.0000000
v -0.0707440 0.2561400 0.0988630
vn 0.0000000 0.0000000 0.0000000
v -0.0543290 0.2561400 0.1198030
vn 0.0000000 0.0000000 0.0000000
v -0.0524890 0.2561400 0.1199240
vn 0.0000000 0.0000000 0.0000000
v -0.0524890 0.2561400 0.1199240
vn 0.0000000 0.0000000 0.0000000
v -0.0606240 0.2561400 0.1140790
vn 0.0000000 0.0000000 0.0000000
v -0.0419069 0.2561400 0.1269850
vn 0.0000000 0.0000000 0.0000000
v -0.0368330 0.2561400 0.1277300
vn 0.0000000 0.0000000 0.0000000
v -0.0368330 0.2561400 0.1277300
vn 0.0000000 0.0000000 0.0000000
v -0.0222890 0.2561400 0.1300680
vn 0.0000000 0.0000000 0.0000000
v -0.0317939 0.2561400 0.1239220
vn 0.0000000 0.0000000 0.0000000
v -0.0222520 0.2561400 0.1250610
vn 0.0000000 0.0000000 0.0000000
v -0.0317939 0.2561400 0.1239220
vn 0.0000000 0.0000000 0.0000000
v -0.0306830 0.2561400 0.1231350
vn 0.0000000 0.0000000 0.0000000
v -0.0414330 0.2561400 0.1206810
vn 0.0000000 0.0000000 0.0000000
v -0.0414330 0.2561400 0.1206810
vn 0.0000000 0.0000000 0.0000000
v -0.0508440 0.2561400 0.1137000
vn 0.0000000 0.0000000 0.0000000
v -0.0524160 0.2561400 0.1137000
vn 0.0000000 0.0000000 0.0000000
v -0.0524160 0.2561400 0.1137000
vn 0.0000000 0.0000000 0.0000000
v -0.0400690 0.2561400 0.1201950
vn 0.0000000 0.0000000 0.0000000
v -0.0524160 0.2561400 0.1137000
vn 0.0000000 0.0000000 0.0000000
v -0.0508440 0.2561400 0.1137000
vn 0.0000000 0.0000000 0.0000000
v -0.0524160 0.2561400 0.1137000
vn 0.0000000 0.0000000 0.0000000
v -0.0501960 0.2558460 0.1133120
vn 0.0000000 0.0000000 0.0000000
v -0.0508440 0.2561400 0.1137000
vn 0.0000000 0.0000000 0.0000000
v -0.0400690 0.2561400 0.1201950
vn 0.0000000 0.0000000 0.0000000
v -0.0508440 0.2559350 0.1132050
vn 0.0000000 0.0000000 0.0000000
v -0.0508440 0.2561400 0.1137000
vn 0.0000000 0.0000000 0.0000000
v -0.0501960 0.2558460 0.1133120
vn 0.0000000 0.0000000 0.0000000
v -0.0366150 0.2558470 0.1207820
vn 0.0000000 0.0000000 0.0000000
v -0.0306830 0.2561400 0.1231350
vn 0.0000000 0.0000000 0.0000000
v -0.0213310 0.2561400 0.1240690
vn 0.0000000 0.0000000 0.0000000
v -0.0213310 0.2558470 0.1233620
vn 0.0000000 0.0000000 0.0000000
v -0.0723100 0.2530900 0.0770960
vn 0.0000000 0.0000000 0.0000000
v -0.0723100 0.2551400 0.0770960
vn 0.0000000 0.0000000 0.0000000
v -0.0419069 0.2561400 0.1269850
vn 0.0000000 0.0000000 0.0000000
v -0.0723100 0.2551400 0.0770960
vn 0.0000000 0.0000000 0.0000000
v -0.0543290 0.2561400 0.1198030
vn 0.0000000 0.0000000 0.0000000
v -0.0606240 0.2561400 0.1140790
vn 0.0000000 0.0000000 0.0000000
v -0.0663389 0.2561400 0.1068770
vn 0.0000000 0.0000000 0.0000000
v -0.0707440 0.2561400 0.0988630
vn 0.0000000 0.0000000 0.0000000
v -0.0735210 0.2561400 0.0909770
vn 0.0000000 0.0000000 0.0000000
v -0.0753300 0.2561400 0.0770880
vn 0.0000000 0.0000000 0.0000000
v -0.0703760 0.2551400 0.0510000
vn 0.0000000 0.0000000 0.0000000
v -0.0706680 0.2530900 0.0517070
vn 0.0000000 0.0000000 0.0000000
v -0.0706680 0.2551400 0.0517070
vn 0.0000000 0.0000000 0.0000000
v -0.0703760 0.2551400 0.0510000
vn 0.0000000 0.0000000 0.0000000
v -0.0703760 0.2530900 0.0510000
vn 0.0000000 0.0000000 0.0000000
v -0.0360719 0.2471400 0.1206580
vn 0.0000000 0.0000000 0.0000000
v -0.0360489 0.2471400 0.1212080
vn 0.0000000 0.0000000 0.0000000
v -0.0494640 0.2471400 0.1137000
vn 0.0000000 0.0000000 0.0000000
v -0.0494640 0.2471400 0.1137000
vn 0.0000000 0.0000000 0.0000000
v -0.0360489 0.2471400 0.1212080
vn 0.0000000 0.0000000 0.0000000
v -0.0492200 0.2471400 0.1137000
vn 0.0000000 0.0000000 0.0000000
v -0.0518930 0.2469590 0.1135720
vn 0.0000000 0.0000000 0.0000000
v -0.0541620 0.2466640 0.1131260
vn 0.0000000 0.0000000 0.0000000
v -0.0494640 0.2471400 0.1137000
vn 0.0000000 0.0000000 0.0000000
v -0.0518930 0.2469590 0.1135720
vn 0.0000000 0.0000000 0.0000000
v -0.0205740 0.2471400 0.1238880
vn 0.0000000 0.0000000 0.0000000
v -0.0205740 0.2455050 0.1280050
vn 0.0000000 0.0000000 0.0000000
v -0.0213310 0.2551400 0.1230690
vn 0.0000000 0.0000000 0.0000000
v -0.0213310 0.2471400 0.1230690
vn 0.0000000 0.0000000 0.0000000
v -0.0360719 0.2471400 0.1206580
vn 0.0000000 0.0000000 0.0000000
v -0.0394970 0.2551400 0.1193520
vn 0.0000000 0.0000000 0.0000000
v -0.0492200 0.2471400 0.1137000
vn 0.0000000 0.0000000 0.0000000
v -0.0304119 0.2551400 0.1221700
vn 0.0000000 0.0000000 0.0000000
v -0.0723280 0.2551400 0.0520000
vn 0.0000000 0.0000000 0.0000000
v -0.0673760 0.2503900 0.0600000
vn 0.0000000 0.0000000 0.0000000
v -0.0673760 0.2476990 0.0771120
vn 0.0000000 0.0000000 0.0000000
v -0.0673760 0.2551400 0.0771120
vn 0.0000000 0.0000000 0.0000000
v -0.0673760 0.2537660 0.0619460
vn 0.0000000 0.0000000 0.0000000
v -0.0673760 0.2548900 0.0600000
vn 0.0000000 0.0000000 0.0000000
v -0.0703760 0.2548900 0.0600000
vn 0.0000000 0.0000000 0.0000000
v -0.0673760 0.2548900 0.0600000
vn 0.0000000 0.0000000 0.0000000
v -0.0673760 0.2537660 0.0619460
vn 0.0000000 0.0000000 0.0000000
v -0.0703760 0.2537660 0.0580540
vn 0.0000000 0.0000000 0.0000000
v -0.0673760 0.2537660 0.0580540
vn 0.0000000 0.0000000 0.0000000
v -0.0673760 0.2548900 0.0600000
vn 0.0000000 0.0000000 0.0000000
v -0.0703760 0.2548900 0.0600000
vn 0.0000000 0.0000000 0.0000000
v -0.0673760 0.2515140 0.0619460
vn 0.0000000 0.0000000 0.0000000
v -0.0703760 0.2537660 0.0619460
vn 0.0000000 0.0000000 0.0000000
v -0.0673760 0.2515140 0.0619460
vn 0.0000000 0.0000000 0.0000000
v -0.0703760 0.2515140 0.0619460
vn 0.0000000 0.0000000 0.0000000
v -0.0673760 0.2503900 0.0600000
vn 0.0000000 0.0000000 0.0000000
v -0.0703760 0.2503900 0.0600000
vn 0.0000000 0.0000000 0.0000000
v -0.0673760 0.2503900 0.0600000
vn 0.0000000 0.0000000 0.0000000
v -0.0673760 0.2515140 0.0580540
vn 0.0000000 0.0000000 0.0000000
v -0.0703760 0.2503900 0.0600000
vn 0.0000000 0.0000000 0.0000000
v -0.0703760 0.2515140 0.0580540
vn 0.0000000 0.0000000 0.0000000
v -0.0663569 0.2551400 0.0867390
vn 0.0000000 0.0000000 0.0000000
v -0.0673760 0.2476990 0.0771120
vn 0.0000000 0.0000000 0.0000000
v -0.0673760 0.2551400 0.0771120
vn 0.0000000 0.0000000 0.0000000
v -0.0673750 0.2476990 0.0774010
vn 0.0000000 0.0000000 0.0000000
v -0.0675290 0.2472580 0.0776930
vn 0.0000000 0.0000000 0.0000000
v -0.0673760 0.2476990 0.0771120
vn 0.0000000 0.0000000 0.0000000
v -0.0673750 0.2476990 0.0774010
vn 0.0000000 0.0000000 0.0000000
v -0.0675320 0.2472580 0.0771120
vn 0.0000000 0.0000000 0.0000000
v -0.0663569 0.2551400 0.0867390
vn 0.0000000 0.0000000 0.0000000
v -0.0673760 0.2551400 0.0771120
vn 0.0000000 0.0000000 0.0000000
v -0.0494640 0.2471650 0.1135130
vn 0.0000000 0.0000000 0.0000000
v -0.0494640 0.2471400 0.1137000
vn 0.0000000 0.0000000 0.0000000
v -0.0494640 0.2471650 0.1135130
vn 0.0000000 0.0000000 0.0000000
v -0.0492200 0.2471400 0.1137000
vn 0.0000000 0.0000000 0.0000000
v -0.0497180 0.2472520 0.1133170
vn 0.0000000 0.0000000 0.0000000
v -0.0497180 0.2472520 0.1133170
vn 0.0000000 0.0000000 0.0000000
v -0.0494640 0.2471650 0.1135130
vn 0.0000000 0.0000000 0.0000000
v -0.0213310 0.2551400 0.1230690
vn 0.0000000 0.0000000 0.0000000
v -0.0304119 0.2551400 0.1221700
vn 0.0000000 0.0000000 0.0000000
v -0.0394970 0.2551400 0.1193520
vn 0.0000000 0.0000000 0.0000000
v -0.0499290 0.2473990 0.1131510
vn 0.0000000 0.0000000 0.0000000
v -0.0499290 0.2551400 0.1131510
vn 0.0000000 0.0000000 0.0000000
v -0.0499290 0.2551400 0.1131510
vn 0.0000000 0.0000000 0.0000000
v -0.0499290 0.2551400 0.1131510
vn 0.0000000 0.0000000 0.0000000
v -0.0499290 0.2473990 0.1131510
vn 0.0000000 0.0000000 0.0000000
v -0.0499290 0.2551400 0.1131510
vn 0.0000000 0.0000000 0.0000000
v -0.0499290 0.2473990 0.1131510
vn 0.0000000 0.0000000 0.0000000
v -0.0665930 0.2477220 0.0855610
vn 0.0000000 0.0000000 0.0000000
v -0.0673720 0.2477000 0.0776900
vn 0.0000000 0.0000000 0.0000000
v -0.0675290 0.2472580 0.0776930
vn 0.0000000 0.0000000 0.0000000
v -0.0673720 0.2477000 0.0776900
vn 0.0000000 0.0000000 0.0000000
v -0.0665930 0.2477220 0.0855610
vn 0.0000000 0.0000000 0.0000000
v -0.0673720 0.2477000 0.0776900
vn 0.0000000 0.0000000 0.0000000
v -0.0632480 0.2477570 0.0961500
vn 0.0000000 0.0000000 0.0000000
v -0.0671520 0.2470350 0.0856669
vn 0.0000000 0.0000000 0.0000000
v -0.0632480 0.2477570 0.0961500
vn 0.0000000 0.0000000 0.0000000
v -0.0679290 0.2470150 0.0776990
vn 0.0000000 0.0000000 0.0000000
v -0.0551860 0.2551400 0.1082840
vn 0.0000000 0.0000000 0.0000000
v -0.0551860 0.2477990 0.1082840
vn 0.0000000 0.0000000 0.0000000
v -0.0637840 0.2470650 0.0963960
vn 0.0000000 0.0000000 0.0000000
v -0.0551860 0.2477990 0.1082840
vn 0.0000000 0.0000000 0.0000000
v -0.0624420 0.2551400 0.0978290
vn 0.0000000 0.0000000 0.0000000
v -0.0551860 0.2477990 0.1082840
vn 0.0000000 0.0000000 0.0000000
v -0.0551860 0.2551400 0.1082840
vn 0.0000000 0.0000000 0.0000000
v -0.0553160 0.2473320 0.1084070
vn 0.0000000 0.0000000 0.0000000
v -0.0551860 0.2477990 0.1082840
vn 0.0000000 0.0000000 0.0000000
v -0.0553160 0.2473320 0.1084070
vn 0.0000000 0.0000000 0.0000000
v -0.0551860 0.2551400 0.1082840
vn 0.0000000 0.0000000 0.0000000
v -0.0624420 0.2551400 0.0978290
vn 0.0000000 0.0000000 0.0000000
v -0.0550480 0.2551400 0.1085040
vn 0.0000000 0.0000000 0.0000000
v -0.0551860 0.2551400 0.1082840
vn 0.0000000 0.0000000 0.0000000
v -0.0703760 0.2485400 0.0560000
vn 0.0000000 0.0000000 0.0000000
v -0.0733760 0.2485400 0.0560000
vn 0.0000000 0.0000000 0.0000000
v -0.0733760 0.2485400 0.0640000
vn 0.0000000 0.0000000 0.0000000
v -0.0703760 0.2485400 0.0640000
vn 0.0000000 0.0000000 0.0000000
v -0.0703760 0.2503900 0.0600000
vn 0.0000000 0.0000000 0.0000000
v -0.0703760 0.2515140 0.0619460
vn 0.0000000 0.0000000 0.0000000
v -0.0730350 0.2530900 0.0517070
vn 0.0000000 0.0000000 0.0000000
v -0.0723280 0.2551400 0.0520000
vn 0.0000000 0.0000000 0.0000000
v -0.0723280 0.2530900 0.0520000
vn 0.0000000 0.0000000 0.0000000
v -0.0671520 0.2470350 0.0856669
vn 0.0000000 0.0000000 0.0000000
v -0.0710350 0.2452980 0.0777000
vn 0.0000000 0.0000000 0.0000000
v -0.0679290 0.2470150 0.0776990
vn 0.0000000 0.0000000 0.0000000
v -0.0679320 0.2470140 0.0774050
vn 0.0000000 0.0000000 0.0000000
v -0.0679290 0.2470150 0.0776990
vn 0.0000000 0.0000000 0.0000000
v -0.0710350 0.2452980 0.0777000
vn 0.0000000 0.0000000 0.0000000
v -0.0679290 0.2470150 0.0776990
vn 0.0000000 0.0000000 0.0000000
v -0.0679320 0.2470140 0.0774050
vn 0.0000000 0.0000000 0.0000000
v -0.0679330 0.2470140 0.0771120
vn 0.0000000 0.0000000 0.0000000
v -0.0554650 0.2464340 0.1120690
vn 0.0000000 0.0000000 0.0000000
v -0.0555470 0.2468640 0.1105040
vn 0.0000000 0.0000000 0.0000000
v -0.0556419 0.2471030 0.1087080
vn 0.0000000 0.0000000 0.0000000
v -0.0637840 0.2470650 0.0963960
vn 0.0000000 0.0000000 0.0000000
v -0.0540730 0.2464230 0.1134580
vn 0.0000000 0.0000000 0.0000000
v -0.0550030 0.2462210 0.1130490
vn 0.0000000 0.0000000 0.0000000
v -0.0540730 0.2464230 0.1134580
vn 0.0000000 0.0000000 0.0000000
v -0.0541620 0.2466640 0.1131260
vn 0.0000000 0.0000000 0.0000000
v -0.0540730 0.2464230 0.1134580
vn 0.0000000 0.0000000 0.0000000
v -0.0550030 0.2462210 0.1130490
vn 0.0000000 0.0000000 0.0000000
v -0.0554650 0.2464340 0.1120690
vn 0.0000000 0.0000000 0.0000000
v -0.0543000 0.2470400 0.1130000
vn 0.0000000 0.0000000 0.0000000
v -0.0554650 0.2464340 0.1120690
vn 0.0000000 0.0000000 0.0000000
v -0.0555470 0.2468640 0.1105040
vn 0.0000000 0.0000000 0.0000000
v -0.0556419 0.2471030 0.1087080
vn 0.0000000 0.0000000 0.0000000
v -0.0556419 0.2471030 0.1087080
vn 0.0000000 0.0000000 0.0000000
v -0.0556419 0.2471030 0.1087080
vn 0.0000000 0.0000000 0.0000000
v -0.0679330 0.2470140 0.0771120
vn 0.0000000 0.0000000 0.0000000
v -0.0713750 0.2530900 0.0520000
vn 0.0000000 0.0000000 0.0000000
v -0.0723280 0.2530900 0.0520000
vn 0.0000000 0.0000000 0.0000000
v -0.0723280 0.2551400 0.0520000
vn 0.0000000 0.0000000 0.0000000
v -0.0713750 0.2551400 0.0520000
vn 0.0000000 0.0000000 0.0000000
v -0.0713750 0.2551400 0.0520000
vn 0.0000000 0.0000000 0.0000000
v -0.0713750 0.2530900 0.0520000
vn 0.0000000 0.0000000 0.0000000
v -0.0713750 0.2551400 0.0520000
vn 0.0000000 0.0000000 0.0000000
v -0.0723280 0.2551400 0.0520000
vn 0.0000000 0.0000000 0.0000000
v -0.0508440 0.2554400 0.1130000
vn 0.0000000 0.0000000 0.0000000
v -0.0723100 0.2551400 0.0770960
vn 0.0000000 0.0000000 0.0000000
v -0.0549999 0.2551400 0.1087590
vn 0.0000000 0.0000000 0.0000000
v -0.0730350 0.2551400 0.0517070
vn 0.0000000 0.0000000 0.0000000
v -0.0713750 0.2551400 0.0520000
vn 0.0000000 0.0000000 0.0000000
v -0.0713570 0.2530900 0.0771040
vn 0.0000000 0.0000000 0.0000000
v -0.0713570 0.2551400 0.0771040
vn 0.0000000 0.0000000 0.0000000
v -0.0533350 0.2530900 0.1142310
vn 0.0000000 0.0000000 0.0000000
v -0.0733280 0.2551400 0.0510000
vn 0.0000000 0.0000000 0.0000000
v -0.0733280 0.2530900 0.0510000
vn 0.0000000 0.0000000 0.0000000
v -0.0733280 0.2551400 0.0510000
vn 0.0000000 0.0000000 0.0000000
v -0.0731280 0.2528900 0.0510000
vn 0.0000000 0.0000000 0.0000000
v -0.0705760 0.2528900 0.0510000
vn 0.0000000 0.0000000 0.0000000
v -0.0728950 0.2528900 0.0515620
vn 0.0000000 0.0000000 0.0000000
v -0.0708130 0.2528900 0.0515670
vn 0.0000000 0.0000000 0.0000000
v -0.0703760 0.2530900 0.0510000
vn 0.0000000 0.0000000 0.0000000
v -0.0705760 0.2528900 0.0510000
vn 0.0000000 0.0000000 0.0000000
v -0.0708130 0.2528900 0.0515670
vn 0.0000000 0.0000000 0.0000000
v -0.0723280 0.2528900 0.0517999
vn 0.0000000 0.0000000 0.0000000
v -0.0713750 0.2528900 0.0517999
vn 0.0000000 0.0000000 0.0000000
v -0.0706680 0.2530900 0.0517070
vn 0.0000000 0.0000000 0.0000000
v -0.0713750 0.2528900 0.0517999
vn 0.0000000 0.0000000 0.0000000
v -0.0723280 0.2530900 0.0520000
vn 0.0000000 0.0000000 0.0000000
v -0.0713750 0.2528900 0.0517999
vn 0.0000000 0.0000000 0.0000000
v -0.0723280 0.2528900 0.0517999
vn 0.0000000 0.0000000 0.0000000
v -0.0713750 0.2530900 0.0520000
vn 0.0000000 0.0000000 0.0000000
v -0.0713750 0.2530900 0.0520000
vn 0.0000000 0.0000000 0.0000000
v -0.0723280 0.2530900 0.0520000
vn 0.0000000 0.0000000 0.0000000
v -0.0723280 0.2528900 0.0517999
vn 0.0000000 0.0000000 0.0000000
v -0.0728950 0.2528900 0.0515620
vn 0.0000000 0.0000000 0.0000000
v -0.0730350 0.2530900 0.0517070
vn 0.0000000 0.0000000 0.0000000
v -0.0731280 0.2528900 0.0510000
vn 0.0000000 0.0000000 0.0000000
v -0.0733280 0.2530900 0.0510000
vn 0.0000000 0.0000000 0.0000000
v -0.0569960 0.2528900 0.1146170
vn 0.0000000 0.0000000 0.0000000
v -0.0422079 0.2528900 0.1216450
vn 0.0000000 0.0000000 0.0000000
v -0.0542620 0.2528900 0.1136890
vn 0.0000000 0.0000000 0.0000000
v -0.0536309 0.2529430 0.1140590
vn 0.0000000 0.0000000 0.0000000
v -0.0542620 0.2528900 0.1136890
vn 0.0000000 0.0000000 0.0000000
v -0.0422079 0.2528900 0.1216450
vn 0.0000000 0.0000000 0.0000000
v -0.0546270 0.2528900 0.1134030
vn 0.0000000 0.0000000 0.0000000
v -0.0546270 0.2528900 0.1134030
vn 0.0000000 0.0000000 0.0000000
v -0.0542620 0.2528900 0.1136890
vn 0.0000000 0.0000000 0.0000000
v -0.0536309 0.2529430 0.1140590
vn 0.0000000 0.0000000 0.0000000
v -0.0542620 0.2528900 0.1136890
vn 0.0000000 0.0000000 0.0000000
v -0.0423419 0.2528900 0.1244010
vn 0.0000000 0.0000000 0.0000000
v -0.0316480 0.2528900 0.1251820
vn 0.0000000 0.0000000 0.0000000
v -0.0416220 0.2530900 0.1216940
vn 0.0000000 0.0000000 0.0000000
v -0.0316480 0.2528900 0.1251820
vn 0.0000000 0.0000000 0.0000000
v -0.0533350 0.2530900 0.1142310
vn 0.0000000 0.0000000 0.0000000
v -0.0307140 0.2528900 0.1280050
vn 0.0000000 0.0000000 0.0000000
v -0.0222750 0.2528900 0.1262600
vn 0.0000000 0.0000000 0.0000000
v -0.0314000 0.2530900 0.1250300
vn 0.0000000 0.0000000 0.0000000
v -0.0222750 0.2528900 0.1262600
vn 0.0000000 0.0000000 0.0000000
v -0.0217300 0.2528900 0.1264910
vn 0.0000000 0.0000000 0.0000000
v -0.0222710 0.2530900 0.1260600
vn 0.0000000 0.0000000 0.0000000
v -0.0214910 0.2528900 0.1270270
vn 0.0000000 0.0000000 0.0000000
v -0.0222680 0.2530900 0.1290680
vn 0.0000000 0.0000000 0.0000000
v -0.0222640 0.2528900 0.1288680
vn 0.0000000 0.0000000 0.0000000
v -0.0307140 0.2528900 0.1280050
vn 0.0000000 0.0000000 0.0000000
v -0.0391710 0.2530900 0.1258970
vn 0.0000000 0.0000000 0.0000000
v -0.0423419 0.2528900 0.1244010
vn 0.0000000 0.0000000 0.0000000
v -0.0295430 0.2530900 0.1284100
vn 0.0000000 0.0000000 0.0000000
v -0.0513330 0.2530900 0.1195260
vn 0.0000000 0.0000000 0.0000000
v -0.0569960 0.2528900 0.1146170
vn 0.0000000 0.0000000 0.0000000
v -0.0556910 0.2528900 0.1123490
vn 0.0000000 0.0000000 0.0000000
v -0.0674090 0.2528900 0.1007360
vn 0.0000000 0.0000000 0.0000000
v -0.0635410 0.2530900 0.1074340
vn 0.0000000 0.0000000 0.0000000
v -0.0674090 0.2528900 0.1007360
vn 0.0000000 0.0000000 0.0000000
v -0.0553760 0.2528900 0.1127520
vn 0.0000000 0.0000000 0.0000000
v -0.0550040 0.2528900 0.1130050
vn 0.0000000 0.0000000 0.0000000
v -0.0652710 0.2528900 0.0993300
vn 0.0000000 0.0000000 0.0000000
v -0.0714010 0.2528900 0.0903480
vn 0.0000000 0.0000000 0.0000000
v -0.0695680 0.2530900 0.0964920
vn 0.0000000 0.0000000 0.0000000
v -0.0714010 0.2528900 0.0903480
vn 0.0000000 0.0000000 0.0000000
v -0.0692950 0.2528900 0.0882640
vn 0.0000000 0.0000000 0.0000000
v -0.0727760 0.2528900 0.0831200
vn 0.0000000 0.0000000 0.0000000
v -0.0720990 0.2530900 0.0883230
vn 0.0000000 0.0000000 0.0000000
v -0.0727760 0.2528900 0.0831200
vn 0.0000000 0.0000000 0.0000000
v -0.0705660 0.2528900 0.0780880
vn 0.0000000 0.0000000 0.0000000
v -0.0731180 0.2528900 0.0781120
vn 0.0000000 0.0000000 0.0000000
v -0.0730539 0.2530900 0.0824140
vn 0.0000000 0.0000000 0.0000000
v -0.0731180 0.2528900 0.0781120
vn 0.0000000 0.0000000 0.0000000
v -0.0708020 0.2528900 0.0775379
vn 0.0000000 0.0000000 0.0000000
v -0.0728840 0.2528900 0.0775330
vn 0.0000000 0.0000000 0.0000000
v -0.0733180 0.2530900 0.0781160
vn 0.0000000 0.0000000 0.0000000
v -0.0731180 0.2528900 0.0781120
vn 0.0000000 0.0000000 0.0000000
v -0.0728840 0.2528900 0.0775330
vn 0.0000000 0.0000000 0.0000000
v -0.0733180 0.2530900 0.0781160
vn 0.0000000 0.0000000 0.0000000
v -0.0713590 0.2528900 0.0773040
vn 0.0000000 0.0000000 0.0000000
v -0.0723120 0.2528900 0.0772960
vn 0.0000000 0.0000000 0.0000000
v -0.0730290 0.2530900 0.0773930
vn 0.0000000 0.0000000 0.0000000
v -0.0723120 0.2528900 0.0772960
vn 0.0000000 0.0000000 0.0000000
v -0.0713570 0.2530900 0.0771040
vn 0.0000000 0.0000000 0.0000000
v -0.0723120 0.2528900 0.0772960
vn 0.0000000 0.0000000 0.0000000
v -0.0713590 0.2528900 0.0773040
vn 0.0000000 0.0000000 0.0000000
v -0.0723100 0.2530900 0.0770960
vn 0.0000000 0.0000000 0.0000000
v -0.0723100 0.2530900 0.0770960
vn 0.0000000 0.0000000 0.0000000
v -0.0713570 0.2530900 0.0771040
vn 0.0000000 0.0000000 0.0000000
v -0.0713590 0.2528900 0.0773040
vn 0.0000000 0.0000000 0.0000000
v -0.0708020 0.2528900 0.0775379
vn 0.0000000 0.0000000 0.0000000
v -0.0706630 0.2530900 0.0773930
vn 0.0000000 0.0000000 0.0000000
v -0.0705660 0.2528900 0.0780880
vn 0.0000000 0.0000000 0.0000000
v -0.0703660 0.2530900 0.0780840
vn 0.0000000 0.0000000 0.0000000
v -0.0705660 0.2528900 0.0780880
vn 0.0000000 0.0000000 0.0000000
v -0.0692950 0.2528900 0.0882640
vn 0.0000000 0.0000000 0.0000000
v -0.0703660 0.2530900 0.0780840
vn 0.0000000 0.0000000 0.0000000
v -0.0652929 0.2530900 0.0988360
vn 0.0000000 0.0000000 0.0000000
v -0.0652710 0.2528900 0.0993300
vn 0.0000000 0.0000000 0.0000000
v -0.0691370 0.2530900 0.0880560
vn 0.0000000 0.0000000 0.0000000
v -0.0703660 0.2551400 0.0780840
vn 0.0000000 0.0000000 0.0000000
v -0.0560270 0.2529400 0.1118310
vn 0.0000000 0.0000000 0.0000000
v -0.0556910 0.2528900 0.1123490
vn 0.0000000 0.0000000 0.0000000
v -0.0561970 0.2530900 0.1115660
vn 0.0000000 0.0000000 0.0000000
v -0.0552090 0.2526890 0.1123120
vn 0.0000000 0.0000000 0.0000000
v -0.0556910 0.2528900 0.1123490
vn 0.0000000 0.0000000 0.0000000
v -0.0553760 0.2528900 0.1127520
vn 0.0000000 0.0000000 0.0000000
v -0.0556910 0.2528900 0.1123490
vn 0.0000000 0.0000000 0.0000000
v -0.0549999 0.2521930 0.1123000
vn 0.0000000 0.0000000 0.0000000
v -0.0550040 0.2528900 0.1130050
vn 0.9975641 0.0697551 0.0000000
v 0.0915170 0.4130440 -0.0975000
vn 0.9975641 0.0697557 -0.0000013
v 0.1003760 0.2863530 0.0975000
vn 0.9975641 0.0697552 -0.0000004
v 0.0909590 0.4210240 0.1015000
vn 0.9975641 0.0697554 -0.0000007
v 0.0915170 0.4130440 0.0975000
vn 0.9975641 0.0697557 0.0000000
v 0.0914180 0.4130370 0.0975000
vn 0.9975641 0.0697557 0.0000000
v 0.1002770 0.2863460 0.0975000
vn 0.9975641 0.0697557 0.0000000
v 0.1002770 0.2863460 -0.0975000
vn 0.9975641 0.0697557 0.0000000
v 0.0914180 0.4130370 -0.0975000
# 6906 vertices, 0 vertices normals


usemtl material_0
vt 0.0000000 0.0000000
f 1/1/1 2/1/2 3/1/3
f 4/1/4 5/1/5 6/1/6
f 4/1/4 6/1/6 7/1/7
f 8/1/8 9/1/9 10/1/10
f 11/1/11 1/1/1 3/1/3
f 12/1/12 13/1/13 14/1/14
f 8/1/8 10/1/10 15/1/15
f 12/1/12 14/1/14 16/1/16
f 6901/1/6901 6902/1/6902 6899/1/6899
f 6901/1/6901 6900/1/6900 6902/1/6902
vt -0.0114180 0.9964300
vt -0.0114419 0.0026849
vt 1.0084300 0.0008400
f 6903/2/6903 6904/3/6904 6905/4/6905
vt 1.0144399 1.0071000
f 6906/5/6906 6903/2/6903 6905/4/6905
# 12 faces, 5 coords texture

# End of File
